sku_num,sku_pos,sku_erp,product_name,pos_erp_link_source,store_id,channel,units_net,revenue_mxn,cost_mxn,margin_mxn,margin_pct,margin_mxn_if_price_includes_iva,sale_lines_below_cost,sale_lines
55,CN-00055,ERP-PROV-MX-055-C,Termo Mercancia,explicito,T022,fisico,48.0,30322.96,13978.35,16344.61,53.9,12162.13,0,35
38,CN-00038,ERP-PROV-MX-038-A,Selección Cafe Grano,explicito,T004,fisico,57.0,19187.44,13475.36,5712.08,29.77,3065.54,0,31
10,CN-00010,ERP-PROV-MX-010-D,Descafeinado Cafe Grano,explicito,T030,fisico,36.0,12798.87,6383.96,6414.91,50.12,4649.55,0,33
35,CN-00035,ERP-PROV-MX-035-A,Sándwich Comida Caliente,explicito,T026,fisico,39.0,5434.9,3637.11,1797.79,33.08,1048.15,0,25
36,CN-00036,ERP-PROV-MX-036-A,Gourmet Cafe Grano,inferido,T026,fisico,34.0,10672.27,6417.47,4254.8,39.87,2782.76,0,29
60,CN-00060,ERP-PROV-MX-060-A,Espresso Cafe Grano,explicito,T004,fisico,49.0,9624.23,6212.41,3411.82,35.45,2084.34,0,31
1,CN-00001,ERP-PROV-MX-001-A,Sándwich Comida Caliente,inferido,T017,fisico,59.0,4401.95,4964.65,-562.7,-12.78,-1169.87,35,35
23,CN-00023,ERP-PROV-MX-023-B,Ensalada Comida Caliente,explicito,T038,fisico,44.0,6835.04,3485.94,3349.1,49.0,2406.34,0,30
63,CN-00063,ERP-PROV-MX-063-C,Gourmet Cafe Molido,explicito,T032,fisico,54.0,4538.99,2910.58,1628.41,35.88,1002.34,0,34
35,CN-00035,ERP-PROV-MX-035-A,Sándwich Comida Caliente,explicito,T009,fisico,28.0,3939.53,2677.79,1261.74,32.03,718.36,0,24
22,CN-00022,ERP-PROV-MX-022-A,Ensalada Comida Caliente,explicito,T032,fisico,33.0,5597.47,3172.15,2425.32,43.33,1653.26,0,27
29,CN-00029,ERP-PROV-MX-029-C,Termo Mercancia,explicito,T037,fisico,57.0,35169.32,17401.83,17767.49,50.52,12916.55,0,34
44,CN-00044,ERP-PROV-MX-044-A,Filtros Mercancia,explicito,T006,fisico,33.0,8193.29,5607.57,2585.72,31.56,1455.61,0,28
31,CN-00031,ERP-PROV-MX-031-A,Termo Mercancia,inferido,T037,fisico,55.0,29532.68,12940.9,16591.78,56.18,12518.31,0,31
29,CN-00029,ERP-PROV-MX-029-C,Termo Mercancia,explicito,T014,fisico,46.0,28679.65,14393.48,14286.17,49.81,10330.36,0,25
42,CN-00042,ERP-PROV-MX-042-A,Quiche Comida Caliente,explicito,T018,fisico,64.0,5605.82,2545.96,3059.86,54.58,2286.64,0,37
25,CN-00025,ERP-PROV-MX-025-C,Latte Bebidas,explicito,T020,fisico,49.0,2417.12,774.45,1642.67,67.96,1309.27,0,28
64,CN-00064,ERP-PROV-MX-064-C,Frappé Bebidas,explicito,T036,fisico,40.0,3396.8,1228.45,2168.35,63.84,1699.83,0,28
1,CN-00001,ERP-PROV-MX-001-A,Sándwich Comida Caliente,inferido,T016,fisico,47.0,3504.41,3956.65,-452.24,-12.9,-935.61,36,36
35,CN-00035,ERP-PROV-MX-035-A,Sándwich Comida Caliente,explicito,T030,fisico,65.0,9065.04,6116.14,2948.9,32.53,1698.55,0,41
22,CN-00022,ERP-PROV-MX-022-A,Ensalada Comida Caliente,explicito,T027,fisico,35.0,5899.6,3370.17,2529.43,42.87,1715.69,0,24
24,CN-00024,ERP-PROV-MX-024-A,Americano Cafe Molido,explicito,T029,fisico,33.0,10727.5,7001.45,3726.05,34.73,2246.39,0,25
29,CN-00029,ERP-PROV-MX-029-C,Termo Mercancia,explicito,T029,fisico,35.0,21649.45,10734.36,10915.09,50.42,7928.96,0,29
25,CN-00025,ERP-PROV-MX-025-C,Latte Bebidas,explicito,T019,fisico,31.0,1509.03,490.19,1018.84,67.52,810.7,0,27
27,CN-00027,ERP-PROV-MX-027-B,Latte Bebidas,explicito,T006,fisico,32.0,2884.55,1022.56,1861.99,64.55,1464.12,0,22
63,CN-00063,ERP-PROV-MX-063-C,Gourmet Cafe Molido,explicito,T014,fisico,53.0,4519.62,2851.84,1667.78,36.9,1044.38,0,33
63,CN-00063,ERP-PROV-MX-063-C,Gourmet Cafe Molido,explicito,T012,fisico,46.0,3931.96,2475.66,1456.3,37.04,913.96,0,31
42,CN-00042,ERP-PROV-MX-042-A,Quiche Comida Caliente,explicito,T010,fisico,57.0,4991.24,2264.46,2726.78,54.63,2038.33,0,33
64,CN-00064,ERP-PROV-MX-064-C,Frappé Bebidas,explicito,T032,fisico,44.0,3752.13,1348.12,2404.01,64.07,1886.47,0,36
45,CN-00045,ERP-PROV-MX-045-D,Especial Cafe Grano,explicito,T022,fisico,44.0,4312.76,2872.23,1440.53,33.4,845.67,0,24
48,CN-00048,ERP-PROV-MX-048-C,Bolillo Panaderia,explicito,T028,fisico,43.0,1069.83,405.12,664.71,62.13,517.15,0,29
22,CN-00022,ERP-PROV-MX-022-A,Ensalada Comida Caliente,explicito,T022,fisico,29.0,4997.23,2788.3,2208.93,44.2,1519.66,0,19
35,CN-00035,ERP-PROV-MX-035-A,Sándwich Comida Caliente,explicito,T033,fisico,37.0,5162.94,3508.31,1654.63,32.05,942.5,0,26
3,CN-00003,ERP-PROV-MX-003-D,Filtros Mercancia,explicito,T028,fisico,53.0,8611.83,4015.01,4596.82,53.38,3408.98,0,29
64,CN-00064,ERP-PROV-MX-064-C,Frappé Bebidas,explicito,T027,fisico,47.0,3968.32,1450.85,2517.47,63.44,1970.12,0,31
64,CN-00064,ERP-PROV-MX-064-C,Frappé Bebidas,explicito,T033,fisico,40.0,3362.95,1218.75,2144.2,63.76,1680.34,0,28
25,CN-00025,ERP-PROV-MX-025-C,Latte Bebidas,explicito,T022,fisico,29.0,1424.63,462.17,962.46,67.56,765.96,0,20
29,CN-00029,ERP-PROV-MX-029-C,Termo Mercancia,explicito,T019,fisico,42.0,26142.66,12944.87,13197.79,50.48,9591.91,0,32
38,CN-00038,ERP-PROV-MX-038-A,Selección Cafe Grano,explicito,T031,fisico,53.0,17901.88,12350.56,5551.32,31.01,3082.1,0,38
64,CN-00064,ERP-PROV-MX-064-C,Frappé Bebidas,explicito,T006,fisico,51.0,4308.91,1572.35,2736.56,63.51,2142.23,0,33
21,CN-00021,ERP-PROV-MX-021-A,Concha Panaderia,inferido,T035,fisico,49.0,1270.16,557.44,712.72,56.11,537.53,0,33
8,CN-00008,ERP-PROV-MX-008-C,Empanada Panaderia,explicito,T039,fisico,50.0,1939.81,1048.89,890.92,45.93,623.36,0,34
65,CN-00065,ERP-PROV-MX-065-D,Estándar Cafe Molido,explicito,T026,fisico,41.0,8292.17,4206.37,4085.8,49.27,2942.05,0,29
65,CN-00065,ERP-PROV-MX-065-D,Estándar Cafe Molido,explicito,T009,fisico,44.0,8864.74,4516.14,4348.6,49.06,3125.88,0,39
32,CN-00032,ERP-PROV-MX-032-D,Americano Cafe Grano,explicito,T017,fisico,25.0,2508.76,1209.3,1299.46,51.8,953.42,0,23
68,CN-00068,ERP-PROV-MX-068-C,Croissant Panaderia,explicito,T008,fisico,36.0,1414.6,558.86,855.74,60.49,660.62,0,27
47,CN-00047,ERP-PROV-MX-047-B,Filtros Mercancia,explicito,T018,fisico,46.0,22901.67,14630.18,8271.49,36.12,5112.64,0,34
56,CN-00056,ERP-PROV-MX-056-C,Empanada Panaderia,explicito,T036,fisico,40.0,659.1,317.15,341.95,51.88,251.04,0,23
7,CN-00007,ERP-PROV-MX-007-D,Selección Cafe Grano,explicito,T025,fisico,36.0,9135.3,7198.64,1936.66,21.2,676.62,0,28
68,CN-00068,ERP-PROV-MX-068-C,Croissant Panaderia,explicito,T036,fisico,52.0,2044.84,798.04,1246.8,60.97,964.75,0,33
9,CN-00009,ERP-PROV-MX-009-B,Termo Mercancia,explicito,T004,fisico,53.0,32853.95,14112.48,18741.47,57.04,14209.89,0,32
47,CN-00047,ERP-PROV-MX-047-B,Filtros Mercancia,explicito,T034,fisico,44.0,21718.98,14070.79,7648.19,35.21,4652.47,0,30
17,CN-00017,ERP-PROV-MX-017-B,Quiche Comida Caliente,explicito,T025,fisico,30.0,4769.9,2400.02,2369.88,49.68,1711.96,0,22
56,CN-00056,ERP-PROV-MX-056-C,Empanada Panaderia,explicito,T020,fisico,47.0,766.13,368.71,397.42,51.87,291.75,0,31
20,CN-00020,ERP-PROV-MX-020-C,Taza Mercancia,explicito,T019,fisico,71.0,42765.15,17942.55,24822.6,58.04,18923.96,0,41
52,CN-00052,ERP-PROV-MX-052-C,Americano Cafe Molido,explicito,T026,fisico,29.0,4892.79,3298.67,1594.12,32.58,919.25,0,23
32,CN-00032,ERP-PROV-MX-032-D,Americano Cafe Grano,explicito,T035,fisico,48.0,4794.79,2318.17,2476.62,51.65,1815.27,0,35
70,CN-00070,ERP-PROV-MX-070-D,Molinillo Mercancia,explicito,T040,fisico,43.0,16090.24,10389.84,5700.4,35.43,3481.06,0,30
32,CN-00032,ERP-PROV-MX-032-D,Americano Cafe Grano,explicito,T019,fisico,54.0,5424.52,2571.17,2853.35,52.6,2105.14,0,31
34,CN-00034,ERP-PROV-MX-034-D,Estándar Cafe Molido,explicito,T004,fisico,61.0,6624.61,3923.51,2701.1,40.77,1787.36,0,33
53,CN-00053,ERP-PROV-MX-053-A,Sándwich Comida Caliente,explicito,T023,fisico,67.0,9422.81,5251.28,4171.53,44.27,2871.83,0,38
59,CN-00059,ERP-PROV-MX-059-B,Orgánico Cafe Grano,explicito,T002,fisico,39.0,9958.22,7026.78,2931.44,29.44,1557.89,0,27
41,CN-00041,ERP-PROV-MX-041-D,Gourmet Cafe Molido,inferido,T003,fisico,37.0,2892.18,1641.83,1250.35,43.23,851.43,0,26
5,CN-00005,ERP-PROV-MX-005-C,Croissant Panaderia,explicito,T037,fisico,43.0,874.64,551.3,323.34,36.97,202.7,0,29
62,CN-00062,ERP-PROV-MX-062-B,Wrap Comida Caliente,explicito,T027,fisico,55.0,8948.62,4171.64,4776.98,53.38,3542.69,0,35
13,CN-00013,ERP-PROV-MX-013-B,Selección Cafe Molido,explicito,T010,fisico,34.0,6814.72,4690.94,2123.78,31.16,1183.82,0,26
37,CN-00037,ERP-PROV-MX-037-C,Tradicional Cafe Molido,explicito,T020,fisico,55.0,12438.54,6704.57,5733.97,46.1,4018.31,0,34
12,CN-00012,ERP-PROV-MX-012-B,Sándwich Comida Caliente,explicito,T003,fisico,42.0,5621.93,2350.82,3271.11,58.18,2495.67,0,29
30,CN-00030,ERP-PROV-MX-030-C,Molinillo Mercancia,explicito,T030,fisico,38.0,8684.49,4217.03,4467.46,51.44,3269.6,0,28
67,CN-00067,ERP-PROV-MX-067-C,Premium Cafe Molido,explicito,T023,fisico,64.0,18632.39,10408.65,8223.74,44.14,5653.76,0,29
5,CN-00005,ERP-PROV-MX-005-C,Croissant Panaderia,explicito,T012,fisico,31.0,634.69,401.87,232.82,36.68,145.28,0,26
33,CN-00033,ERP-PROV-MX-033-D,Especial Cafe Molido,explicito,T023,fisico,54.0,14264.94,8515.75,5749.19,40.3,3781.61,0,34
46,CN-00046,ERP-PROV-MX-046-A,Termo Mercancia,inferido,T031,fisico,44.0,23496.62,10305.67,13190.95,56.14,9950.04,0,37
43,CN-00043,ERP-PROV-MX-043-A,Filtros Mercancia,explicito,T032,fisico,51.0,9451.1,4489.25,4961.85,52.5,3658.25,0,31
49,CN-00049,ERP-PROV-MX-049-A,Mocha Bebidas,explicito,T003,fisico,69.0,6043.01,2335.7,3707.31,61.35,2873.79,0,38
33,CN-00033,ERP-PROV-MX-033-D,Especial Cafe Molido,explicito,T007,fisico,39.0,10294.88,6157.39,4137.49,40.19,2717.51,0,29
51,CN-00051,ERP-PROV-MX-051-C,Termo Mercancia,explicito,T018,fisico,42.0,20510.81,9838.13,10672.68,52.03,7843.6,0,25
62,CN-00062,ERP-PROV-MX-062-B,Wrap Comida Caliente,explicito,T028,fisico,70.0,11564.74,5400.22,6164.52,53.3,4569.38,0,39
67,CN-00067,ERP-PROV-MX-067-C,Premium Cafe Molido,explicito,T035,fisico,64.0,18650.68,10437.62,8213.06,44.04,5640.55,0,36
69,CN-00069,ERP-PROV-MX-069-C,Estándar Cafe Grano,explicito,T031,fisico,39.0,14196.9,7587.88,6609.02,46.55,4650.83,0,27
6,CN-00006,ERP-PROV-MX-006-C,Estándar Cafe Grano,inferido,T040,fisico,44.0,8893.18,4575.39,4317.79,48.55,3091.14,0,30
54,CN-00054,ERP-PROV-MX-054-B,Espresso Cafe Molido,explicito,T010,fisico,48.0,5417.84,2738.75,2679.09,49.45,1931.8,0,31
46,CN-00046,ERP-PROV-MX-046-A,Termo Mercancia,inferido,T038,fisico,51.0,27064.9,12066.48,14998.42,55.42,11265.33,0,32
51,CN-00051,ERP-PROV-MX-051-C,Termo Mercancia,explicito,T010,fisico,41.0,19721.05,9722.17,9998.88,50.7,7278.74,0,24
34,CN-00034,ERP-PROV-MX-034-D,Estándar Cafe Molido,explicito,T009,fisico,34.0,3696.62,2188.59,1508.03,40.79,998.15,0,24
14,CN-00014,ERP-PROV-MX-014-D,Descafeinado Cafe Grano,explicito,T033,fisico,34.0,11697.97,7188.96,4509.01,38.55,2895.5,0,26
54,CN-00054,ERP-PROV-MX-054-B,Espresso Cafe Molido,explicito,T038,fisico,30.0,3474.96,1684.64,1790.32,51.52,1311.02,0,22
2,CN-00002,ERP-PROV-MX-002-B,Sándwich Comida Caliente,explicito,T039,fisico,34.0,4514.28,5753.95,-1239.67,-27.46,-1862.33,29,29
30,CN-00030,ERP-PROV-MX-030-C,Molinillo Mercancia,explicito,T001,fisico,29.0,6549.7,3247.49,3302.21,50.42,2398.8,0,22
43,CN-00043,ERP-PROV-MX-043-A,Filtros Mercancia,explicito,T023,fisico,35.0,6481.14,3054.4,3426.74,52.87,2532.79,0,22
69,CN-00069,ERP-PROV-MX-069-C,Estándar Cafe Grano,explicito,T001,fisico,55.0,19965.87,10669.72,9296.15,46.56,6542.24,0,42
46,CN-00046,ERP-PROV-MX-046-A,Termo Mercancia,inferido,T007,fisico,42.0,22439.2,9861.63,12577.57,56.05,9482.51,0,26
54,CN-00054,ERP-PROV-MX-054-B,Espresso Cafe Molido,explicito,T016,fisico,55.0,6325.1,3178.45,3146.65,49.75,2274.22,0,27
46,CN-00046,ERP-PROV-MX-046-A,Termo Mercancia,inferido,T004,fisico,79.0,42093.15,18800.91,23292.24,55.33,17486.29,0,37
6,CN-00006,ERP-PROV-MX-006-C,Estándar Cafe Grano,inferido,T028,fisico,50.0,10031.64,5239.29,4792.35,47.77,3408.68,0,24
41,CN-00041,ERP-PROV-MX-041-D,Gourmet Cafe Molido,inferido,T033,fisico,43.0,3368.96,1905.15,1463.81,43.45,999.13,0,30
57,CN-00057,ERP-PROV-MX-057-C,Premium Cafe Grano,explicito,T040,fisico,48.0,8971.64,4441.55,4530.09,50.49,3292.62,0,33
55,CN-00055,ERP-PROV-MX-055-C,Termo Mercancia,explicito,T021,fisico,31.0,19646.1,9010.6,10635.5,54.14,7925.69,0,25
15,CN-00015,ERP-PROV-MX-015-D,Especial Cafe Molido,explicito,T029,fisico,58.0,21022.03,27587.08,-6565.05,-31.23,-9464.64,31,31
48,CN-00048,ERP-PROV-MX-048-C,Bolillo Panaderia,explicito,T002,fisico,50.0,1230.77,475.44,755.33,61.37,585.57,0,39
21,CN-00021,ERP-PROV-MX-021-A,Concha Panaderia,inferido,T019,fisico,54.0,1368.05,617.92,750.13,54.83,561.43,0,32
45,CN-00045,ERP-PROV-MX-045-D,Especial Cafe Grano,explicito,T005,fisico,55.0,5416.29,3592.11,1824.18,33.68,1077.11,0,26
42,CN-00042,ERP-PROV-MX-042-A,Quiche Comida Caliente,explicito,T003,fisico,53.0,4665.41,2099.94,2565.47,54.99,1921.97,0,40
60,CN-00060,ERP-PROV-MX-060-A,Espresso Cafe Grano,explicito,T012,fisico,54.0,10573.73,6806.27,3767.46,35.63,2309.01,0,32
38,CN-00038,ERP-PROV-MX-038-A,Selección Cafe Grano,explicito,T026,fisico,51.0,17493.19,12063.84,5429.35,31.04,3016.5,0,25
60,CN-00060,ERP-PROV-MX-060-A,Espresso Cafe Grano,explicito,T026,fisico,63.0,12385.47,7927.09,4458.38,36.0,2750.04,0,39
15,CN-00015,ERP-PROV-MX-015-D,Especial Cafe Molido,explicito,T032,fisico,58.0,21245.09,27375.6,-6130.51,-28.86,-9060.87,35,35
1,CN-00001,ERP-PROV-MX-001-A,Sándwich Comida Caliente,inferido,T008,fisico,33.0,2480.98,2780.65,-299.67,-12.08,-641.87,25,25
15,CN-00015,ERP-PROV-MX-015-D,Especial Cafe Molido,explicito,T035,fisico,49.0,17532.2,23124.66,-5592.46,-31.9,-8010.69,31,31
21,CN-00021,ERP-PROV-MX-021-A,Concha Panaderia,inferido,T009,fisico,44.0,1127.08,506.21,620.87,55.09,465.41,0,35
42,CN-00042,ERP-PROV-MX-042-A,Quiche Comida Caliente,explicito,T015,fisico,28.0,2483.78,1104.14,1379.64,55.55,1037.05,0,22
44,CN-00044,ERP-PROV-MX-044-A,Filtros Mercancia,explicito,T031,fisico,35.0,8711.91,5983.58,2728.33,31.32,1526.69,0,28
31,CN-00031,ERP-PROV-MX-031-A,Termo Mercancia,inferido,T031,fisico,46.0,25008.97,10639.04,14369.93,57.46,10920.42,0,29
1,CN-00001,ERP-PROV-MX-001-A,Sándwich Comida Caliente,inferido,T014,fisico,38.0,2837.17,3192.0,-354.83,-12.51,-746.16,28,28
3,CN-00003,ERP-PROV-MX-003-D,Filtros Mercancia,explicito,T034,fisico,31.0,4981.24,2356.12,2625.12,52.7,1938.05,0,28
16,CN-00016,ERP-PROV-MX-016-C,Quiche Comida Caliente,inferido,T034,fisico,41.0,3519.82,1777.55,1742.27,49.5,1256.78,0,25
9,CN-00009,ERP-PROV-MX-009-B,Termo Mercancia,explicito,T040,fisico,51.0,31702.28,13566.5,18135.78,57.21,13763.05,0,34
32,CN-00032,ERP-PROV-MX-032-D,Americano Cafe Grano,explicito,T024,fisico,46.0,4608.45,2218.73,2389.72,51.86,1754.07,0,30
7,CN-00007,ERP-PROV-MX-007-D,Selección Cafe Grano,explicito,T026,fisico,42.0,10670.45,8476.42,2194.03,20.56,722.24,0,28
70,CN-00070,ERP-PROV-MX-070-D,Molinillo Mercancia,explicito,T012,fisico,53.0,19765.26,12282.01,7483.25,37.86,4757.01,0,39
19,CN-00019,ERP-PROV-MX-019-D,Gourmet Cafe Molido,explicito,T039,fisico,45.0,12230.88,6608.63,5622.25,45.97,3935.23,0,38
16,CN-00016,ERP-PROV-MX-016-C,Quiche Comida Caliente,inferido,T013,fisico,31.0,2700.45,1361.71,1338.74,49.57,966.26,0,28
28,CN-00028,ERP-PROV-MX-028-D,Selección Cafe Molido,explicito,T025,fisico,55.0,21124.21,11264.06,9860.15,46.68,6946.47,0,36
11,CN-00011,ERP-PROV-MX-011-C,Bolillo Panaderia,inferido,T015,fisico,46.0,1308.61,638.96,669.65,51.17,489.15,0,33
17,CN-00017,ERP-PROV-MX-017-B,Quiche Comida Caliente,explicito,T010,fisico,42.0,6724.01,3365.35,3358.66,49.95,2431.21,0,32
54,CN-00054,ERP-PROV-MX-054-B,Espresso Cafe Molido,explicito,T031,fisico,67.0,7693.37,3864.73,3828.64,49.77,2767.49,0,36
30,CN-00030,ERP-PROV-MX-030-C,Molinillo Mercancia,explicito,T020,fisico,50.0,11344.44,5613.4,5731.04,50.52,4166.29,0,29
14,CN-00014,ERP-PROV-MX-014-D,Descafeinado Cafe Grano,explicito,T019,fisico,30.0,10400.28,6379.56,4020.72,38.66,2586.2,0,23
13,CN-00013,ERP-PROV-MX-013-B,Selección Cafe Molido,explicito,T024,fisico,69.0,13812.65,9568.19,4244.46,30.73,2339.27,0,34
51,CN-00051,ERP-PROV-MX-051-C,Termo Mercancia,explicito,T014,fisico,36.0,17435.04,8337.2,9097.84,52.18,6693.01,0,25
41,CN-00041,ERP-PROV-MX-041-D,Gourmet Cafe Molido,inferido,T024,fisico,49.0,3805.87,2178.26,1627.61,42.77,1102.66,0,41
2,CN-00002,ERP-PROV-MX-002-B,Sándwich Comida Caliente,explicito,T035,fisico,40.0,5300.31,6755.93,-1455.62,-27.46,-2186.7,31,31
59,CN-00059,ERP-PROV-MX-059-B,Orgánico Cafe Grano,explicito,T039,fisico,46.0,11681.59,8239.26,3442.33,29.47,1831.08,0,28
53,CN-00053,ERP-PROV-MX-053-A,Sándwich Comida Caliente,explicito,T037,fisico,58.0,8048.65,4645.95,3402.7,42.28,2292.54,0,43
55,CN-00055,ERP-PROV-MX-055-C,Termo Mercancia,explicito,T006,fisico,47.0,29427.29,13655.14,15772.15,53.6,11713.21,0,34
29,CN-00029,ERP-PROV-MX-029-C,Termo Mercancia,explicito,T011,fisico,40.0,24728.62,12408.0,12320.62,49.82,8909.78,0,27
18,CN-00018,ERP-PROV-MX-018-A,Tradicional Cafe Molido,explicito,T003,fisico,35.0,8336.97,4546.28,3790.69,45.47,2640.76,0,24
21,CN-00021,ERP-PROV-MX-021-A,Concha Panaderia,inferido,T034,fisico,31.0,789.38,353.95,435.43,55.16,326.55,0,24
38,CN-00038,ERP-PROV-MX-038-A,Selección Cafe Grano,explicito,T006,fisico,62.0,21104.19,14658.16,6446.03,30.54,3535.11,0,34
1,CN-00001,ERP-PROV-MX-001-A,Sándwich Comida Caliente,inferido,T030,fisico,30.0,2255.93,2518.23,-262.3,-11.63,-573.46,21,21
23,CN-00023,ERP-PROV-MX-023-B,Ensalada Comida Caliente,explicito,T025,fisico,54.0,8535.8,4231.06,4304.74,50.43,3127.39,0,38
44,CN-00044,ERP-PROV-MX-044-A,Filtros Mercancia,explicito,T038,fisico,29.0,7368.03,4945.64,2422.39,32.88,1406.11,0,22
36,CN-00036,ERP-PROV-MX-036-A,Gourmet Cafe Grano,inferido,T038,fisico,46.0,14417.86,8684.79,5733.07,39.76,3744.4,0,29
31,CN-00031,ERP-PROV-MX-031-A,Termo Mercancia,inferido,T017,fisico,31.0,16703.36,7267.18,9436.18,56.49,7132.27,0,24
44,CN-00044,ERP-PROV-MX-044-A,Filtros Mercancia,explicito,T034,fisico,45.0,11237.29,7678.05,3559.24,31.67,2009.27,0,32
23,CN-00023,ERP-PROV-MX-023-B,Ensalada Comida Caliente,explicito,T019,fisico,42.0,6591.41,3366.92,3224.49,48.92,2315.33,0,24
11,CN-00011,ERP-PROV-MX-011-C,Bolillo Panaderia,inferido,T001,fisico,56.0,1590.89,761.23,829.66,52.15,610.23,0,40
8,CN-00008,ERP-PROV-MX-008-C,Empanada Panaderia,explicito,T032,fisico,58.0,2214.48,1223.58,990.9,44.75,685.45,0,34
66,CN-00066,ERP-PROV-MX-066-B,Mocha Bebidas,explicito,T017,fisico,38.0,2205.24,788.96,1416.28,64.22,1112.11,0,27
32,CN-00032,ERP-PROV-MX-032-D,Americano Cafe Grano,explicito,T037,fisico,36.0,3560.61,1719.13,1841.48,51.72,1350.36,0,28
40,CN-00040,ERP-PROV-MX-040-A,Chocolate Bebidas,explicito,T021,fisico,22.0,1190.41,376.98,813.43,68.33,649.24,0,21
28,CN-00028,ERP-PROV-MX-028-D,Selección Cafe Molido,explicito,T030,fisico,22.0,8379.15,4527.28,3851.87,45.97,2696.13,0,17
67,CN-00067,ERP-PROV-MX-067-C,Premium Cafe Molido,explicito,T017,fisico,31.0,8998.76,5011.72,3987.04,44.31,2745.83,0,18
57,CN-00057,ERP-PROV-MX-057-C,Premium Cafe Grano,explicito,T026,fisico,66.0,12353.99,5985.75,6368.24,51.55,4664.24,0,38
5,CN-00005,ERP-PROV-MX-005-C,Croissant Panaderia,explicito,T006,fisico,42.0,860.57,550.79,309.78,36.0,191.08,0,30
62,CN-00062,ERP-PROV-MX-062-B,Wrap Comida Caliente,explicito,T031,fisico,35.0,5799.47,2650.34,3149.13,54.3,2349.2,0,28
33,CN-00033,ERP-PROV-MX-033-D,Especial Cafe Molido,explicito,T014,fisico,41.0,10869.36,6431.29,4438.07,40.83,2938.85,0,22
3,CN-00003,ERP-PROV-MX-003-D,Filtros Mercancia,explicito,T007,fisico,45.0,7238.63,3419.7,3818.93,52.76,2820.5,0,29
10,CN-00010,ERP-PROV-MX-010-D,Descafeinado Cafe Grano,explicito,T039,fisico,36.0,12879.16,6248.15,6631.01,51.49,4854.57,0,21
8,CN-00008,ERP-PROV-MX-008-C,Empanada Panaderia,explicito,T018,fisico,38.0,1451.69,796.2,655.49,45.15,455.26,0,21
63,CN-00063,ERP-PROV-MX-063-C,Gourmet Cafe Molido,explicito,T017,fisico,45.0,3825.49,2411.84,1413.65,36.95,886.0,0,27
24,CN-00024,ERP-PROV-MX-024-A,Americano Cafe Molido,explicito,T020,fisico,54.0,17575.8,11274.1,6301.7,35.85,3877.45,0,30
32,CN-00032,ERP-PROV-MX-032-D,Americano Cafe Grano,explicito,T033,fisico,51.0,5090.62,2403.39,2687.23,52.79,1985.08,0,36
41,CN-00041,ERP-PROV-MX-041-D,Gourmet Cafe Molido,inferido,T035,fisico,54.0,4149.44,2370.65,1778.79,42.87,1206.45,0,28
67,CN-00067,ERP-PROV-MX-067-C,Premium Cafe Molido,explicito,T031,fisico,27.0,7869.06,4505.76,3363.3,42.74,2277.91,0,22
61,CN-00061,ERP-PROV-MX-061-D,Descafeinado Cafe Molido,explicito,T029,fisico,35.0,10242.06,5815.67,4426.39,43.22,3013.69,0,26
4,CN-00004,ERP-PROV-MX-004-B,Prensa Francesa Mercancia,explicito,T001,fisico,41.0,28349.76,10763.52,17586.24,62.03,13675.93,0,26
4,CN-00004,ERP-PROV-MX-004-B,Prensa Francesa Mercancia,explicito,T033,fisico,50.0,34351.85,13327.02,21024.83,61.2,16286.64,0,34
59,CN-00059,ERP-PROV-MX-059-B,Orgánico Cafe Grano,explicito,T009,fisico,59.0,15147.15,10653.7,4493.45,29.67,2404.19,0,33
34,CN-00034,ERP-PROV-MX-034-D,Estándar Cafe Molido,explicito,T022,fisico,45.0,4864.9,2880.47,1984.43,40.79,1313.41,0,30
35,CN-00035,ERP-PROV-MX-035-A,Sándwich Comida Caliente,explicito,T008,fisico,52.0,7287.39,4971.2,2316.19,31.78,1311.03,0,35
35,CN-00035,ERP-PROV-MX-035-A,Sándwich Comida Caliente,explicito,T002,fisico,46.0,6468.0,4325.78,2142.22,33.12,1250.08,0,30
35,CN-00035,ERP-PROV-MX-035-A,Sándwich Comida Caliente,explicito,T012,fisico,33.0,4618.17,3145.77,1472.4,31.88,835.41,0,22
22,CN-00022,ERP-PROV-MX-022-A,Ensalada Comida Caliente,explicito,T003,fisico,41.0,6996.56,3939.89,3056.67,43.69,2091.63,0,29
32,CN-00032,ERP-PROV-MX-032-D,Americano Cafe Grano,explicito,T008,fisico,48.0,4796.23,2241.43,2554.8,53.27,1893.25,0,27
11,CN-00011,ERP-PROV-MX-011-C,Bolillo Panaderia,inferido,T028,fisico,39.0,1100.76,558.53,542.23,49.26,390.4,0,28
47,CN-00047,ERP-PROV-MX-047-B,Filtros Mercancia,explicito,T032,fisico,34.0,16961.37,10874.21,6087.16,35.89,3747.66,0,26
43,CN-00043,ERP-PROV-MX-043-A,Filtros Mercancia,explicito,T006,fisico,35.0,6578.33,3035.4,3542.93,53.86,2635.57,0,25
36,CN-00036,ERP-PROV-MX-036-A,Gourmet Cafe Grano,inferido,T019,fisico,41.0,12964.94,7703.49,5261.45,40.58,3473.18,0,27
24,CN-00024,ERP-PROV-MX-024-A,Americano Cafe Molido,explicito,T003,fisico,42.0,13767.99,8888.08,4879.91,35.44,2980.88,0,31
27,CN-00027,ERP-PROV-MX-027-B,Latte Bebidas,explicito,T031,fisico,34.0,3039.4,1091.96,1947.44,64.07,1528.21,0,26
39,CN-00039,ERP-PROV-MX-039-B,Taza Mercancia,explicito,T020,fisico,38.0,30302.31,17544.54,12757.77,42.1,8578.14,0,23
7,CN-00007,ERP-PROV-MX-007-D,Selección Cafe Grano,explicito,T038,fisico,14.0,3590.32,2721.7,868.62,24.19,373.4,0,13
3,CN-00003,ERP-PROV-MX-003-D,Filtros Mercancia,explicito,T032,fisico,35.0,5660.5,2678.87,2981.63,52.67,2200.87,0,23
31,CN-00031,ERP-PROV-MX-031-A,Termo Mercancia,inferido,ECOMMERCE,ecommerce,421.0,237700.14,100054.0,137646.14,57.91,104859.91,0,317
55,CN-00055,ERP-PROV-MX-055-C,Termo Mercancia,explicito,ECOMMERCE,ecommerce,400.0,262510.91,115750.69,146760.22,55.91,110551.82,0,296
38,CN-00038,ERP-PROV-MX-038-A,Selección Cafe Grano,explicito,ECOMMERCE,ecommerce,379.0,135358.21,90129.04,45229.17,33.41,26559.07,0,292
47,CN-00047,ERP-PROV-MX-047-B,Filtros Mercancia,explicito,ECOMMERCE,ecommerce,389.0,201419.81,124560.1,76859.71,38.16,49077.67,0,293
34,CN-00034,ERP-PROV-MX-034-D,Estándar Cafe Molido,explicito,ECOMMERCE,ecommerce,370.0,41951.42,24122.57,17828.85,42.5,12042.44,0,291
55,CN-00055,ERP-PROV-MX-055-C,Termo Mercancia,explicito,T039,fisico,40.0,25116.2,11631.23,13484.97,53.69,10020.67,0,27
64,CN-00064,ERP-PROV-MX-064-C,Frappé Bebidas,explicito,T025,fisico,39.0,3319.41,1195.75,2123.66,63.98,1665.81,0,25
60,CN-00060,ERP-PROV-MX-060-A,Espresso Cafe Grano,explicito,T009,fisico,48.0,9313.29,6059.38,3253.91,34.94,1969.32,0,33
63,CN-00063,ERP-PROV-MX-063-C,Gourmet Cafe Molido,explicito,T029,fisico,45.0,3832.58,2386.95,1445.63,37.72,917.0,0,25
45,CN-00045,ERP-PROV-MX-045-D,Especial Cafe Grano,explicito,T029,fisico,30.0,2970.36,1956.38,1013.98,34.14,604.28,0,20
64,CN-00064,ERP-PROV-MX-064-C,Frappé Bebidas,explicito,T008,fisico,49.0,4125.62,1512.59,2613.03,63.34,2043.98,0,27
36,CN-00036,ERP-PROV-MX-036-A,Gourmet Cafe Grano,inferido,T028,fisico,59.0,18595.84,11082.61,7513.23,40.4,4948.29,0,38
44,CN-00044,ERP-PROV-MX-044-A,Filtros Mercancia,explicito,T032,fisico,49.0,12332.63,8471.95,3860.68,31.3,2159.63,0,32
3,CN-00003,ERP-PROV-MX-003-D,Filtros Mercancia,explicito,T014,fisico,38.0,6087.94,2896.67,3191.27,52.42,2351.55,0,26
22,CN-00022,ERP-PROV-MX-022-A,Ensalada Comida Caliente,explicito,T015,fisico,34.0,5750.81,3267.0,2483.81,43.19,1690.59,0,25
26,CN-00026,ERP-PROV-MX-026-A,Premium Cafe Molido,inferido,T015,fisico,39.0,6079.78,3461.67,2618.11,43.06,1779.52,0,30
48,CN-00048,ERP-PROV-MX-048-C,Bolillo Panaderia,explicito,T032,fisico,62.0,1529.19,584.07,945.12,61.81,734.2,0,36
29,CN-00029,ERP-PROV-MX-029-C,Termo Mercancia,explicito,T024,fisico,61.0,37785.06,19120.26,18664.8,49.4,13453.07,0,38
31,CN-00031,ERP-PROV-MX-031-A,Termo Mercancia,inferido,T021,fisico,51.0,27298.65,11810.42,15488.23,56.74,11722.9,0,36
63,CN-00063,ERP-PROV-MX-063-C,Gourmet Cafe Molido,explicito,T021,fisico,36.0,3063.25,1980.69,1082.56,35.34,660.04,0,26
23,CN-00023,ERP-PROV-MX-023-B,Ensalada Comida Caliente,explicito,T039,fisico,48.0,7573.19,3838.78,3734.41,49.31,2689.83,0,34
48,CN-00048,ERP-PROV-MX-048-C,Bolillo Panaderia,explicito,T008,fisico,42.0,1035.47,395.35,640.12,61.82,497.3,0,28
22,CN-00022,ERP-PROV-MX-022-A,Ensalada Comida Caliente,explicito,T029,fisico,32.0,5438.24,3071.7,2366.54,43.52,1616.44,0,23
31,CN-00031,ERP-PROV-MX-031-A,Termo Mercancia,inferido,T001,fisico,51.0,27673.1,12008.42,15664.68,56.61,11847.7,0,34
64,CN-00064,ERP-PROV-MX-064-C,Frappé Bebidas,explicito,T031,fisico,53.0,4463.48,1641.16,2822.32,63.23,2206.67,0,38
26,CN-00026,ERP-PROV-MX-026-A,Premium Cafe Molido,inferido,T018,fisico,41.0,6392.62,3622.17,2770.45,43.34,1888.71,0,32
29,CN-00029,ERP-PROV-MX-029-C,Termo Mercancia,explicito,T022,fisico,51.0,32056.66,15905.12,16151.54,50.38,11729.93,0,37
15,CN-00015,ERP-PROV-MX-015-D,Especial Cafe Molido,explicito,T022,fisico,52.0,18931.03,24658.5,-5727.47,-30.25,-8338.65,38,38
29,CN-00029,ERP-PROV-MX-029-C,Termo Mercancia,explicito,T030,fisico,47.0,29389.06,14402.6,14986.46,50.99,10932.8,0,33
24,CN-00024,ERP-PROV-MX-024-A,Americano Cafe Molido,explicito,T013,fisico,43.0,13990.77,9161.05,4829.72,34.52,2899.96,0,28
24,CN-00024,ERP-PROV-MX-024-A,Americano Cafe Molido,explicito,T035,fisico,52.0,16850.81,11088.62,5762.19,34.2,3437.94,0,36
44,CN-00044,ERP-PROV-MX-044-A,Filtros Mercancia,explicito,T001,fisico,31.0,7704.18,5286.91,2417.27,31.38,1354.62,0,22
45,CN-00045,ERP-PROV-MX-045-D,Especial Cafe Grano,explicito,T017,fisico,44.0,4365.97,2873.43,1492.54,34.19,890.34,0,33
22,CN-00022,ERP-PROV-MX-022-A,Ensalada Comida Caliente,explicito,T002,fisico,63.0,10764.8,6060.61,4704.19,43.7,3219.39,0,38
35,CN-00035,ERP-PROV-MX-035-A,Sándwich Comida Caliente,explicito,T039,fisico,49.0,6894.53,4574.09,2320.44,33.66,1369.47,0,30
24,CN-00024,ERP-PROV-MX-024-A,Americano Cafe Molido,explicito,T028,fisico,32.0,10371.7,6847.3,3524.4,33.98,2093.82,0,20
64,CN-00064,ERP-PROV-MX-064-C,Frappé Bebidas,explicito,T021,fisico,57.0,4832.22,1748.12,3084.1,63.82,2417.59,0,35
64,CN-00064,ERP-PROV-MX-064-C,Frappé Bebidas,explicito,T023,fisico,56.0,4710.81,1718.43,2992.38,63.52,2342.61,0,34
36,CN-00036,ERP-PROV-MX-036-A,Gourmet Cafe Grano,inferido,T024,fisico,30.0,9434.2,5681.75,3752.45,39.77,2451.18,0,24
3,CN-00003,ERP-PROV-MX-003-D,Filtros Mercancia,explicito,T008,fisico,51.0,8263.51,3892.75,4370.76,52.89,3230.97,0,31
11,CN-00011,ERP-PROV-MX-011-C,Bolillo Panaderia,inferido,T011,fisico,40.0,1151.61,536.39,615.22,53.42,456.38,0,29
28,CN-00028,ERP-PROV-MX-028-D,Selección Cafe Molido,explicito,T006,fisico,43.0,16466.3,8905.95,7560.35,45.91,5289.14,0,29
68,CN-00068,ERP-PROV-MX-068-C,Croissant Panaderia,explicito,T025,fisico,44.0,1712.32,677.15,1035.17,60.45,798.99,0,33
68,CN-00068,ERP-PROV-MX-068-C,Croissant Panaderia,explicito,T026,fisico,36.0,1409.97,557.76,852.21,60.44,657.73,0,24
66,CN-00066,ERP-PROV-MX-066-B,Mocha Bebidas,explicito,T034,fisico,44.0,2533.83,919.83,1614.0,63.7,1264.51,0,33
11,CN-00011,ERP-PROV-MX-011-C,Bolillo Panaderia,inferido,T025,fisico,49.0,1404.78,652.13,752.65,53.58,558.89,0,32
19,CN-00019,ERP-PROV-MX-019-D,Gourmet Cafe Molido,explicito,T004,fisico,41.0,11110.39,6019.66,5090.73,45.82,3558.26,0,27
7,CN-00007,ERP-PROV-MX-007-D,Selección Cafe Grano,explicito,T016,fisico,58.0,14655.46,11617.85,3037.61,20.73,1016.17,0,35
19,CN-00019,ERP-PROV-MX-019-D,Gourmet Cafe Molido,explicito,T030,fisico,33.0,8913.3,4867.9,4045.4,45.39,2815.98,0,23
11,CN-00011,ERP-PROV-MX-011-C,Bolillo Panaderia,inferido,T016,fisico,50.0,1425.74,674.89,750.85,52.66,554.2,0,33
19,CN-00019,ERP-PROV-MX-019-D,Gourmet Cafe Molido,explicito,T037,fisico,41.0,11163.27,6008.19,5155.08,46.18,3615.32,0,26
21,CN-00021,ERP-PROV-MX-021-A,Concha Panaderia,inferido,T004,fisico,45.0,1157.52,514.57,642.95,55.55,483.29,0,28
32,CN-00032,ERP-PROV-MX-032-D,Americano Cafe Grano,explicito,T029,fisico,47.0,4734.56,2239.71,2494.85,52.69,1841.81,0,33
21,CN-00021,ERP-PROV-MX-021-A,Concha Panaderia,inferido,T037,fisico,24.0,623.82,274.09,349.73,56.06,263.69,0,19
68,CN-00068,ERP-PROV-MX-068-C,Croissant Panaderia,explicito,T010,fisico,66.0,2581.78,1019.8,1561.98,60.5,1205.87,0,35
70,CN-00070,ERP-PROV-MX-070-D,Molinillo Mercancia,explicito,T005,fisico,35.0,13199.36,8304.89,4894.47,37.08,3073.87,0,22
28,CN-00028,ERP-PROV-MX-028-D,Selección Cafe Molido,explicito,T039,fisico,42.0,16370.51,8583.3,7787.21,47.57,5529.21,0,28
40,CN-00040,ERP-PROV-MX-040-A,Chocolate Bebidas,explicito,T009,fisico,30.0,1592.58,514.54,1078.04,67.69,858.37,0,27
68,CN-00068,ERP-PROV-MX-068-C,Croissant Panaderia,explicito,T001,fisico,63.0,2467.76,974.17,1493.59,60.52,1153.21,0,41
40,CN-00040,ERP-PROV-MX-040-A,Chocolate Bebidas,explicito,T030,fisico,35.0,1868.27,600.66,1267.61,67.85,1009.92,0,26
16,CN-00016,ERP-PROV-MX-016-C,Quiche Comida Caliente,inferido,T024,fisico,47.0,4071.37,2032.07,2039.3,50.09,1477.73,0,36
39,CN-00039,ERP-PROV-MX-039-B,Taza Mercancia,explicito,T031,fisico,39.0,31049.18,18080.12,12969.06,41.77,8686.41,0,27
8,CN-00008,ERP-PROV-MX-008-C,Empanada Panaderia,explicito,T006,fisico,47.0,1803.01,991.67,811.34,45.0,562.65,0,30
70,CN-00070,ERP-PROV-MX-070-D,Molinillo Mercancia,explicito,T007,fisico,45.0,16964.3,10591.05,6373.25,37.57,4033.35,0,32
65,CN-00065,ERP-PROV-MX-065-D,Estándar Cafe Molido,explicito,T011,fisico,41.0,8404.33,4201.17,4203.16,50.01,3043.94,0,27
11,CN-00011,ERP-PROV-MX-011-C,Bolillo Panaderia,inferido,T007,fisico,36.0,1040.72,476.25,564.47,54.24,420.92,0,25
40,CN-00040,ERP-PROV-MX-040-A,Chocolate Bebidas,explicito,T017,fisico,74.0,3941.67,1273.32,2668.35,67.7,2124.67,0,41
9,CN-00009,ERP-PROV-MX-009-B,Termo Mercancia,explicito,T002,fisico,42.0,25812.12,11198.81,14613.31,56.61,11053.02,0,29
28,CN-00028,ERP-PROV-MX-028-D,Selección Cafe Molido,explicito,T003,fisico,35.0,13633.51,7250.16,6383.35,46.82,4502.87,0,25
52,CN-00052,ERP-PROV-MX-052-C,Americano Cafe Molido,explicito,T023,fisico,69.0,11653.21,7801.33,3851.88,33.05,2244.54,0,41
8,CN-00008,ERP-PROV-MX-008-C,Empanada Panaderia,explicito,T005,fisico,56.0,2153.42,1183.74,969.68,45.03,672.66,0,39
61,CN-00061,ERP-PROV-MX-061-D,Descafeinado Cafe Molido,explicito,T011,fisico,41.0,12034.11,6763.35,5270.76,43.8,3610.88,0,24
37,CN-00037,ERP-PROV-MX-037-C,Tradicional Cafe Molido,explicito,T037,fisico,49.0,10934.21,6125.38,4808.83,43.98,3300.66,0,37
59,CN-00059,ERP-PROV-MX-059-B,Orgánico Cafe Grano,explicito,T017,fisico,49.0,12423.97,8838.24,3585.73,28.86,1872.08,0,34
46,CN-00046,ERP-PROV-MX-046-A,Termo Mercancia,inferido,T003,fisico,42.0,22453.38,9789.62,12663.76,56.4,9566.74,0,27
61,CN-00061,ERP-PROV-MX-061-D,Descafeinado Cafe Molido,explicito,T035,fisico,41.0,12098.04,6764.43,5333.61,44.09,3664.91,0,27
41,CN-00041,ERP-PROV-MX-041-D,Gourmet Cafe Molido,inferido,T007,fisico,41.0,3189.02,1806.52,1382.5,43.35,942.64,0,28
61,CN-00061,ERP-PROV-MX-061-D,Descafeinado Cafe Molido,explicito,T022,fisico,53.0,15713.34,8756.79,6956.55,44.27,4789.19,0,29
2,CN-00002,ERP-PROV-MX-002-B,Sándwich Comida Caliente,explicito,T010,fisico,30.0,3946.29,5038.5,-1092.21,-27.68,-1636.53,21,21
61,CN-00061,ERP-PROV-MX-061-D,Descafeinado Cafe Molido,explicito,T037,fisico,49.0,14508.36,8104.22,6404.14,44.14,4402.99,0,33
57,CN-00057,ERP-PROV-MX-057-C,Premium Cafe Grano,explicito,T020,fisico,26.0,4732.46,2343.57,2388.89,50.48,1736.14,0,24
51,CN-00051,ERP-PROV-MX-051-C,Termo Mercancia,explicito,T028,fisico,41.0,20041.53,9649.93,10391.6,51.85,7627.25,0,30
59,CN-00059,ERP-PROV-MX-059-B,Orgánico Cafe Grano,explicito,T013,fisico,55.0,13992.57,9891.98,4100.59,29.31,2170.58,0,39
57,CN-00057,ERP-PROV-MX-057-C,Premium Cafe Grano,explicito,T006,fisico,61.0,11436.8,5516.54,5920.26,51.77,4342.77,0,34
46,CN-00046,ERP-PROV-MX-046-A,Termo Mercancia,inferido,T016,fisico,32.0,16816.62,7480.16,9336.46,55.52,7016.93,0,24
14,CN-00014,ERP-PROV-MX-014-D,Descafeinado Cafe Grano,explicito,T037,fisico,45.0,15455.37,9629.01,5826.36,37.7,3694.58,0,33
61,CN-00061,ERP-PROV-MX-061-D,Descafeinado Cafe Molido,explicito,T032,fisico,41.0,12045.07,6725.19,5319.88,44.17,3658.49,0,28
14,CN-00014,ERP-PROV-MX-014-D,Descafeinado Cafe Grano,explicito,T002,fisico,48.0,16643.72,10192.91,6450.81,38.76,4155.12,0,33
46,CN-00046,ERP-PROV-MX-046-A,Termo Mercancia,inferido,T008,fisico,36.0,19292.08,8436.56,10855.52,56.27,8194.54,0,25
2,CN-00002,ERP-PROV-MX-002-B,Sándwich Comida Caliente,explicito,T033,fisico,39.0,5214.76,6598.03,-1383.27,-26.53,-2102.55,30,30
41,CN-00041,ERP-PROV-MX-041-D,Gourmet Cafe Molido,inferido,T014,fisico,21.0,1619.71,932.39,687.32,42.43,463.91,0,19
61,CN-00061,ERP-PROV-MX-061-D,Descafeinado Cafe Molido,explicito,T010,fisico,23.0,6855.39,3820.21,3035.18,44.27,2089.61,0,20
67,CN-00067,ERP-PROV-MX-067-C,Premium Cafe Molido,explicito,T026,fisico,25.0,7438.57,4083.25,3355.32,45.11,2329.31,0,19
59,CN-00059,ERP-PROV-MX-059-B,Orgánico Cafe Grano,explicito,T003,fisico,47.0,11978.54,8467.52,3511.02,29.31,1858.81,0,27
16,CN-00016,ERP-PROV-MX-016-C,Quiche Comida Caliente,inferido,T011,fisico,34.0,2913.89,1464.53,1449.36,49.74,1047.44,0,24
69,CN-00069,ERP-PROV-MX-069-C,Estándar Cafe Grano,explicito,T025,fisico,44.0,16070.84,8557.72,7513.12,46.75,5296.45,0,33
50,CN-00050,ERP-PROV-MX-050-A,Chai Bebidas,explicito,T003,fisico,62.0,5657.12,2553.75,3103.37,54.86,2323.08,0,33
49,CN-00049,ERP-PROV-MX-049-A,Mocha Bebidas,explicito,T013,fisico,36.0,3159.69,1232.1,1927.59,61.01,1491.77,0,25
30,CN-00030,ERP-PROV-MX-030-C,Molinillo Mercancia,explicito,T033,fisico,63.0,14249.79,7014.77,7235.02,50.77,5269.53,0,30
57,CN-00057,ERP-PROV-MX-057-C,Premium Cafe Grano,explicito,T035,fisico,43.0,7997.49,3922.81,4074.68,50.95,2971.58,0,31
53,CN-00053,ERP-PROV-MX-053-A,Sándwich Comida Caliente,explicito,T040,fisico,59.0,8161.21,4633.07,3528.14,43.23,2402.46,0,35
12,CN-00012,ERP-PROV-MX-012-B,Sándwich Comida Caliente,explicito,T017,fisico,20.0,2642.08,1166.53,1475.55,55.85,1111.13,0,24
4,CN-00004,ERP-PROV-MX-004-B,Prensa Francesa Mercancia,explicito,T003,fisico,50.0,33941.79,13193.24,20748.55,61.13,16066.92,0,36
41,CN-00041,ERP-PROV-MX-041-D,Gourmet Cafe Molido,inferido,T032,fisico,49.0,3803.3,2168.82,1634.48,42.98,1109.89,0,32
51,CN-00051,ERP-PROV-MX-051-C,Termo Mercancia,explicito,T026,fisico,44.0,21380.23,10208.41,11171.82,52.25,8222.82,0,32
62,CN-00062,ERP-PROV-MX-062-B,Wrap Comida Caliente,explicito,T037,fisico,52.0,8532.38,3876.8,4655.58,54.56,3478.7,0,36
14,CN-00014,ERP-PROV-MX-014-D,Descafeinado Cafe Grano,explicito,T024,fisico,33.0,11334.41,7100.14,4234.27,37.36,2670.9,0,25
37,CN-00037,ERP-PROV-MX-037-C,Tradicional Cafe Molido,explicito,T019,fisico,42.0,9448.41,5154.43,4293.98,45.45,2990.75,0,25
41,CN-00041,ERP-PROV-MX-041-D,Gourmet Cafe Molido,inferido,T011,fisico,46.0,3555.58,2022.67,1532.91,43.11,1042.49,0,31
5,CN-00005,ERP-PROV-MX-005-C,Croissant Panaderia,explicito,T020,fisico,53.0,1078.33,689.45,388.88,36.06,240.14,0,36
55,CN-00055,ERP-PROV-MX-055-C,Termo Mercancia,explicito,T003,fisico,45.0,28009.34,13068.36,14940.98,53.34,11077.62,0,25
29,CN-00029,ERP-PROV-MX-029-C,Termo Mercancia,explicito,T006,fisico,45.0,27823.4,13593.14,14230.26,51.14,10392.55,0,26
21,CN-00021,ERP-PROV-MX-021-A,Concha Panaderia,inferido,T013,fisico,55.0,1409.52,631.59,777.93,55.19,583.51,0,38
25,CN-00025,ERP-PROV-MX-025-C,Latte Bebidas,explicito,T001,fisico,50.0,2419.02,792.42,1626.6,67.24,1292.94,0,32
38,CN-00038,ERP-PROV-MX-038-A,Selección Cafe Grano,explicito,T017,fisico,51.0,17275.95,12024.96,5250.99,30.39,2868.1,0,28
35,CN-00035,ERP-PROV-MX-035-A,Sándwich Comida Caliente,explicito,T018,fisico,28.0,3904.5,2637.35,1267.15,32.45,728.6,0,26
48,CN-00048,ERP-PROV-MX-048-C,Bolillo Panaderia,explicito,T020,fisico,36.0,890.76,342.09,548.67,61.6,425.81,0,25
44,CN-00044,ERP-PROV-MX-044-A,Filtros Mercancia,explicito,T024,fisico,58.0,14394.27,9880.81,4513.46,31.36,2528.04,0,34
10,CN-00010,ERP-PROV-MX-010-D,Descafeinado Cafe Grano,explicito,T003,fisico,43.0,15441.27,7499.72,7941.55,51.43,5811.72,0,32
21,CN-00021,ERP-PROV-MX-021-A,Concha Panaderia,inferido,T002,fisico,38.0,979.61,433.75,545.86,55.72,410.74,0,30
38,CN-00038,ERP-PROV-MX-038-A,Selección Cafe Grano,explicito,T038,fisico,37.0,12581.48,8801.28,3780.2,30.05,2044.82,0,33
58,CN-00058,ERP-PROV-MX-058-A,Chai Bebidas,explicito,T012,fisico,52.0,4027.08,1406.28,2620.8,65.08,2065.34,0,29
48,CN-00048,ERP-PROV-MX-048-C,Bolillo Panaderia,explicito,T001,fisico,46.0,1125.02,435.72,689.3,61.27,534.12,0,31
44,CN-00044,ERP-PROV-MX-044-A,Filtros Mercancia,explicito,T029,fisico,32.0,7999.43,5507.45,2491.98,31.15,1388.61,0,26
45,CN-00045,ERP-PROV-MX-045-D,Especial Cafe Grano,explicito,T033,fisico,51.0,5032.26,3330.76,1701.5,33.81,1007.4,0,29
10,CN-00010,ERP-PROV-MX-010-D,Descafeinado Cafe Grano,explicito,T005,fisico,46.0,16566.15,8113.85,8452.3,51.02,6167.31,0,39
44,CN-00044,ERP-PROV-MX-044-A,Filtros Mercancia,explicito,T004,fisico,29.0,7327.77,4969.49,2358.28,32.18,1347.55,0,22
15,CN-00015,ERP-PROV-MX-015-D,Especial Cafe Molido,explicito,T019,fisico,59.0,21370.63,27897.62,-6526.99,-30.54,-9474.66,41,41
18,CN-00018,ERP-PROV-MX-018-A,Tradicional Cafe Molido,explicito,T030,fisico,50.0,11810.65,6510.42,5300.23,44.88,3671.17,0,33
11,CN-00011,ERP-PROV-MX-011-C,Bolillo Panaderia,inferido,T008,fisico,61.0,1740.79,825.36,915.43,52.59,675.32,0,35
17,CN-00017,ERP-PROV-MX-017-B,Quiche Comida Caliente,explicito,T007,fisico,53.0,8600.17,4239.15,4361.02,50.71,3174.79,0,38
40,CN-00040,ERP-PROV-MX-040-A,Chocolate Bebidas,explicito,T039,fisico,48.0,2577.97,819.72,1758.25,68.2,1402.67,0,30
8,CN-00008,ERP-PROV-MX-008-C,Empanada Panaderia,explicito,T013,fisico,37.0,1445.81,779.63,666.18,46.08,466.76,0,29
11,CN-00011,ERP-PROV-MX-011-C,Bolillo Panaderia,inferido,T038,fisico,62.0,1762.76,823.64,939.12,53.28,695.98,0,35
65,CN-00065,ERP-PROV-MX-065-D,Estándar Cafe Molido,explicito,T008,fisico,40.0,8108.58,4104.17,4004.41,49.38,2885.99,0,24
28,CN-00028,ERP-PROV-MX-028-D,Selección Cafe Molido,explicito,T040,fisico,52.0,20026.43,10495.61,9530.82,47.59,6768.55,0,37
12,CN-00012,ERP-PROV-MX-012-B,Sándwich Comida Caliente,explicito,T001,fisico,52.0,6940.19,2966.75,3973.44,57.25,3016.17,0,35
16,CN-00016,ERP-PROV-MX-016-C,Quiche Comida Caliente,inferido,T033,fisico,38.0,3313.15,1643.24,1669.91,50.4,1212.92,0,30
11,CN-00011,ERP-PROV-MX-011-C,Bolillo Panaderia,inferido,T032,fisico,40.0,1145.66,540.04,605.62,52.86,447.6,0,32
16,CN-00016,ERP-PROV-MX-016-C,Quiche Comida Caliente,inferido,T037,fisico,45.0,3882.3,1947.64,1934.66,49.83,1399.17,0,32
32,CN-00032,ERP-PROV-MX-032-D,Americano Cafe Grano,explicito,T003,fisico,37.0,3699.14,1764.27,1934.87,52.31,1424.64,0,23
68,CN-00068,ERP-PROV-MX-068-C,Croissant Panaderia,explicito,T016,fisico,30.0,1169.36,467.07,702.29,60.06,541.0,0,26
66,CN-00066,ERP-PROV-MX-066-B,Mocha Bebidas,explicito,T035,fisico,37.0,2130.17,767.12,1363.05,63.99,1069.23,0,27
62,CN-00062,ERP-PROV-MX-062-B,Wrap Comida Caliente,explicito,T024,fisico,46.0,7585.55,3444.74,4140.81,54.59,3094.53,0,32
49,CN-00049,ERP-PROV-MX-049-A,Mocha Bebidas,explicito,T016,fisico,48.0,4242.22,1639.03,2603.19,61.36,2018.06,0,28
50,CN-00050,ERP-PROV-MX-050-A,Chai Bebidas,explicito,T034,fisico,42.0,3830.81,1717.07,2113.74,55.18,1585.35,0,31
54,CN-00054,ERP-PROV-MX-054-B,Espresso Cafe Molido,explicito,T027,fisico,30.0,3449.54,1715.18,1734.36,50.28,1258.56,0,29
33,CN-00033,ERP-PROV-MX-033-D,Especial Cafe Molido,explicito,T018,fisico,63.0,16650.2,9871.1,6779.1,40.71,4482.52,0,48
46,CN-00046,ERP-PROV-MX-046-A,Termo Mercancia,inferido,T017,fisico,57.0,30254.77,13431.69,16823.08,55.6,12650.01,0,44
54,CN-00054,ERP-PROV-MX-054-B,Espresso Cafe Molido,explicito,T001,fisico,52.0,5946.66,2990.5,2956.16,49.71,2135.93,0,34
6,CN-00006,ERP-PROV-MX-006-C,Estándar Cafe Grano,inferido,T031,fisico,66.0,13116.04,7045.73,6070.31,46.28,4261.2,0,43
53,CN-00053,ERP-PROV-MX-053-A,Sándwich Comida Caliente,explicito,T002,fisico,58.0,8051.3,4537.79,3513.51,43.64,2402.99,0,25
53,CN-00053,ERP-PROV-MX-053-A,Sándwich Comida Caliente,explicito,T001,fisico,45.0,6264.19,3523.04,2741.15,43.76,1877.12,0,36
4,CN-00004,ERP-PROV-MX-004-B,Prensa Francesa Mercancia,explicito,T004,fisico,49.0,33926.71,13019.92,20906.79,61.62,16227.24,0,32
41,CN-00041,ERP-PROV-MX-041-D,Gourmet Cafe Molido,inferido,T027,fisico,49.0,3855.37,2176.41,1678.96,43.55,1147.18,0,33
30,CN-00030,ERP-PROV-MX-030-C,Molinillo Mercancia,explicito,T036,fisico,46.0,10346.96,5111.7,5235.26,50.6,3808.09,0,30
43,CN-00043,ERP-PROV-MX-043-A,Filtros Mercancia,explicito,T011,fisico,27.0,4987.25,2383.43,2603.82,52.21,1915.92,0,23
59,CN-00059,ERP-PROV-MX-059-B,Orgánico Cafe Grano,explicito,T036,fisico,32.0,8189.98,5752.0,2437.98,29.77,1308.33,0,24
34,CN-00034,ERP-PROV-MX-034-D,Estándar Cafe Molido,explicito,T027,fisico,30.0,3292.41,1951.88,1340.53,40.72,886.4,0,25
41,CN-00041,ERP-PROV-MX-041-D,Gourmet Cafe Molido,inferido,T005,fisico,52.0,4025.31,2314.0,1711.31,42.51,1156.09,0,39
60,CN-00060,ERP-PROV-MX-060-A,Espresso Cafe Grano,explicito,T040,fisico,35.0,6846.54,4396.6,2449.94,35.78,1505.59,0,28
25,CN-00025,ERP-PROV-MX-025-C,Latte Bebidas,explicito,T004,fisico,48.0,2308.81,755.34,1553.47,67.28,1235.01,0,31
23,CN-00023,ERP-PROV-MX-023-B,Ensalada Comida Caliente,explicito,T001,fisico,52.0,8197.48,4131.98,4065.5,49.59,2934.81,0,33
23,CN-00023,ERP-PROV-MX-023-B,Ensalada Comida Caliente,explicito,T032,fisico,48.0,7600.14,3855.18,3744.96,49.27,2696.66,0,30
36,CN-00036,ERP-PROV-MX-036-A,Gourmet Cafe Grano,inferido,T014,fisico,56.0,17540.23,10468.05,7072.18,40.32,4652.84,0,30
58,CN-00058,ERP-PROV-MX-058-A,Chai Bebidas,explicito,T009,fisico,49.0,3773.32,1333.81,2439.51,64.65,1919.05,0,34
17,CN-00017,ERP-PROV-MX-017-B,Quiche Comida Caliente,explicito,T015,fisico,70.0,11326.87,5587.77,5739.1,50.67,4176.77,0,39
66,CN-00066,ERP-PROV-MX-066-B,Mocha Bebidas,explicito,T038,fisico,38.0,2218.93,791.92,1427.01,64.31,1120.95,0,23
70,CN-00070,ERP-PROV-MX-070-D,Molinillo Mercancia,explicito,T034,fisico,27.0,10125.93,6476.26,3649.67,36.04,2252.99,0,20
11,CN-00011,ERP-PROV-MX-011-C,Bolillo Panaderia,inferido,T024,fisico,49.0,1396.83,671.14,725.69,51.95,533.02,0,32
19,CN-00019,ERP-PROV-MX-019-D,Gourmet Cafe Molido,explicito,T025,fisico,21.0,5521.71,3051.5,2470.21,44.74,1708.59,0,29
56,CN-00056,ERP-PROV-MX-056-C,Empanada Panaderia,explicito,T023,fisico,44.0,714.51,348.32,366.19,51.25,267.64,0,27
47,CN-00047,ERP-PROV-MX-047-B,Filtros Mercancia,explicito,T008,fisico,33.0,16344.04,10451.97,5892.07,36.05,3637.72,0,24
17,CN-00017,ERP-PROV-MX-017-B,Quiche Comida Caliente,explicito,T023,fisico,54.0,8829.62,4303.67,4525.95,51.26,3308.07,0,39
40,CN-00040,ERP-PROV-MX-040-A,Chocolate Bebidas,explicito,T008,fisico,43.0,2318.69,737.65,1581.04,68.19,1261.22,0,30
65,CN-00065,ERP-PROV-MX-065-D,Estándar Cafe Molido,explicito,T014,fisico,33.0,6649.43,3385.57,3263.86,49.08,2346.7,0,21
34,CN-00034,ERP-PROV-MX-034-D,Estándar Cafe Molido,explicito,T029,fisico,45.0,4890.59,2874.2,2016.39,41.23,1341.83,0,31
61,CN-00061,ERP-PROV-MX-061-D,Descafeinado Cafe Molido,explicito,T038,fisico,47.0,13758.99,7787.65,5971.34,43.4,4073.55,0,25
54,CN-00054,ERP-PROV-MX-054-B,Espresso Cafe Molido,explicito,T002,fisico,39.0,4504.89,2225.07,2279.82,50.61,1658.46,0,25
49,CN-00049,ERP-PROV-MX-049-A,Mocha Bebidas,explicito,T014,fisico,56.0,4885.83,1914.63,2971.2,60.81,2297.29,0,33
59,CN-00059,ERP-PROV-MX-059-B,Orgánico Cafe Grano,explicito,T026,fisico,56.0,14249.99,10056.88,4193.11,29.43,2227.59,0,39
61,CN-00061,ERP-PROV-MX-061-D,Descafeinado Cafe Molido,explicito,T015,fisico,45.0,13183.97,7457.57,5726.4,43.43,3907.92,0,27
67,CN-00067,ERP-PROV-MX-067-C,Premium Cafe Molido,explicito,T037,fisico,39.0,11370.46,6375.96,4994.5,43.93,3426.16,0,31
5,CN-00005,ERP-PROV-MX-005-C,Croissant Panaderia,explicito,T038,fisico,59.0,1192.8,771.14,421.66,35.35,257.14,0,33
59,CN-00059,ERP-PROV-MX-059-B,Orgánico Cafe Grano,explicito,T025,fisico,39.0,9973.71,6924.74,3048.97,30.57,1673.29,0,28
50,CN-00050,ERP-PROV-MX-050-A,Chai Bebidas,explicito,T023,fisico,31.0,2831.02,1274.65,1556.37,54.98,1165.88,0,23
51,CN-00051,ERP-PROV-MX-051-C,Termo Mercancia,explicito,T023,fisico,43.0,20565.45,10084.35,10481.1,50.96,7644.49,0,31
45,CN-00045,ERP-PROV-MX-045-D,Especial Cafe Grano,explicito,T024,fisico,46.0,4554.35,3005.31,1549.04,34.01,920.85,0,33
21,CN-00021,ERP-PROV-MX-021-A,Concha Panaderia,inferido,T003,fisico,54.0,1391.59,621.54,770.05,55.34,578.11,0,40
22,CN-00022,ERP-PROV-MX-022-A,Ensalada Comida Caliente,explicito,T014,fisico,44.0,7440.14,4231.11,3209.03,43.13,2182.8,0,26
32,CN-00032,ERP-PROV-MX-032-D,Americano Cafe Grano,explicito,T020,fisico,32.0,3176.89,1540.5,1636.39,51.51,1198.2,0,27
42,CN-00042,ERP-PROV-MX-042-A,Quiche Comida Caliente,explicito,T037,fisico,21.0,1838.45,828.34,1010.11,54.94,756.53,0,21
31,CN-00031,ERP-PROV-MX-031-A,Termo Mercancia,inferido,T033,fisico,49.0,26671.5,11169.0,15502.5,58.12,11823.67,0,33
8,CN-00008,ERP-PROV-MX-008-C,Empanada Panaderia,explicito,T017,fisico,48.0,1840.19,1007.83,832.36,45.23,578.54,0,35
70,CN-00070,ERP-PROV-MX-070-D,Molinillo Mercancia,explicito,T003,fisico,37.0,13775.94,8896.51,4879.43,35.42,2979.3,0,23
20,CN-00020,ERP-PROV-MX-020-C,Taza Mercancia,explicito,T038,fisico,36.0,21659.6,9142.86,12516.74,57.79,9529.21,0,27
41,CN-00041,ERP-PROV-MX-041-D,Gourmet Cafe Molido,inferido,T012,fisico,46.0,3570.78,2041.83,1528.95,42.82,1036.43,0,34
13,CN-00013,ERP-PROV-MX-013-B,Selección Cafe Molido,explicito,T005,fisico,43.0,8599.55,5906.41,2693.14,31.32,1507.0,0,28
20,CN-00020,ERP-PROV-MX-020-C,Taza Mercancia,explicito,T029,fisico,34.0,20456.62,8653.48,11803.14,57.7,8981.54,0,22
5,CN-00005,ERP-PROV-MX-005-C,Croissant Panaderia,explicito,T023,fisico,44.0,902.18,576.26,325.92,36.13,201.48,0,24
14,CN-00014,ERP-PROV-MX-014-D,Descafeinado Cafe Grano,explicito,T028,fisico,35.0,12108.74,7448.15,4660.59,38.49,2990.42,0,31
44,CN-00044,ERP-PROV-MX-044-A,Filtros Mercancia,explicito,T037,fisico,23.0,5736.99,3903.38,1833.61,31.96,1042.3,0,23
58,CN-00058,ERP-PROV-MX-058-A,Chai Bebidas,explicito,T011,fisico,50.0,3811.3,1375.5,2435.8,63.91,1910.1,0,29
29,CN-00029,ERP-PROV-MX-029-C,Termo Mercancia,explicito,T031,fisico,31.0,19425.08,9594.82,9830.26,50.61,7150.94,0,26
21,CN-00021,ERP-PROV-MX-021-A,Concha Panaderia,inferido,T027,fisico,45.0,1147.83,517.07,630.76,54.95,472.44,0,32
11,CN-00011,ERP-PROV-MX-011-C,Bolillo Panaderia,inferido,T034,fisico,43.0,1239.84,562.42,677.42,54.64,506.41,0,24
20,CN-00020,ERP-PROV-MX-020-C,Taza Mercancia,explicito,T010,fisico,34.0,20469.02,8675.53,11793.49,57.62,8970.18,0,25
16,CN-00016,ERP-PROV-MX-016-C,Quiche Comida Caliente,inferido,T021,fisico,26.0,2264.31,1145.4,1118.91,49.42,806.59,0,17
30,CN-00030,ERP-PROV-MX-030-C,Molinillo Mercancia,explicito,T032,fisico,30.0,6706.39,3367.28,3339.11,49.79,2414.09,0,22
46,CN-00046,ERP-PROV-MX-046-A,Termo Mercancia,inferido,T030,fisico,40.0,21214.89,9569.57,11645.32,54.89,8719.13,0,29
3,CN-00003,ERP-PROV-MX-003-D,Filtros Mercancia,explicito,T037,fisico,43.0,6934.01,3281.35,3652.66,52.68,2696.24,0,28
47,CN-00047,ERP-PROV-MX-047-B,Filtros Mercancia,explicito,T022,fisico,40.0,19699.79,12819.77,6880.02,34.92,4162.81,0,24
55,CN-00055,ERP-PROV-MX-055-C,Termo Mercancia,explicito,T001,fisico,44.0,27400.45,12804.79,14595.66,53.27,10816.29,0,28
55,CN-00055,ERP-PROV-MX-055-C,Termo Mercancia,explicito,T030,fisico,37.0,23011.38,10770.94,12240.44,53.19,9066.46,0,23
48,CN-00048,ERP-PROV-MX-048-C,Bolillo Panaderia,explicito,T038,fisico,31.0,768.4,295.68,472.72,61.52,366.73,0,24
3,CN-00003,ERP-PROV-MX-003-D,Filtros Mercancia,explicito,T015,fisico,42.0,6767.42,3215.92,3551.5,52.48,2618.06,0,27
23,CN-00023,ERP-PROV-MX-023-B,Ensalada Comida Caliente,explicito,T002,fisico,48.0,7574.52,3835.24,3739.28,49.37,2694.52,0,35
44,CN-00044,ERP-PROV-MX-044-A,Filtros Mercancia,explicito,T025,fisico,69.0,17292.87,11807.37,5485.5,31.72,3100.28,0,40
35,CN-00035,ERP-PROV-MX-035-A,Sándwich Comida Caliente,explicito,T034,fisico,49.0,6908.89,4590.56,2318.33,33.56,1365.38,0,28
18,CN-00018,ERP-PROV-MX-018-A,Tradicional Cafe Molido,explicito,T013,fisico,27.0,6283.02,3564.64,2718.38,43.27,1851.76,0,19
18,CN-00018,ERP-PROV-MX-018-A,Tradicional Cafe Molido,explicito,T018,fisico,50.0,11966.04,6719.17,5246.87,43.85,3596.38,0,41
18,CN-00018,ERP-PROV-MX-018-A,Tradicional Cafe Molido,explicito,T032,fisico,43.0,10153.76,5725.14,4428.62,43.62,3028.1,0,29
3,CN-00003,ERP-PROV-MX-003-D,Filtros Mercancia,explicito,T030,fisico,50.0,8043.56,3806.13,4237.43,52.68,3127.97,0,33
38,CN-00038,ERP-PROV-MX-038-A,Selección Cafe Grano,explicito,T020,fisico,42.0,14188.53,9924.24,4264.29,30.05,2307.25,0,27
45,CN-00045,ERP-PROV-MX-045-D,Especial Cafe Grano,explicito,T016,fisico,48.0,4762.58,3134.8,1627.78,34.18,970.87,0,34
22,CN-00022,ERP-PROV-MX-022-A,Ensalada Comida Caliente,explicito,T028,fisico,46.0,7761.25,4417.64,3343.61,43.08,2273.09,0,35
44,CN-00044,ERP-PROV-MX-044-A,Filtros Mercancia,explicito,T002,fisico,31.0,7706.71,5254.75,2451.96,31.82,1388.97,0,26
29,CN-00029,ERP-PROV-MX-029-C,Termo Mercancia,explicito,T001,fisico,29.0,18086.27,8889.87,9196.4,50.85,6701.74,0,25
60,CN-00060,ERP-PROV-MX-060-A,Espresso Cafe Grano,explicito,T014,fisico,43.0,8475.77,5440.54,3035.23,35.81,1866.16,0,34
26,CN-00026,ERP-PROV-MX-026-A,Premium Cafe Molido,inferido,T034,fisico,26.0,3991.54,2302.85,1688.69,42.31,1138.13,0,16
10,CN-00010,ERP-PROV-MX-010-D,Descafeinado Cafe Grano,explicito,T036,fisico,51.0,18200.33,8892.66,9307.67,51.14,6797.28,0,32
22,CN-00022,ERP-PROV-MX-022-A,Ensalada Comida Caliente,explicito,T010,fisico,38.0,6508.57,3654.68,2853.89,43.85,1956.16,0,30
38,CN-00038,ERP-PROV-MX-038-A,Selección Cafe Grano,explicito,T028,fisico,29.0,9971.56,6809.6,3161.96,31.71,1786.57,0,24
24,CN-00024,ERP-PROV-MX-024-A,Americano Cafe Molido,explicito,T019,fisico,47.0,15209.96,10070.65,5139.31,33.79,3041.38,0,34
23,CN-00023,ERP-PROV-MX-023-B,Ensalada Comida Caliente,explicito,T036,fisico,33.0,5205.04,2579.84,2625.2,50.44,1907.26,0,25
48,CN-00048,ERP-PROV-MX-048-C,Bolillo Panaderia,explicito,T035,fisico,39.0,956.23,371.07,585.16,61.19,453.27,0,27
24,CN-00024,ERP-PROV-MX-024-A,Americano Cafe Molido,explicito,T022,fisico,61.0,19872.75,13145.85,6726.9,33.85,3985.83,0,38
25,CN-00025,ERP-PROV-MX-025-C,Latte Bebidas,explicito,T002,fisico,41.0,1993.12,646.39,1346.73,67.57,1071.82,0,36
15,CN-00015,ERP-PROV-MX-015-D,Especial Cafe Molido,explicito,T006,fisico,47.0,16907.04,22265.38,-5358.34,-31.69,-7690.35,34,34
31,CN-00031,ERP-PROV-MX-031-A,Termo Mercancia,inferido,T024,fisico,25.0,13240.36,5681.42,7558.94,57.09,5732.68,0,27
44,CN-00044,ERP-PROV-MX-044-A,Filtros Mercancia,explicito,T015,fisico,45.0,11292.79,7709.13,3583.66,31.73,2026.03,0,36
32,CN-00032,ERP-PROV-MX-032-D,Americano Cafe Grano,explicito,T021,fisico,49.0,4919.82,2320.43,2599.39,52.84,1920.79,0,25
7,CN-00007,ERP-PROV-MX-007-D,Selección Cafe Grano,explicito,T012,fisico,33.0,8283.36,6324.84,1958.52,23.64,815.99,0,32
39,CN-00039,ERP-PROV-MX-039-B,Taza Mercancia,explicito,T003,fisico,54.0,42785.28,24999.78,17785.5,41.57,11884.08,0,36
28,CN-00028,ERP-PROV-MX-028-D,Selección Cafe Molido,explicito,T008,fisico,25.0,9541.19,5415.51,4125.68,43.24,2809.65,0,15
7,CN-00007,ERP-PROV-MX-007-D,Selección Cafe Grano,explicito,T023,fisico,57.0,14312.35,11442.15,2870.2,20.05,896.08,0,38
9,CN-00009,ERP-PROV-MX-009-B,Termo Mercancia,explicito,T023,fisico,36.0,22325.93,9532.52,12793.41,57.3,9713.97,0,28
47,CN-00047,ERP-PROV-MX-047-B,Filtros Mercancia,explicito,T017,fisico,43.0,21315.46,13755.5,7559.96,35.47,4619.9,0,37
68,CN-00068,ERP-PROV-MX-068-C,Croissant Panaderia,explicito,T040,fisico,34.0,1328.93,517.78,811.15,61.04,627.85,0,32
17,CN-00017,ERP-PROV-MX-017-B,Quiche Comida Caliente,explicito,T024,fisico,30.0,4892.02,2393.09,2498.93,51.08,1824.17,0,23
28,CN-00028,ERP-PROV-MX-028-D,Selección Cafe Molido,explicito,T023,fisico,42.0,16114.86,8343.84,7771.02,48.22,5548.28,0,27
17,CN-00017,ERP-PROV-MX-017-B,Quiche Comida Caliente,explicito,T017,fisico,46.0,7472.88,3696.54,3776.34,50.53,2745.6,0,25
52,CN-00052,ERP-PROV-MX-052-C,Americano Cafe Molido,explicito,T038,fisico,38.0,6471.27,4196.66,2274.61,35.15,1382.02,0,23
8,CN-00008,ERP-PROV-MX-008-C,Empanada Panaderia,explicito,T024,fisico,42.0,1611.05,887.44,723.61,44.92,501.4,0,27
39,CN-00039,ERP-PROV-MX-039-B,Taza Mercancia,explicito,T007,fisico,46.0,36794.43,21103.24,15691.19,42.65,10616.1,0,25
8,CN-00008,ERP-PROV-MX-008-C,Empanada Panaderia,explicito,T040,fisico,28.0,1079.11,593.68,485.43,44.98,336.59,0,20
11,CN-00011,ERP-PROV-MX-011-C,Bolillo Panaderia,inferido,T035,fisico,56.0,1610.01,750.41,859.6,53.39,637.53,0,32
17,CN-00017,ERP-PROV-MX-017-B,Quiche Comida Caliente,explicito,T037,fisico,32.0,5270.05,2569.29,2700.76,51.25,1973.86,0,27
28,CN-00028,ERP-PROV-MX-028-D,Selección Cafe Molido,explicito,T028,fisico,71.0,27274.58,14779.23,12495.35,45.81,8733.34,0,36
9,CN-00009,ERP-PROV-MX-009-B,Termo Mercancia,explicito,T036,fisico,41.0,25514.99,11049.0,14465.99,56.7,10946.68,0,27
68,CN-00068,ERP-PROV-MX-068-C,Croissant Panaderia,explicito,T032,fisico,44.0,1708.05,676.93,1031.12,60.37,795.53,0,31
8,CN-00008,ERP-PROV-MX-008-C,Empanada Panaderia,explicito,T033,fisico,44.0,1701.58,917.48,784.1,46.08,549.4,0,29
16,CN-00016,ERP-PROV-MX-016-C,Quiche Comida Caliente,inferido,T031,fisico,31.0,2643.92,1338.93,1304.99,49.36,940.31,0,25
66,CN-00066,ERP-PROV-MX-066-B,Mocha Bebidas,explicito,T028,fisico,54.0,3127.68,1125.62,2002.06,64.01,1570.66,0,31
65,CN-00065,ERP-PROV-MX-065-D,Estándar Cafe Molido,explicito,T016,fisico,28.0,5656.99,2869.48,2787.51,49.28,2007.24,0,22
16,CN-00016,ERP-PROV-MX-016-C,Quiche Comida Caliente,inferido,T007,fisico,57.0,4952.17,2451.09,2501.08,50.5,1818.02,0,38
40,CN-00040,ERP-PROV-MX-040-A,Chocolate Bebidas,explicito,T037,fisico,40.0,2135.92,684.64,1451.28,67.95,1156.67,0,30
11,CN-00011,ERP-PROV-MX-011-C,Bolillo Panaderia,inferido,T003,fisico,46.0,1298.37,646.29,652.08,50.22,472.99,0,38
52,CN-00052,ERP-PROV-MX-052-C,Americano Cafe Molido,explicito,T019,fisico,64.0,10769.54,7178.81,3590.73,33.34,2105.28,0,33
28,CN-00028,ERP-PROV-MX-028-D,Selección Cafe Molido,explicito,T010,fisico,43.0,16595.74,8956.76,7638.98,46.03,5349.91,0,27
68,CN-00068,ERP-PROV-MX-068-C,Croissant Panaderia,explicito,T029,fisico,38.0,1481.64,591.66,889.98,60.07,685.62,0,27
16,CN-00016,ERP-PROV-MX-016-C,Quiche Comida Caliente,inferido,T004,fisico,46.0,4004.2,1992.38,2011.82,50.24,1459.52,0,36
54,CN-00054,ERP-PROV-MX-054-B,Espresso Cafe Molido,explicito,T014,fisico,36.0,4153.0,2026.18,2126.82,51.21,1553.99,0,25
62,CN-00062,ERP-PROV-MX-062-B,Wrap Comida Caliente,explicito,T017,fisico,46.0,7533.71,3503.58,4030.13,53.49,2991.0,0,32
54,CN-00054,ERP-PROV-MX-054-B,Espresso Cafe Molido,explicito,T035,fisico,52.0,5960.28,2989.89,2970.39,49.84,2148.28,0,30
12,CN-00012,ERP-PROV-MX-012-B,Sándwich Comida Caliente,explicito,T024,fisico,39.0,5191.69,2214.98,2976.71,57.34,2260.61,0,23
67,CN-00067,ERP-PROV-MX-067-C,Premium Cafe Molido,explicito,T007,fisico,49.0,14208.83,7995.24,6213.59,43.73,4253.75,0,29
5,CN-00005,ERP-PROV-MX-005-C,Croissant Panaderia,explicito,T035,fisico,30.0,612.26,387.07,225.19,36.78,140.74,0,23
4,CN-00004,ERP-PROV-MX-004-B,Prensa Francesa Mercancia,explicito,T023,fisico,60.0,41201.29,15852.48,25348.81,61.52,19665.87,0,35
34,CN-00034,ERP-PROV-MX-034-D,Estándar Cafe Molido,explicito,T035,fisico,45.0,4877.14,2875.59,2001.55,41.04,1328.84,0,32
13,CN-00013,ERP-PROV-MX-013-B,Selección Cafe Molido,explicito,T037,fisico,48.0,9590.8,6642.38,2948.42,30.74,1625.55,0,31
13,CN-00013,ERP-PROV-MX-013-B,Selección Cafe Molido,explicito,T032,fisico,49.0,9956.51,6744.98,3211.53,32.26,1838.22,0,29
43,CN-00043,ERP-PROV-MX-043-A,Filtros Mercancia,explicito,T029,fisico,50.0,9197.21,4365.33,4831.88,52.54,3563.3,0,32
46,CN-00046,ERP-PROV-MX-046-A,Termo Mercancia,inferido,T026,fisico,51.0,27332.9,12160.02,15172.88,55.51,11402.82,0,34
37,CN-00037,ERP-PROV-MX-037-C,Tradicional Cafe Molido,explicito,T002,fisico,24.0,5305.28,2921.61,2383.67,44.93,1651.91,0,15
59,CN-00059,ERP-PROV-MX-059-B,Orgánico Cafe Grano,explicito,T030,fisico,27.0,6873.0,4862.76,2010.24,29.25,1062.24,0,22
37,CN-00037,ERP-PROV-MX-037-C,Tradicional Cafe Molido,explicito,T040,fisico,49.0,11001.63,5916.95,5084.68,46.22,3567.21,0,28
33,CN-00033,ERP-PROV-MX-033-D,Especial Cafe Molido,explicito,T040,fisico,31.0,8256.52,4831.03,3425.49,41.49,2286.66,0,27
34,CN-00034,ERP-PROV-MX-034-D,Estándar Cafe Molido,explicito,T037,fisico,53.0,5736.22,3402.56,2333.66,40.68,1542.46,0,28
50,CN-00050,ERP-PROV-MX-050-A,Chai Bebidas,explicito,T032,fisico,52.0,4733.29,2132.45,2600.84,54.95,1947.97,0,34
14,CN-00014,ERP-PROV-MX-014-D,Descafeinado Cafe Grano,explicito,T013,fisico,43.0,14915.57,9246.27,5669.3,38.01,3611.98,0,29
61,CN-00061,ERP-PROV-MX-061-D,Descafeinado Cafe Molido,explicito,T034,fisico,27.0,8020.67,4436.35,3584.32,44.69,2478.02,0,26
53,CN-00053,ERP-PROV-MX-053-A,Sándwich Comida Caliente,explicito,T012,fisico,48.0,6732.09,3604.56,3127.53,46.46,2198.97,0,30
34,CN-00034,ERP-PROV-MX-034-D,Estándar Cafe Molido,explicito,T040,fisico,54.0,5895.52,3484.8,2410.72,40.89,1597.54,0,36
34,CN-00034,ERP-PROV-MX-034-D,Estándar Cafe Molido,explicito,T031,fisico,38.0,4141.97,2430.9,1711.07,41.31,1139.76,0,30
6,CN-00006,ERP-PROV-MX-006-C,Estándar Cafe Grano,inferido,T032,fisico,44.0,8796.19,4628.27,4167.92,47.38,2954.65,0,32
54,CN-00054,ERP-PROV-MX-054-B,Espresso Cafe Molido,explicito,T032,fisico,36.0,4104.9,2046.61,2058.29,50.14,1492.1,0,32
30,CN-00030,ERP-PROV-MX-030-C,Molinillo Mercancia,explicito,T017,fisico,47.0,10653.44,5257.57,5395.87,50.65,3926.43,0,23
49,CN-00049,ERP-PROV-MX-049-A,Mocha Bebidas,explicito,T009,fisico,57.0,5020.42,1936.28,3084.14,61.43,2391.67,0,40
57,CN-00057,ERP-PROV-MX-057-C,Premium Cafe Grano,explicito,T021,fisico,37.0,6840.13,3368.53,3471.6,50.75,2528.13,0,29
2,CN-00002,ERP-PROV-MX-002-B,Sándwich Comida Caliente,explicito,T013,fisico,82.0,10791.28,13812.43,-3021.15,-28.0,-4509.6,40,40
6,CN-00006,ERP-PROV-MX-006-C,Estándar Cafe Grano,inferido,T006,fisico,45.0,9005.29,4527.24,4478.05,49.73,3235.94,0,29
43,CN-00043,ERP-PROV-MX-043-A,Filtros Mercancia,explicito,T034,fisico,47.0,8650.06,4083.12,4566.94,52.8,3373.83,0,29
57,CN-00057,ERP-PROV-MX-057-C,Premium Cafe Grano,explicito,T005,fisico,32.0,5885.53,2886.89,2998.64,50.95,2186.84,0,30
57,CN-00057,ERP-PROV-MX-057-C,Premium Cafe Grano,explicito,T015,fisico,57.0,10621.5,5166.51,5454.99,51.36,3989.96,0,42
27,CN-00027,ERP-PROV-MX-027-B,Latte Bebidas,explicito,T032,fisico,36.0,3275.64,1177.14,2098.5,64.06,1646.69,0,32
38,CN-00038,ERP-PROV-MX-038-A,Selección Cafe Grano,explicito,T039,fisico,38.0,13012.32,9033.04,3979.28,30.58,2184.48,0,26
58,CN-00058,ERP-PROV-MX-058-A,Chai Bebidas,explicito,T004,fisico,38.0,2955.13,1026.82,1928.31,65.25,1520.71,0,23
21,CN-00021,ERP-PROV-MX-021-A,Concha Panaderia,inferido,T011,fisico,24.0,614.64,275.54,339.1,55.17,254.32,0,21
23,CN-00023,ERP-PROV-MX-023-B,Ensalada Comida Caliente,explicito,T022,fisico,54.0,8458.0,4283.8,4174.2,49.35,3007.58,0,41
27,CN-00027,ERP-PROV-MX-027-B,Latte Bebidas,explicito,T034,fisico,40.0,3656.32,1333.1,2323.22,63.54,1818.9,0,35
38,CN-00038,ERP-PROV-MX-038-A,Selección Cafe Grano,explicito,T021,fisico,31.0,10605.61,7329.92,3275.69,30.89,1812.85,0,21
36,CN-00036,ERP-PROV-MX-036-A,Gourmet Cafe Grano,inferido,T015,fisico,57.0,17934.01,10738.1,7195.91,40.12,4722.25,0,42
22,CN-00022,ERP-PROV-MX-022-A,Ensalada Comida Caliente,explicito,T036,fisico,51.0,8650.39,4906.14,3744.25,43.28,2551.09,0,36
42,CN-00042,ERP-PROV-MX-042-A,Quiche Comida Caliente,explicito,T024,fisico,42.0,3627.27,1637.36,1989.91,54.86,1489.6,0,24
10,CN-00010,ERP-PROV-MX-010-D,Descafeinado Cafe Grano,explicito,T023,fisico,56.0,20145.08,9859.0,10286.08,51.06,7507.45,0,36
22,CN-00022,ERP-PROV-MX-022-A,Ensalada Comida Caliente,explicito,T039,fisico,45.0,7721.5,4331.48,3390.02,43.9,2324.99,0,23
15,CN-00015,ERP-PROV-MX-015-D,Especial Cafe Molido,explicito,T009,fisico,30.0,10881.48,14239.94,-3358.46,-30.86,-4859.35,25,25
70,CN-00070,ERP-PROV-MX-070-D,Molinillo Mercancia,explicito,T036,fisico,62.0,23363.74,14739.43,8624.31,36.91,5401.73,0,36
47,CN-00047,ERP-PROV-MX-047-B,Filtros Mercancia,explicito,T021,fisico,39.0,19550.45,12444.24,7106.21,36.35,4409.6,0,28
52,CN-00052,ERP-PROV-MX-052-C,Americano Cafe Molido,explicito,T015,fisico,31.0,5179.01,3544.78,1634.23,31.55,919.88,0,24
52,CN-00052,ERP-PROV-MX-052-C,Americano Cafe Molido,explicito,T010,fisico,31.0,5282.16,3485.11,1797.05,34.02,1068.48,0,22
28,CN-00028,ERP-PROV-MX-028-D,Selección Cafe Molido,explicito,T031,fisico,37.0,14384.99,7477.55,6907.44,48.02,4923.3,0,29
70,CN-00070,ERP-PROV-MX-070-D,Molinillo Mercancia,explicito,T024,fisico,35.0,13107.39,8277.87,4829.52,36.85,3021.6,0,30
28,CN-00028,ERP-PROV-MX-028-D,Selección Cafe Molido,explicito,T033,fisico,52.0,20025.84,10679.63,9346.21,46.67,6584.03,0,30
70,CN-00070,ERP-PROV-MX-070-D,Molinillo Mercancia,explicito,T037,fisico,46.0,17244.32,10774.29,6470.03,37.52,4091.5,0,36
52,CN-00052,ERP-PROV-MX-052-C,Americano Cafe Molido,explicito,T024,fisico,22.0,3761.8,2478.63,1283.17,34.11,764.3,0,21
70,CN-00070,ERP-PROV-MX-070-D,Molinillo Mercancia,explicito,T022,fisico,30.0,11234.65,6975.84,4258.81,37.91,2709.2,0,23
8,CN-00008,ERP-PROV-MX-008-C,Empanada Panaderia,explicito,T027,fisico,50.0,1940.99,1053.96,887.03,45.7,619.31,0,32
12,CN-00012,ERP-PROV-MX-012-B,Sándwich Comida Caliente,explicito,T031,fisico,54.0,7112.11,3073.55,4038.56,56.78,3057.58,0,37
16,CN-00016,ERP-PROV-MX-016-C,Quiche Comida Caliente,inferido,T012,fisico,35.0,3047.91,1534.62,1513.29,49.65,1092.89,0,23
28,CN-00028,ERP-PROV-MX-028-D,Selección Cafe Molido,explicito,T032,fisico,35.0,13360.77,7018.97,6341.8,47.47,4498.94,0,23
39,CN-00039,ERP-PROV-MX-039-B,Taza Mercancia,explicito,T032,fisico,40.0,31930.03,18734.22,13195.81,41.33,8791.67,0,26
68,CN-00068,ERP-PROV-MX-068-C,Croissant Panaderia,explicito,T037,fisico,44.0,1714.24,676.93,1037.31,60.51,800.86,0,28
56,CN-00056,ERP-PROV-MX-056-C,Empanada Panaderia,explicito,T005,fisico,39.0,635.15,308.15,327.0,51.48,239.39,0,23
41,CN-00041,ERP-PROV-MX-041-D,Gourmet Cafe Molido,inferido,T029,fisico,47.0,3595.23,2087.08,1508.15,41.95,1012.26,0,34
43,CN-00043,ERP-PROV-MX-043-A,Filtros Mercancia,explicito,T040,fisico,52.0,9605.27,4495.94,5109.33,53.19,3784.47,0,37
61,CN-00061,ERP-PROV-MX-061-D,Descafeinado Cafe Molido,explicito,T026,fisico,51.0,15047.15,8413.86,6633.29,44.08,4557.82,0,36
67,CN-00067,ERP-PROV-MX-067-C,Premium Cafe Molido,explicito,T012,fisico,37.0,10822.43,6076.11,4746.32,43.86,3253.57,0,23
33,CN-00033,ERP-PROV-MX-033-D,Especial Cafe Molido,explicito,T030,fisico,35.0,9314.91,5339.53,3975.38,42.68,2690.56,0,25
34,CN-00034,ERP-PROV-MX-034-D,Estándar Cafe Molido,explicito,T026,fisico,43.0,4651.77,2792.61,1859.16,39.97,1217.54,0,27
30,CN-00030,ERP-PROV-MX-030-C,Molinillo Mercancia,explicito,T007,fisico,32.0,7195.82,3575.55,3620.27,50.31,2627.74,0,24
67,CN-00067,ERP-PROV-MX-067-C,Premium Cafe Molido,explicito,T015,fisico,40.0,11736.08,6535.47,5200.61,44.31,3581.84,0,28
6,CN-00006,ERP-PROV-MX-006-C,Estándar Cafe Grano,inferido,T003,fisico,43.0,8654.95,4364.19,4290.76,49.58,3096.97,0,31
34,CN-00034,ERP-PROV-MX-034-D,Estándar Cafe Molido,explicito,T008,fisico,47.0,5087.21,3029.97,2057.24,40.44,1355.56,0,30
37,CN-00037,ERP-PROV-MX-037-C,Tradicional Cafe Molido,explicito,T027,fisico,71.0,15915.19,8674.98,7240.21,45.49,5045.01,0,44
30,CN-00030,ERP-PROV-MX-030-C,Molinillo Mercancia,explicito,T023,fisico,50.0,11227.9,5628.68,5599.22,49.87,4050.54,0,31
34,CN-00034,ERP-PROV-MX-034-D,Estándar Cafe Molido,explicito,T015,fisico,51.0,5529.89,3352.79,2177.1,39.37,1414.36,0,31
53,CN-00053,ERP-PROV-MX-053-A,Sándwich Comida Caliente,explicito,T027,fisico,48.0,6704.1,3791.86,2912.24,43.44,1987.54,0,32
44,CN-00044,ERP-PROV-MX-044-A,Filtros Mercancia,explicito,T036,fisico,43.0,10676.19,7354.48,3321.71,31.11,1849.13,0,29
18,CN-00018,ERP-PROV-MX-018-A,Tradicional Cafe Molido,explicito,T020,fisico,49.0,11592.91,6462.23,5130.68,44.26,3531.66,0,36
27,CN-00027,ERP-PROV-MX-027-B,Latte Bebidas,explicito,T026,fisico,39.0,3488.1,1287.42,2200.68,63.09,1719.56,0,25
36,CN-00036,ERP-PROV-MX-036-A,Gourmet Cafe Grano,inferido,T003,fisico,34.0,10667.09,6472.58,4194.51,39.32,2723.19,0,29
35,CN-00035,ERP-PROV-MX-035-A,Sándwich Comida Caliente,explicito,T004,fisico,37.0,5184.15,3438.35,1745.8,33.68,1030.74,0,27
24,CN-00024,ERP-PROV-MX-024-A,Americano Cafe Molido,explicito,T012,fisico,26.0,8331.32,5441.96,2889.36,34.68,1740.21,0,22
65,CN-00065,ERP-PROV-MX-065-D,Estándar Cafe Molido,explicito,T017,fisico,29.0,5910.0,2972.67,2937.33,49.7,2122.16,0,26
47,CN-00047,ERP-PROV-MX-047-B,Filtros Mercancia,explicito,T030,fisico,22.0,10947.72,7052.48,3895.24,35.58,2385.21,0,21
47,CN-00047,ERP-PROV-MX-047-B,Filtros Mercancia,explicito,T033,fisico,62.0,30931.44,19805.8,11125.64,35.97,6859.23,0,41
7,CN-00007,ERP-PROV-MX-007-D,Selección Cafe Grano,explicito,T040,fisico,28.0,7020.9,5526.38,1494.52,21.29,526.12,0,25
53,CN-00053,ERP-PROV-MX-053-A,Sándwich Comida Caliente,explicito,T036,fisico,48.0,6638.82,3742.19,2896.63,43.63,1980.93,0,35
30,CN-00030,ERP-PROV-MX-030-C,Molinillo Mercancia,explicito,T014,fisico,53.0,11935.89,5954.65,5981.24,50.11,4334.91,0,31
14,CN-00014,ERP-PROV-MX-014-D,Descafeinado Cafe Grano,explicito,T004,fisico,47.0,16170.41,9989.34,6181.07,38.22,3950.67,0,24
6,CN-00006,ERP-PROV-MX-006-C,Estándar Cafe Grano,inferido,T009,fisico,72.0,14474.44,7445.72,7028.72,48.56,5032.25,0,36
5,CN-00005,ERP-PROV-MX-005-C,Croissant Panaderia,explicito,T011,fisico,22.0,449.2,282.92,166.28,37.02,104.32,0,20
14,CN-00014,ERP-PROV-MX-014-D,Descafeinado Cafe Grano,explicito,T036,fisico,36.0,12382.49,7630.07,4752.42,38.38,3044.49,0,25
5,CN-00005,ERP-PROV-MX-005-C,Croissant Panaderia,explicito,T005,fisico,35.0,706.98,460.01,246.97,34.93,149.46,0,24
38,CN-00038,ERP-PROV-MX-038-A,Selección Cafe Grano,explicito,T001,fisico,50.0,16976.33,11808.4,5167.93,30.44,2826.37,0,37
66,CN-00066,ERP-PROV-MX-066-B,Mocha Bebidas,explicito,T010,fisico,27.0,1544.52,565.6,978.92,63.38,765.88,0,16
23,CN-00023,ERP-PROV-MX-023-B,Ensalada Comida Caliente,explicito,T029,fisico,25.0,3929.67,1994.74,1934.93,49.24,1392.91,0,22
24,CN-00024,ERP-PROV-MX-024-A,Americano Cafe Molido,explicito,T015,fisico,41.0,13381.66,8829.07,4552.59,34.02,2706.84,0,28
40,CN-00040,ERP-PROV-MX-040-A,Chocolate Bebidas,explicito,T040,fisico,28.0,1491.63,482.83,1008.8,67.63,803.06,0,17
12,CN-00012,ERP-PROV-MX-012-B,Sándwich Comida Caliente,explicito,T038,fisico,35.0,4637.77,1928.36,2709.41,58.42,2069.72,0,27
47,CN-00047,ERP-PROV-MX-047-B,Filtros Mercancia,explicito,T016,fisico,61.0,30305.25,19373.42,10931.83,36.07,6751.8,0,36
52,CN-00052,ERP-PROV-MX-052-C,Americano Cafe Molido,explicito,T017,fisico,41.0,7052.13,4629.1,2423.03,34.36,1450.32,0,33
68,CN-00068,ERP-PROV-MX-068-C,Croissant Panaderia,explicito,T015,fisico,34.0,1327.96,510.11,817.85,61.59,634.68,0,28
19,CN-00019,ERP-PROV-MX-019-D,Gourmet Cafe Molido,explicito,T031,fisico,45.0,12228.41,6625.51,5602.9,45.82,3916.22,0,32
56,CN-00056,ERP-PROV-MX-056-C,Empanada Panaderia,explicito,T027,fisico,51.0,836.29,403.5,432.79,51.75,317.44,0,29
51,CN-00051,ERP-PROV-MX-051-C,Termo Mercancia,explicito,T012,fisico,40.0,19443.35,9385.75,10057.6,51.73,7375.76,0,30
34,CN-00034,ERP-PROV-MX-034-D,Estándar Cafe Molido,explicito,T023,fisico,57.0,6144.5,3674.69,2469.81,40.2,1622.29,0,27
35,CN-00035,ERP-PROV-MX-035-A,Sándwich Comida Caliente,explicito,T023,fisico,55.0,7673.34,5255.69,2417.65,31.51,1359.26,0,35
22,CN-00022,ERP-PROV-MX-022-A,Ensalada Comida Caliente,explicito,T021,fisico,41.0,6915.8,3948.95,2966.85,42.9,2012.95,0,27
47,CN-00047,ERP-PROV-MX-047-B,Filtros Mercancia,explicito,T038,fisico,61.0,30051.45,19435.82,10615.63,35.32,6470.6,0,37
14,CN-00014,ERP-PROV-MX-014-D,Descafeinado Cafe Grano,explicito,T010,fisico,35.0,11851.72,7463.6,4388.12,37.03,2753.4,0,27
61,CN-00061,ERP-PROV-MX-061-D,Descafeinado Cafe Molido,explicito,T028,fisico,43.0,12776.03,7153.47,5622.56,44.01,3860.35,0,24
60,CN-00060,ERP-PROV-MX-060-A,Espresso Cafe Grano,explicito,T002,fisico,32.0,6261.58,4016.32,2245.26,35.86,1381.59,0,26
20,CN-00020,ERP-PROV-MX-020-C,Taza Mercancia,explicito,T040,fisico,37.0,22157.46,9491.21,12666.25,57.16,9610.05,0,24
69,CN-00069,ERP-PROV-MX-069-C,Estándar Cafe Grano,explicito,T023,fisico,22.0,7956.86,4317.57,3639.29,45.74,2541.79,0,20
18,CN-00018,ERP-PROV-MX-018-A,Tradicional Cafe Molido,explicito,ECOMMERCE,ecommerce,412.0,102300.69,53721.0,48579.69,47.49,34469.25,0,308
13,CN-00013,ERP-PROV-MX-013-B,Selección Cafe Molido,explicito,ECOMMERCE,ecommerce,404.0,84860.34,55684.25,29176.09,34.38,17471.22,0,305
39,CN-00039,ERP-PROV-MX-039-B,Taza Mercancia,explicito,ECOMMERCE,ecommerce,388.0,324072.65,183175.15,140897.5,43.48,96197.83,0,300
65,CN-00065,ERP-PROV-MX-065-D,Estándar Cafe Molido,explicito,ECOMMERCE,ecommerce,405.0,85527.1,41512.06,44015.04,51.46,32218.2,0,297
55,CN-00055,ERP-PROV-MX-055-C,Termo Mercancia,explicito,T016,fisico,38.0,23673.6,11029.54,12644.06,53.41,9378.74,0,31
1,CN-00001,ERP-PROV-MX-001-A,Sándwich Comida Caliente,inferido,T028,fisico,40.0,3006.06,3360.0,-353.94,-11.77,-768.57,37,37
3,CN-00003,ERP-PROV-MX-003-D,Filtros Mercancia,explicito,T031,fisico,59.0,9631.06,4507.82,5123.24,53.19,3794.82,0,31
22,CN-00022,ERP-PROV-MX-022-A,Ensalada Comida Caliente,explicito,T024,fisico,53.0,9045.82,5096.71,3949.11,43.66,2701.41,0,28
44,CN-00044,ERP-PROV-MX-044-A,Filtros Mercancia,explicito,T017,fisico,48.0,11967.57,8174.04,3793.53,31.7,2142.83,0,34
3,CN-00003,ERP-PROV-MX-003-D,Filtros Mercancia,explicito,T019,fisico,38.0,6173.72,2873.73,3299.99,53.45,2448.44,0,29
58,CN-00058,ERP-PROV-MX-058-A,Chai Bebidas,explicito,T003,fisico,35.0,2686.73,953.15,1733.58,64.52,1363.0,0,30
31,CN-00031,ERP-PROV-MX-031-A,Termo Mercancia,inferido,T002,fisico,38.0,20522.51,8648.4,11874.11,57.86,9043.42,0,21
42,CN-00042,ERP-PROV-MX-042-A,Quiche Comida Caliente,explicito,T016,fisico,48.0,4210.26,1873.48,2336.78,55.5,1756.05,0,30
45,CN-00045,ERP-PROV-MX-045-D,Especial Cafe Grano,explicito,T037,fisico,54.0,5337.25,3526.78,1810.47,33.92,1074.3,0,37
48,CN-00048,ERP-PROV-MX-048-C,Bolillo Panaderia,explicito,T026,fisico,44.0,1076.97,415.86,661.11,61.39,512.56,0,31
42,CN-00042,ERP-PROV-MX-042-A,Quiche Comida Caliente,explicito,T033,fisico,40.0,3497.61,1589.96,1907.65,54.54,1425.22,0,28
27,CN-00027,ERP-PROV-MX-027-B,Latte Bebidas,explicito,T022,fisico,43.0,3848.1,1393.28,2454.82,63.79,1924.05,0,31
1,CN-00001,ERP-PROV-MX-001-A,Sándwich Comida Caliente,inferido,T032,fisico,30.0,2256.59,2520.0,-263.41,-11.67,-574.66,26,26
29,CN-00029,ERP-PROV-MX-029-C,Termo Mercancia,explicito,T036,fisico,32.0,20145.06,9939.56,10205.5,50.66,7426.87,0,25
38,CN-00038,ERP-PROV-MX-038-A,Selección Cafe Grano,explicito,T013,fisico,24.0,8224.9,5691.04,2533.86,30.81,1399.39,0,23
15,CN-00015,ERP-PROV-MX-015-D,Especial Cafe Molido,explicito,T001,fisico,59.0,21592.72,28031.86,-6439.14,-29.82,-9417.45,38,38
58,CN-00058,ERP-PROV-MX-058-A,Chai Bebidas,explicito,T025,fisico,49.0,3779.91,1347.41,2432.5,64.35,1911.13,0,31
1,CN-00001,ERP-PROV-MX-001-A,Sándwich Comida Caliente,inferido,T001,fisico,69.0,5163.46,5796.0,-632.54,-12.25,-1344.74,40,40
48,CN-00048,ERP-PROV-MX-048-C,Bolillo Panaderia,explicito,T015,fisico,44.0,1082.44,411.97,670.47,61.94,521.17,0,31
44,CN-00044,ERP-PROV-MX-044-A,Filtros Mercancia,explicito,T013,fisico,54.0,13399.09,9261.51,4137.58,30.88,2289.43,0,32
38,CN-00038,ERP-PROV-MX-038-A,Selección Cafe Grano,explicito,T002,fisico,48.0,16414.5,11271.2,5143.3,31.33,2879.23,0,29
35,CN-00035,ERP-PROV-MX-035-A,Sándwich Comida Caliente,explicito,T020,fisico,63.0,8829.02,5945.88,2883.14,32.66,1665.34,0,35
58,CN-00058,ERP-PROV-MX-058-A,Chai Bebidas,explicito,T016,fisico,21.0,1644.25,581.29,1062.96,64.65,836.17,0,20
24,CN-00024,ERP-PROV-MX-024-A,Americano Cafe Molido,explicito,T014,fisico,53.0,17235.53,11059.75,6175.78,35.83,3798.47,0,36
48,CN-00048,ERP-PROV-MX-048-C,Bolillo Panaderia,explicito,T033,fisico,42.0,1016.67,396.81,619.86,60.97,479.63,0,20
18,CN-00018,ERP-PROV-MX-018-A,Tradicional Cafe Molido,explicito,T024,fisico,39.0,9244.0,5181.83,4062.17,43.94,2787.14,0,32
48,CN-00048,ERP-PROV-MX-048-C,Bolillo Panaderia,explicito,T040,fisico,33.0,808.81,313.92,494.89,61.19,383.33,0,22
38,CN-00038,ERP-PROV-MX-038-A,Selección Cafe Grano,explicito,T034,fisico,54.0,18533.41,12580.96,5952.45,32.12,3396.12,0,34
58,CN-00058,ERP-PROV-MX-058-A,Chai Bebidas,explicito,T001,fisico,44.0,3399.15,1195.56,2203.59,64.83,1734.74,0,30
1,CN-00001,ERP-PROV-MX-001-A,Sándwich Comida Caliente,inferido,T005,fisico,40.0,2978.91,3394.6,-415.69,-13.95,-826.57,34,34
27,CN-00027,ERP-PROV-MX-027-B,Latte Bebidas,explicito,T015,fisico,54.0,4878.98,1788.24,3090.74,63.35,2417.78,0,33
9,CN-00009,ERP-PROV-MX-009-B,Termo Mercancia,explicito,T008,fisico,56.0,34666.58,14608.33,20058.25,57.86,15276.65,0,36
11,CN-00011,ERP-PROV-MX-011-C,Bolillo Panaderia,inferido,T022,fisico,41.0,1184.87,559.25,625.62,52.8,462.19,0,27
19,CN-00019,ERP-PROV-MX-019-D,Gourmet Cafe Molido,explicito,T016,fisico,59.0,15952.6,8663.72,7288.88,45.69,5088.52,0,32
56,CN-00056,ERP-PROV-MX-056-C,Empanada Panaderia,explicito,T040,fisico,48.0,777.51,383.28,394.23,50.7,286.99,0,34
19,CN-00019,ERP-PROV-MX-019-D,Gourmet Cafe Molido,explicito,T002,fisico,55.0,14977.0,8132.46,6844.54,45.7,4778.75,0,39
9,CN-00009,ERP-PROV-MX-009-B,Termo Mercancia,explicito,T009,fisico,36.0,22142.14,9598.69,12543.45,56.65,9489.36,0,28
32,CN-00032,ERP-PROV-MX-032-D,Americano Cafe Grano,explicito,T027,fisico,47.0,4674.77,2242.06,2432.71,52.04,1787.91,0,36
68,CN-00068,ERP-PROV-MX-068-C,Croissant Panaderia,explicito,T004,fisico,50.0,1944.61,776.08,1168.53,60.09,900.31,0,34
21,CN-00021,ERP-PROV-MX-021-A,Concha Panaderia,inferido,T036,fisico,56.0,1446.02,642.56,803.46,55.56,604.01,0,39
39,CN-00039,ERP-PROV-MX-039-B,Taza Mercancia,explicito,T015,fisico,37.0,29235.59,17261.1,11974.49,40.96,7941.99,0,32
28,CN-00028,ERP-PROV-MX-028-D,Selección Cafe Molido,explicito,T001,fisico,42.0,16327.39,8526.69,7800.7,47.78,5548.65,0,35
70,CN-00070,ERP-PROV-MX-070-D,Molinillo Mercancia,explicito,T025,fisico,32.0,11971.55,7651.15,4320.4,36.09,2669.15,0,28
32,CN-00032,ERP-PROV-MX-032-D,Americano Cafe Grano,explicito,T036,fisico,50.0,4958.58,2371.95,2586.63,52.16,1902.69,0,30
11,CN-00011,ERP-PROV-MX-011-C,Bolillo Panaderia,inferido,T026,fisico,32.0,915.9,422.19,493.71,53.9,367.38,0,30
8,CN-00008,ERP-PROV-MX-008-C,Empanada Panaderia,explicito,T001,fisico,39.0,1490.84,802.89,687.95,46.15,482.32,0,25
39,CN-00039,ERP-PROV-MX-039-B,Taza Mercancia,explicito,T005,fisico,62.0,49418.2,28966.78,20451.42,41.38,13635.12,0,38
19,CN-00019,ERP-PROV-MX-019-D,Gourmet Cafe Molido,explicito,T021,fisico,34.0,9340.08,5022.11,4317.97,46.23,3029.68,0,29
52,CN-00052,ERP-PROV-MX-052-C,Americano Cafe Molido,explicito,T003,fisico,51.0,8577.93,5721.34,2856.59,33.3,1673.43,0,28
19,CN-00019,ERP-PROV-MX-019-D,Gourmet Cafe Molido,explicito,T003,fisico,24.0,6659.12,3569.14,3089.98,46.4,2171.48,0,22
19,CN-00019,ERP-PROV-MX-019-D,Gourmet Cafe Molido,explicito,T019,fisico,42.0,11348.77,6182.82,5165.95,45.52,3600.6,0,28
40,CN-00040,ERP-PROV-MX-040-A,Chocolate Bebidas,explicito,T036,fisico,40.0,2160.86,684.64,1476.22,68.32,1178.17,0,22
68,CN-00068,ERP-PROV-MX-068-C,Croissant Panaderia,explicito,T024,fisico,67.0,2613.16,1048.5,1564.66,59.88,1204.22,0,36
20,CN-00020,ERP-PROV-MX-020-C,Taza Mercancia,explicito,T009,fisico,39.0,23324.19,9841.37,13482.82,57.81,10265.69,0,32
7,CN-00007,ERP-PROV-MX-007-D,Selección Cafe Grano,explicito,T001,fisico,50.0,12623.78,9932.15,2691.63,21.32,950.42,0,34
40,CN-00040,ERP-PROV-MX-040-A,Chocolate Bebidas,explicito,T001,fisico,51.0,2766.32,876.64,1889.68,68.31,1508.12,0,34
56,CN-00056,ERP-PROV-MX-056-C,Empanada Panaderia,explicito,T026,fisico,38.0,616.94,303.38,313.56,50.83,228.46,0,28
19,CN-00019,ERP-PROV-MX-019-D,Gourmet Cafe Molido,explicito,T038,fisico,40.0,10735.04,5815.43,4919.61,45.83,3438.91,0,31
16,CN-00016,ERP-PROV-MX-016-C,Quiche Comida Caliente,inferido,T029,fisico,47.0,4045.78,2037.29,2008.49,49.64,1450.45,0,34
14,CN-00014,ERP-PROV-MX-014-D,Descafeinado Cafe Grano,explicito,T016,fisico,46.0,15874.16,9751.72,6122.44,38.57,3932.9,0,30
2,CN-00002,ERP-PROV-MX-002-B,Sándwich Comida Caliente,explicito,T007,fisico,55.0,7204.83,9214.65,-2009.82,-27.9,-3003.59,34,34
49,CN-00049,ERP-PROV-MX-049-A,Mocha Bebidas,explicito,T031,fisico,49.0,4306.65,1656.84,2649.81,61.53,2055.79,0,34
30,CN-00030,ERP-PROV-MX-030-C,Molinillo Mercancia,explicito,T010,fisico,39.0,8741.57,4378.55,4363.02,49.91,3157.29,0,30
14,CN-00014,ERP-PROV-MX-014-D,Descafeinado Cafe Grano,explicito,T031,fisico,47.0,16257.94,10061.33,6196.61,38.11,3954.14,0,31
57,CN-00057,ERP-PROV-MX-057-C,Premium Cafe Grano,explicito,T011,fisico,69.0,12855.43,6256.9,6598.53,51.33,4825.37,0,36
37,CN-00037,ERP-PROV-MX-037-C,Tradicional Cafe Molido,explicito,T022,fisico,35.0,7807.49,4342.83,3464.66,44.38,2387.76,0,27
49,CN-00049,ERP-PROV-MX-049-A,Mocha Bebidas,explicito,T023,fisico,25.0,2200.52,850.03,1350.49,61.37,1046.97,0,22
13,CN-00013,ERP-PROV-MX-013-B,Selección Cafe Molido,explicito,T022,fisico,35.0,7055.04,4805.94,2249.1,31.88,1275.99,0,26
4,CN-00004,ERP-PROV-MX-004-B,Prensa Francesa Mercancia,explicito,T012,fisico,51.0,35237.83,13474.28,21763.55,61.76,16903.16,0,30
6,CN-00006,ERP-PROV-MX-006-C,Estándar Cafe Grano,inferido,T011,fisico,33.0,6671.22,3552.34,3118.88,46.75,2198.71,0,24
6,CN-00006,ERP-PROV-MX-006-C,Estándar Cafe Grano,inferido,T020,fisico,31.0,6190.96,3205.69,2985.27,48.22,2131.34,0,23
37,CN-00037,ERP-PROV-MX-037-C,Tradicional Cafe Molido,explicito,T006,fisico,25.0,5587.42,3040.6,2546.82,45.58,1776.14,0,23
62,CN-00062,ERP-PROV-MX-062-B,Wrap Comida Caliente,explicito,T006,fisico,49.0,8104.43,3732.74,4371.69,53.94,3253.84,0,34
69,CN-00069,ERP-PROV-MX-069-C,Estándar Cafe Grano,explicito,T011,fisico,37.0,13399.99,7049.6,6350.39,47.39,4502.12,0,27
37,CN-00037,ERP-PROV-MX-037-C,Tradicional Cafe Molido,explicito,T003,fisico,41.0,9095.72,5017.93,4077.79,44.83,2823.21,0,30
12,CN-00012,ERP-PROV-MX-012-B,Sándwich Comida Caliente,explicito,T037,fisico,55.0,7375.44,3123.48,4251.96,57.65,3234.66,0,34
5,CN-00005,ERP-PROV-MX-005-C,Croissant Panaderia,explicito,T021,fisico,33.0,676.83,426.21,250.62,37.03,157.26,0,28
12,CN-00012,ERP-PROV-MX-012-B,Sándwich Comida Caliente,explicito,T004,fisico,36.0,4769.15,2065.08,2704.07,56.7,2046.26,0,20
13,CN-00013,ERP-PROV-MX-013-B,Selección Cafe Molido,explicito,T003,fisico,61.0,12244.3,8452.8,3791.5,30.97,2102.63,0,36
14,CN-00014,ERP-PROV-MX-014-D,Descafeinado Cafe Grano,explicito,T017,fisico,51.0,17666.86,10848.54,6818.32,38.59,4381.51,0,28
6,CN-00006,ERP-PROV-MX-006-C,Estándar Cafe Grano,inferido,T023,fisico,31.0,6234.91,3164.19,3070.72,49.25,2210.73,0,23
46,CN-00046,ERP-PROV-MX-046-A,Termo Mercancia,inferido,T033,fisico,39.0,20748.42,9067.44,11680.98,56.3,8819.13,0,34
50,CN-00050,ERP-PROV-MX-050-A,Chai Bebidas,explicito,T005,fisico,48.0,4384.21,1962.74,2421.47,55.23,1816.75,0,26
69,CN-00069,ERP-PROV-MX-069-C,Estándar Cafe Grano,explicito,T018,fisico,53.0,19272.01,10220.95,9051.06,46.96,6392.85,0,33
67,CN-00067,ERP-PROV-MX-067-C,Premium Cafe Molido,explicito,T039,fisico,38.0,11016.8,6232.22,4784.58,43.43,3265.02,0,28
53,CN-00053,ERP-PROV-MX-053-A,Sándwich Comida Caliente,explicito,T033,fisico,38.0,5290.44,2904.36,2386.08,45.1,1656.36,0,30
41,CN-00041,ERP-PROV-MX-041-D,Gourmet Cafe Molido,inferido,T028,fisico,49.0,3802.2,2168.35,1633.85,42.97,1109.41,0,29
4,CN-00004,ERP-PROV-MX-004-B,Prensa Francesa Mercancia,explicito,T025,fisico,63.0,43542.2,16627.72,26914.48,61.81,20908.66,0,33
34,CN-00034,ERP-PROV-MX-034-D,Estándar Cafe Molido,explicito,T030,fisico,43.0,4634.24,2786.43,1847.81,39.87,1208.6,0,27
53,CN-00053,ERP-PROV-MX-053-A,Sándwich Comida Caliente,explicito,T030,fisico,63.0,8751.69,4941.3,3810.39,43.54,2603.26,0,35
62,CN-00062,ERP-PROV-MX-062-B,Wrap Comida Caliente,explicito,T039,fisico,39.0,6431.54,2918.18,3513.36,54.63,2626.25,0,30
6,CN-00006,ERP-PROV-MX-006-C,Estándar Cafe Grano,inferido,T013,fisico,41.0,8305.98,4063.44,4242.54,51.08,3096.89,0,23
45,CN-00045,ERP-PROV-MX-045-D,Especial Cafe Grano,explicito,T028,fisico,29.0,2887.25,1893.42,993.83,34.42,595.59,0,19
24,CN-00024,ERP-PROV-MX-024-A,Americano Cafe Molido,explicito,T027,fisico,81.0,26182.37,17452.21,8730.16,33.34,5118.8,0,42
15,CN-00015,ERP-PROV-MX-015-D,Especial Cafe Molido,explicito,T004,fisico,70.0,25374.32,32992.78,-7618.46,-30.02,-11118.37,36,36
25,CN-00025,ERP-PROV-MX-025-C,Latte Bebidas,explicito,T017,fisico,54.0,2618.64,850.9,1767.74,67.51,1406.55,0,37
1,CN-00001,ERP-PROV-MX-001-A,Sándwich Comida Caliente,inferido,T015,fisico,52.0,3892.61,4368.0,-475.39,-12.21,-1012.3,37,37
18,CN-00018,ERP-PROV-MX-018-A,Tradicional Cafe Molido,explicito,T008,fisico,43.0,10270.11,5581.27,4688.84,45.66,3272.27,0,27
29,CN-00029,ERP-PROV-MX-029-C,Termo Mercancia,explicito,T021,fisico,24.0,15071.14,7423.29,7647.85,50.75,5569.07,0,21
1,CN-00001,ERP-PROV-MX-001-A,Sándwich Comida Caliente,inferido,T038,fisico,45.0,3336.51,3780.0,-443.49,-13.29,-903.7,30,30
35,CN-00035,ERP-PROV-MX-035-A,Sándwich Comida Caliente,explicito,T025,fisico,29.0,4029.59,2739.46,1290.13,32.02,734.32,0,21
26,CN-00026,ERP-PROV-MX-026-A,Premium Cafe Molido,inferido,T002,fisico,27.0,4192.09,2380.68,1811.41,43.21,1233.19,0,22
38,CN-00038,ERP-PROV-MX-038-A,Selección Cafe Grano,explicito,T024,fisico,35.0,11878.85,8240.4,3638.45,30.63,1999.99,0,28
15,CN-00015,ERP-PROV-MX-015-D,Especial Cafe Molido,explicito,T007,fisico,45.0,16379.27,21372.5,-4993.23,-30.49,-7252.44,32,32
23,CN-00023,ERP-PROV-MX-023-B,Ensalada Comida Caliente,explicito,T031,fisico,35.0,5516.12,2787.94,2728.18,49.46,1967.34,0,31
3,CN-00003,ERP-PROV-MX-003-D,Filtros Mercancia,explicito,T003,fisico,26.0,4191.95,1989.13,2202.82,52.55,1624.62,0,22
25,CN-00025,ERP-PROV-MX-025-C,Latte Bebidas,explicito,T036,fisico,59.0,2828.69,930.85,1897.84,67.09,1507.68,0,33
3,CN-00003,ERP-PROV-MX-003-D,Filtros Mercancia,explicito,T025,fisico,50.0,8106.36,3798.32,4308.04,53.14,3189.92,0,32
24,CN-00024,ERP-PROV-MX-024-A,Americano Cafe Molido,explicito,T009,fisico,50.0,16280.47,10644.66,5635.81,34.62,3390.23,0,32
42,CN-00042,ERP-PROV-MX-042-A,Quiche Comida Caliente,explicito,T001,fisico,40.0,3507.82,1569.62,1938.2,55.25,1454.36,0,30
17,CN-00017,ERP-PROV-MX-017-B,Quiche Comida Caliente,explicito,T032,fisico,45.0,7345.09,3579.34,3765.75,51.27,2752.63,0,34
66,CN-00066,ERP-PROV-MX-066-B,Mocha Bebidas,explicito,T031,fisico,31.0,1780.76,645.66,1135.1,63.74,889.48,0,25
28,CN-00028,ERP-PROV-MX-028-D,Selección Cafe Molido,explicito,T007,fisico,42.0,16017.16,8338.91,7678.25,47.94,5468.99,0,32
52,CN-00052,ERP-PROV-MX-052-C,Americano Cafe Molido,explicito,T012,fisico,50.0,8521.37,5706.69,2814.68,33.03,1639.32,0,26
7,CN-00007,ERP-PROV-MX-007-D,Selección Cafe Grano,explicito,T034,fisico,36.0,9038.66,7085.21,1953.45,21.61,706.74,0,29
9,CN-00009,ERP-PROV-MX-009-B,Termo Mercancia,explicito,T005,fisico,40.0,24784.93,10720.03,14064.9,56.75,10646.29,0,28
47,CN-00047,ERP-PROV-MX-047-B,Filtros Mercancia,explicito,T011,fisico,54.0,27029.03,17160.75,9868.28,36.51,6140.14,0,31
16,CN-00016,ERP-PROV-MX-016-C,Quiche Comida Caliente,inferido,T014,fisico,25.0,2168.86,1076.96,1091.9,50.34,792.75,0,24
68,CN-00068,ERP-PROV-MX-068-C,Croissant Panaderia,explicito,T018,fisico,50.0,1946.41,773.66,1172.75,60.25,904.28,0,28
68,CN-00068,ERP-PROV-MX-068-C,Croissant Panaderia,explicito,T033,fisico,41.0,1603.49,629.67,973.82,60.73,752.65,0,27
8,CN-00008,ERP-PROV-MX-008-C,Empanada Panaderia,explicito,T036,fisico,52.0,1990.79,1100.74,890.05,44.71,615.46,0,39
17,CN-00017,ERP-PROV-MX-017-B,Quiche Comida Caliente,explicito,T001,fisico,32.0,5220.87,2543.05,2677.82,51.29,1957.7,0,24
28,CN-00028,ERP-PROV-MX-028-D,Selección Cafe Molido,explicito,T020,fisico,41.0,15868.15,8347.23,7520.92,47.4,5332.21,0,26
20,CN-00020,ERP-PROV-MX-020-C,Taza Mercancia,explicito,T004,fisico,43.0,26028.83,10983.98,15044.85,57.8,11454.67,0,34
16,CN-00016,ERP-PROV-MX-016-C,Quiche Comida Caliente,inferido,T002,fisico,28.0,2417.64,1208.44,1209.2,50.02,875.73,0,25
19,CN-00019,ERP-PROV-MX-019-D,Gourmet Cafe Molido,explicito,T006,fisico,49.0,13263.29,7194.06,6069.23,45.76,4239.81,0,35
65,CN-00065,ERP-PROV-MX-065-D,Estándar Cafe Molido,explicito,T004,fisico,31.0,6249.9,3176.49,3073.41,49.18,2211.35,0,27
51,CN-00051,ERP-PROV-MX-051-C,Termo Mercancia,explicito,T032,fisico,44.0,21157.46,10327.96,10829.5,51.19,7911.23,0,34
61,CN-00061,ERP-PROV-MX-061-D,Descafeinado Cafe Molido,explicito,T018,fisico,50.0,14817.43,8268.92,6548.51,44.19,4504.73,0,34
59,CN-00059,ERP-PROV-MX-059-B,Orgánico Cafe Grano,explicito,T034,fisico,51.0,13029.21,9204.48,3824.73,29.36,2027.6,0,28
59,CN-00059,ERP-PROV-MX-059-B,Orgánico Cafe Grano,explicito,T029,fisico,55.0,13948.49,9977.98,3970.51,28.47,2046.58,0,32
13,CN-00013,ERP-PROV-MX-013-B,Selección Cafe Molido,explicito,T012,fisico,38.0,7684.95,5189.86,2495.09,32.47,1435.1,0,22
33,CN-00033,ERP-PROV-MX-033-D,Especial Cafe Molido,explicito,T025,fisico,45.0,11901.06,7046.88,4854.18,40.79,3212.65,0,34
37,CN-00037,ERP-PROV-MX-037-C,Tradicional Cafe Molido,explicito,T017,fisico,46.0,10248.6,5768.77,4479.83,43.71,3066.23,0,25
33,CN-00033,ERP-PROV-MX-033-D,Especial Cafe Molido,explicito,T004,fisico,25.0,6561.83,3996.33,2565.5,39.1,1660.42,0,20
50,CN-00050,ERP-PROV-MX-050-A,Chai Bebidas,explicito,T002,fisico,54.0,4934.6,2241.52,2693.08,54.58,2012.45,0,35
49,CN-00049,ERP-PROV-MX-049-A,Mocha Bebidas,explicito,T005,fisico,59.0,5185.99,2019.13,3166.86,61.07,2451.55,0,40
53,CN-00053,ERP-PROV-MX-053-A,Sándwich Comida Caliente,explicito,T026,fisico,37.0,5170.11,2940.94,2229.17,43.12,1516.05,0,27
57,CN-00057,ERP-PROV-MX-057-C,Premium Cafe Grano,explicito,T030,fisico,37.0,6857.65,3388.29,3469.36,50.59,2523.48,0,29
43,CN-00043,ERP-PROV-MX-043-A,Filtros Mercancia,explicito,T037,fisico,50.0,9243.12,4321.73,4921.39,53.24,3646.48,0,31
61,CN-00061,ERP-PROV-MX-061-D,Descafeinado Cafe Molido,explicito,T025,fisico,33.0,9674.92,5429.71,4245.21,43.88,2910.74,0,23
22,CN-00022,ERP-PROV-MX-022-A,Ensalada Comida Caliente,explicito,T038,fisico,41.0,6982.43,3941.95,3040.48,43.54,2077.39,0,37
60,CN-00060,ERP-PROV-MX-060-A,Espresso Cafe Grano,explicito,T005,fisico,47.0,9210.81,5930.12,3280.69,35.62,2010.23,0,27
35,CN-00035,ERP-PROV-MX-035-A,Sándwich Comida Caliente,explicito,T016,fisico,53.0,7348.72,4957.36,2391.36,32.54,1377.74,0,27
15,CN-00015,ERP-PROV-MX-015-D,Especial Cafe Molido,explicito,T011,fisico,49.0,17492.81,23322.62,-5829.81,-33.33,-8242.61,25,25
22,CN-00022,ERP-PROV-MX-022-A,Ensalada Comida Caliente,explicito,T005,fisico,41.0,6951.6,3943.02,3008.58,43.28,2049.74,0,29
66,CN-00066,ERP-PROV-MX-066-B,Mocha Bebidas,explicito,T015,fisico,44.0,2553.66,914.39,1639.27,64.19,1287.04,0,32
21,CN-00021,ERP-PROV-MX-021-A,Concha Panaderia,inferido,T018,fisico,39.0,1001.06,445.66,555.4,55.48,417.32,0,35
44,CN-00044,ERP-PROV-MX-044-A,Filtros Mercancia,explicito,T026,fisico,44.0,10856.64,7524.74,3331.9,30.69,1834.43,0,27
17,CN-00017,ERP-PROV-MX-017-B,Quiche Comida Caliente,explicito,T026,fisico,34.0,5501.16,2715.35,2785.81,50.64,2027.03,0,30
39,CN-00039,ERP-PROV-MX-039-B,Taza Mercancia,explicito,T033,fisico,35.0,28028.67,16245.94,11782.73,42.04,7916.71,0,27
46,CN-00046,ERP-PROV-MX-046-A,Termo Mercancia,inferido,T005,fisico,45.0,24092.35,10769.64,13322.71,55.3,9999.63,0,29
53,CN-00053,ERP-PROV-MX-053-A,Sándwich Comida Caliente,explicito,T011,fisico,36.0,5054.89,2843.01,2211.88,43.76,1514.65,0,25
49,CN-00049,ERP-PROV-MX-049-A,Mocha Bebidas,explicito,T028,fisico,40.0,3495.91,1373.82,2122.09,60.7,1639.9,0,21
14,CN-00014,ERP-PROV-MX-014-D,Descafeinado Cafe Grano,explicito,T008,fisico,69.0,23742.56,14657.85,9084.71,38.26,5809.87,0,34
62,CN-00062,ERP-PROV-MX-062-B,Wrap Comida Caliente,explicito,T003,fisico,26.0,4329.7,1978.57,2351.13,54.3,1753.93,0,19
63,CN-00063,ERP-PROV-MX-063-C,Gourmet Cafe Molido,explicito,T010,fisico,28.0,2344.42,1522.61,821.81,35.05,498.44,0,22
7,CN-00007,ERP-PROV-MX-007-D,Selección Cafe Grano,explicito,T032,fisico,55.0,13861.98,10909.44,2952.54,21.3,1040.54,0,34
9,CN-00009,ERP-PROV-MX-009-B,Termo Mercancia,explicito,T030,fisico,37.0,22793.04,9585.98,13207.06,57.94,10063.19,0,32
47,CN-00047,ERP-PROV-MX-047-B,Filtros Mercancia,explicito,T015,fisico,26.0,12862.3,8326.75,4535.55,35.26,2761.44,0,22
4,CN-00004,ERP-PROV-MX-004-B,Prensa Francesa Mercancia,explicito,T018,fisico,44.0,29827.52,11668.61,18158.91,60.88,14044.77,0,34
4,CN-00004,ERP-PROV-MX-004-B,Prensa Francesa Mercancia,explicito,T007,fisico,50.0,34513.98,13279.26,21234.72,61.52,16474.17,0,33
45,CN-00045,ERP-PROV-MX-045-D,Especial Cafe Grano,explicito,T008,fisico,27.0,2674.76,1764.08,910.68,34.05,541.75,0,22
2,CN-00002,ERP-PROV-MX-002-B,Sándwich Comida Caliente,explicito,T006,fisico,37.0,4828.89,6299.99,-1471.1,-30.46,-2137.15,27,27
69,CN-00069,ERP-PROV-MX-069-C,Estándar Cafe Grano,explicito,T007,fisico,38.0,13806.49,7394.08,6412.41,46.44,4508.07,0,30
53,CN-00053,ERP-PROV-MX-053-A,Sándwich Comida Caliente,explicito,T031,fisico,38.0,5324.13,2895.97,2428.16,45.61,1693.8,0,23
36,CN-00036,ERP-PROV-MX-036-A,Gourmet Cafe Grano,inferido,T004,fisico,37.0,11676.85,6911.35,4765.5,40.81,3154.9,0,27
12,CN-00012,ERP-PROV-MX-012-B,Sándwich Comida Caliente,explicito,T033,fisico,45.0,6009.61,2552.88,3456.73,57.52,2627.82,0,32
30,CN-00030,ERP-PROV-MX-030-C,Molinillo Mercancia,explicito,ECOMMERCE,ecommerce,414.0,97378.74,46472.09,50906.65,52.28,37475.1,0,319
24,CN-00024,ERP-PROV-MX-024-A,Americano Cafe Molido,explicito,ECOMMERCE,ecommerce,439.0,149287.49,95999.31,53288.18,35.7,32696.8,0,314
55,CN-00055,ERP-PROV-MX-055-C,Termo Mercancia,explicito,T028,fisico,44.0,28044.93,12760.06,15284.87,54.5,11416.6,0,31
55,CN-00055,ERP-PROV-MX-055-C,Termo Mercancia,explicito,T007,fisico,41.0,25632.27,11942.18,13690.09,53.41,10154.6,0,33
48,CN-00048,ERP-PROV-MX-048-C,Bolillo Panaderia,explicito,T036,fisico,58.0,1418.01,540.3,877.71,61.9,682.12,0,34
63,CN-00063,ERP-PROV-MX-063-C,Gourmet Cafe Molido,explicito,T038,fisico,58.0,4919.56,3135.62,1783.94,36.26,1105.38,0,40
58,CN-00058,ERP-PROV-MX-058-A,Chai Bebidas,explicito,T037,fisico,37.0,2863.62,999.13,1864.49,65.11,1469.51,0,30
31,CN-00031,ERP-PROV-MX-031-A,Termo Mercancia,inferido,T004,fisico,38.0,20296.5,8701.16,11595.34,57.13,8795.82,0,24
58,CN-00058,ERP-PROV-MX-058-A,Chai Bebidas,explicito,T017,fisico,45.0,3478.56,1230.45,2248.11,64.63,1768.31,0,33
45,CN-00045,ERP-PROV-MX-045-D,Especial Cafe Grano,explicito,T015,fisico,45.0,4503.6,2937.48,1566.12,34.77,944.93,0,32
22,CN-00022,ERP-PROV-MX-022-A,Ensalada Comida Caliente,explicito,T001,fisico,42.0,7146.43,4039.35,3107.08,43.48,2121.37,0,28
55,CN-00055,ERP-PROV-MX-055-C,Termo Mercancia,explicito,T038,fisico,43.0,26815.58,12467.0,14348.58,53.51,10649.88,0,27
23,CN-00023,ERP-PROV-MX-023-B,Ensalada Comida Caliente,explicito,T012,fisico,50.0,7832.08,4007.0,3825.08,48.84,2744.79,0,33
64,CN-00064,ERP-PROV-MX-064-C,Frappé Bebidas,explicito,T037,fisico,43.0,3645.98,1321.69,2324.29,63.75,1821.4,0,30
36,CN-00036,ERP-PROV-MX-036-A,Gourmet Cafe Grano,inferido,T016,fisico,62.0,19273.0,11659.62,7613.38,39.5,4955.04,0,33
27,CN-00027,ERP-PROV-MX-027-B,Latte Bebidas,explicito,T013,fisico,38.0,3414.46,1201.48,2212.98,64.81,1742.02,0,31
36,CN-00036,ERP-PROV-MX-036-A,Gourmet Cafe Grano,inferido,T023,fisico,58.0,18276.5,10968.55,7307.95,39.99,4787.05,0,36
35,CN-00035,ERP-PROV-MX-035-A,Sándwich Comida Caliente,explicito,T040,fisico,45.0,6289.53,4270.59,2018.94,32.1,1151.42,0,32
27,CN-00027,ERP-PROV-MX-027-B,Latte Bebidas,explicito,T030,fisico,43.0,3867.09,1422.56,2444.53,63.21,1911.14,0,29
10,CN-00010,ERP-PROV-MX-010-D,Descafeinado Cafe Grano,explicito,T001,fisico,35.0,12561.01,6227.33,6333.68,50.42,4601.13,0,29
15,CN-00015,ERP-PROV-MX-015-D,Especial Cafe Molido,explicito,T036,fisico,96.0,34721.77,45722.24,-11000.47,-31.68,-15789.68,44,44
29,CN-00029,ERP-PROV-MX-029-C,Termo Mercancia,explicito,T008,fisico,61.0,37824.89,19024.33,18800.56,49.7,13583.33,0,29
24,CN-00024,ERP-PROV-MX-024-A,Americano Cafe Molido,explicito,T007,fisico,53.0,17151.21,11201.83,5949.38,34.69,3583.7,0,36
63,CN-00063,ERP-PROV-MX-063-C,Gourmet Cafe Molido,explicito,T013,fisico,42.0,3515.24,2227.0,1288.24,36.65,803.38,0,23
35,CN-00035,ERP-PROV-MX-035-A,Sándwich Comida Caliente,explicito,T031,fisico,55.0,7632.5,5199.98,2432.52,31.87,1379.76,0,32
44,CN-00044,ERP-PROV-MX-044-A,Filtros Mercancia,explicito,T008,fisico,35.0,8843.31,5984.66,2858.65,32.33,1638.88,0,24
42,CN-00042,ERP-PROV-MX-042-A,Quiche Comida Caliente,explicito,T009,fisico,50.0,4372.91,1978.02,2394.89,54.77,1791.73,0,30
25,CN-00025,ERP-PROV-MX-025-C,Latte Bebidas,explicito,T039,fisico,44.0,2129.86,694.84,1435.02,67.38,1141.25,0,35
60,CN-00060,ERP-PROV-MX-060-A,Espresso Cafe Grano,explicito,T023,fisico,41.0,8026.72,5162.12,2864.6,35.69,1757.47,0,30
22,CN-00022,ERP-PROV-MX-022-A,Ensalada Comida Caliente,explicito,T035,fisico,34.0,5819.19,3270.83,2548.36,43.79,1745.71,0,28
64,CN-00064,ERP-PROV-MX-064-C,Frappé Bebidas,explicito,T034,fisico,57.0,4813.45,1760.64,3052.81,63.42,2388.89,0,33
27,CN-00027,ERP-PROV-MX-027-B,Latte Bebidas,explicito,T033,fisico,53.0,4754.19,1769.32,2984.87,62.78,2329.12,0,35
7,CN-00007,ERP-PROV-MX-007-D,Selección Cafe Grano,explicito,T030,fisico,49.0,12315.72,9701.38,2614.34,21.23,915.62,0,38
65,CN-00065,ERP-PROV-MX-065-D,Estándar Cafe Molido,explicito,T029,fisico,52.0,10461.84,5330.68,5131.16,49.05,3688.15,0,37
70,CN-00070,ERP-PROV-MX-070-D,Molinillo Mercancia,explicito,T032,fisico,44.0,16546.96,10527.79,6019.17,36.38,3736.83,0,34
39,CN-00039,ERP-PROV-MX-039-B,Taza Mercancia,explicito,T030,fisico,42.0,33416.89,19547.64,13869.25,41.5,9260.02,0,30
32,CN-00032,ERP-PROV-MX-032-D,Americano Cafe Grano,explicito,T022,fisico,57.0,5669.48,2707.44,2962.04,52.25,2180.04,0,31
19,CN-00019,ERP-PROV-MX-019-D,Gourmet Cafe Molido,explicito,T022,fisico,27.0,7383.79,3976.58,3407.21,46.14,2388.76,0,24
52,CN-00052,ERP-PROV-MX-052-C,Americano Cafe Molido,explicito,T005,fisico,53.0,8993.93,5985.95,3007.98,33.44,1767.44,0,36
17,CN-00017,ERP-PROV-MX-017-B,Quiche Comida Caliente,explicito,T018,fisico,20.0,3252.57,1627.98,1624.59,49.95,1175.96,0,18
65,CN-00065,ERP-PROV-MX-065-D,Estándar Cafe Molido,explicito,T020,fisico,48.0,9698.91,4923.65,4775.26,49.24,3437.48,0,33
68,CN-00068,ERP-PROV-MX-068-C,Croissant Panaderia,explicito,T021,fisico,52.0,2026.03,828.49,1197.54,59.11,918.09,0,30
66,CN-00066,ERP-PROV-MX-066-B,Mocha Bebidas,explicito,T009,fisico,61.0,3540.31,1282.8,2257.51,63.77,1769.19,0,40
32,CN-00032,ERP-PROV-MX-032-D,Americano Cafe Grano,explicito,T038,fisico,56.0,5592.09,2640.51,2951.58,52.78,2180.26,0,37
19,CN-00019,ERP-PROV-MX-019-D,Gourmet Cafe Molido,explicito,T001,fisico,44.0,11872.16,6430.28,5441.88,45.84,3804.34,0,34
17,CN-00017,ERP-PROV-MX-017-B,Quiche Comida Caliente,explicito,T006,fisico,39.0,6370.12,3112.59,3257.53,51.14,2378.89,0,32
68,CN-00068,ERP-PROV-MX-068-C,Croissant Panaderia,explicito,T007,fisico,44.0,1708.27,685.17,1023.1,59.89,787.48,0,24
65,CN-00065,ERP-PROV-MX-065-D,Estándar Cafe Molido,explicito,T035,fisico,68.0,13776.19,6971.94,6804.25,49.39,4904.09,0,39
9,CN-00009,ERP-PROV-MX-009-B,Termo Mercancia,explicito,T011,fisico,53.0,33012.59,13988.08,19024.51,57.63,14471.05,0,37
8,CN-00008,ERP-PROV-MX-008-C,Empanada Panaderia,explicito,T028,fisico,36.0,1377.12,761.14,615.98,44.73,426.03,0,22
52,CN-00052,ERP-PROV-MX-052-C,Americano Cafe Molido,explicito,T004,fisico,56.0,9508.13,6351.66,3156.47,33.2,1845.0,0,35
19,CN-00019,ERP-PROV-MX-019-D,Gourmet Cafe Molido,explicito,T034,fisico,33.0,8968.97,4852.94,4116.03,45.89,2878.93,0,26
20,CN-00020,ERP-PROV-MX-020-C,Taza Mercancia,explicito,T033,fisico,49.0,29477.28,12449.43,17027.85,57.77,12962.02,0,37
66,CN-00066,ERP-PROV-MX-066-B,Mocha Bebidas,explicito,T016,fisico,60.0,3481.17,1249.43,2231.74,64.11,1751.58,0,40
61,CN-00061,ERP-PROV-MX-061-D,Descafeinado Cafe Molido,explicito,T039,fisico,37.0,10929.17,6151.77,4777.4,43.71,3269.93,0,30
50,CN-00050,ERP-PROV-MX-050-A,Chai Bebidas,explicito,T016,fisico,35.0,3182.52,1425.59,1756.93,55.21,1317.96,0,19
46,CN-00046,ERP-PROV-MX-046-A,Termo Mercancia,inferido,T015,fisico,58.0,31108.2,13440.14,17668.06,56.8,13377.27,0,30
12,CN-00012,ERP-PROV-MX-012-B,Sándwich Comida Caliente,explicito,T006,fisico,34.0,4536.24,1943.32,2592.92,57.16,1967.23,0,25
37,CN-00037,ERP-PROV-MX-037-C,Tradicional Cafe Molido,explicito,T024,fisico,73.0,16205.63,9049.05,7156.58,44.16,4921.32,0,37
61,CN-00061,ERP-PROV-MX-061-D,Descafeinado Cafe Molido,explicito,T009,fisico,46.0,13456.99,7643.24,5813.75,43.2,3957.61,0,29
49,CN-00049,ERP-PROV-MX-049-A,Mocha Bebidas,explicito,T040,fisico,62.0,5379.57,2111.95,3267.62,60.74,2525.61,0,34
53,CN-00053,ERP-PROV-MX-053-A,Sándwich Comida Caliente,explicito,T014,fisico,52.0,7269.18,4016.26,3252.92,44.75,2250.27,0,30
16,CN-00016,ERP-PROV-MX-016-C,Quiche Comida Caliente,inferido,T020,fisico,43.0,3694.81,1863.94,1830.87,49.55,1321.24,0,30
2,CN-00002,ERP-PROV-MX-002-B,Sándwich Comida Caliente,explicito,T027,fisico,38.0,5002.33,6428.66,-1426.33,-28.51,-2116.31,30,30
50,CN-00050,ERP-PROV-MX-050-A,Chai Bebidas,explicito,T021,fisico,50.0,4556.38,2061.34,2495.04,54.76,1866.57,0,33
69,CN-00069,ERP-PROV-MX-069-C,Estándar Cafe Grano,explicito,T026,fisico,47.0,17066.3,8948.75,8117.55,47.56,5763.58,0,34
51,CN-00051,ERP-PROV-MX-051-C,Termo Mercancia,explicito,T004,fisico,33.0,15975.73,7768.93,8206.8,51.37,6003.25,0,22
37,CN-00037,ERP-PROV-MX-037-C,Tradicional Cafe Molido,explicito,T033,fisico,74.0,16526.83,9065.25,7461.58,45.15,5182.02,0,44
13,CN-00013,ERP-PROV-MX-013-B,Selección Cafe Molido,explicito,T026,fisico,32.0,6503.41,4447.25,2056.16,31.62,1159.14,0,28
69,CN-00069,ERP-PROV-MX-069-C,Estándar Cafe Grano,explicito,T019,fisico,49.0,17906.28,9624.31,8281.97,46.25,5812.14,0,32
61,CN-00061,ERP-PROV-MX-061-D,Descafeinado Cafe Molido,explicito,T001,fisico,67.0,19623.16,11097.87,8525.29,43.45,5818.65,0,35
6,CN-00006,ERP-PROV-MX-006-C,Estándar Cafe Grano,inferido,T030,fisico,39.0,7824.29,4120.47,3703.82,47.34,2624.61,0,27
67,CN-00067,ERP-PROV-MX-067-C,Premium Cafe Molido,explicito,T005,fisico,32.0,9370.45,5234.95,4135.5,44.13,2843.02,0,29
5,CN-00005,ERP-PROV-MX-005-C,Croissant Panaderia,explicito,T039,fisico,53.0,1072.99,689.59,383.4,35.73,235.4,0,27
33,CN-00033,ERP-PROV-MX-033-D,Especial Cafe Molido,explicito,T038,fisico,26.0,6958.64,4039.14,2919.5,41.96,1959.69,0,18
51,CN-00051,ERP-PROV-MX-051-C,Termo Mercancia,explicito,T009,fisico,37.0,17849.62,8596.28,9253.34,51.84,6791.32,0,22
54,CN-00054,ERP-PROV-MX-054-B,Espresso Cafe Molido,explicito,T004,fisico,54.0,6137.58,3096.57,3041.01,49.55,2194.45,0,26
61,CN-00061,ERP-PROV-MX-061-D,Descafeinado Cafe Molido,explicito,T031,fisico,53.0,15637.6,8766.42,6871.18,43.94,4714.27,0,35
6,CN-00006,ERP-PROV-MX-006-C,Estándar Cafe Grano,inferido,T016,fisico,48.0,9807.82,5035.03,4772.79,48.66,3419.99,0,30
5,CN-00005,ERP-PROV-MX-005-C,Croissant Panaderia,explicito,T033,fisico,35.0,719.68,451.37,268.31,37.28,169.04,0,28
54,CN-00054,ERP-PROV-MX-054-B,Espresso Cafe Molido,explicito,T013,fisico,42.0,4824.95,2379.13,2445.82,50.69,1780.31,0,26
37,CN-00037,ERP-PROV-MX-037-C,Tradicional Cafe Molido,explicito,T026,fisico,40.0,8952.6,4924.78,4027.82,44.99,2792.98,0,25
67,CN-00067,ERP-PROV-MX-067-C,Premium Cafe Molido,explicito,T030,fisico,35.0,10207.89,5718.2,4489.69,43.98,3081.71,0,28
49,CN-00049,ERP-PROV-MX-049-A,Mocha Bebidas,explicito,T022,fisico,33.0,2935.31,1122.21,1813.1,61.77,1408.23,0,24
61,CN-00061,ERP-PROV-MX-061-D,Descafeinado Cafe Molido,explicito,T014,fisico,34.0,10151.97,5615.38,4536.59,44.69,3136.32,0,23
59,CN-00059,ERP-PROV-MX-059-B,Orgánico Cafe Grano,explicito,T028,fisico,40.0,10245.15,7206.4,3038.75,29.66,1625.63,0,29
50,CN-00050,ERP-PROV-MX-050-A,Chai Bebidas,explicito,T038,fisico,44.0,3998.5,1826.52,2171.98,54.32,1620.46,0,29
49,CN-00049,ERP-PROV-MX-049-A,Mocha Bebidas,explicito,T026,fisico,34.0,2979.65,1163.28,1816.37,60.96,1405.38,0,21
18,CN-00018,ERP-PROV-MX-018-A,Tradicional Cafe Molido,explicito,T031,fisico,44.0,10453.39,5786.58,4666.81,44.64,3224.96,0,30
36,CN-00036,ERP-PROV-MX-036-A,Gourmet Cafe Grano,inferido,T027,fisico,56.0,17824.38,10568.74,7255.64,40.71,4797.1,0,35
27,CN-00027,ERP-PROV-MX-027-B,Latte Bebidas,explicito,T020,fisico,57.0,5124.1,1860.78,3263.32,63.69,2556.55,0,30
42,CN-00042,ERP-PROV-MX-042-A,Quiche Comida Caliente,explicito,T035,fisico,39.0,3373.17,1521.22,1851.95,54.9,1386.69,0,31
31,CN-00031,ERP-PROV-MX-031-A,Termo Mercancia,inferido,T023,fisico,36.0,19573.27,8411.88,11161.39,57.02,8461.63,0,28
31,CN-00031,ERP-PROV-MX-031-A,Termo Mercancia,inferido,T013,fisico,34.0,18383.12,7828.56,10554.56,57.41,8018.96,0,32
48,CN-00048,ERP-PROV-MX-048-C,Bolillo Panaderia,explicito,T021,fisico,19.0,472.7,178.3,294.4,62.28,229.2,0,18
35,CN-00035,ERP-PROV-MX-035-A,Sándwich Comida Caliente,explicito,T007,fisico,31.0,4358.96,2890.19,1468.77,33.7,867.53,0,22
31,CN-00031,ERP-PROV-MX-031-A,Termo Mercancia,inferido,T005,fisico,50.0,26869.08,11645.62,15223.46,56.66,11517.38,0,28
10,CN-00010,ERP-PROV-MX-010-D,Descafeinado Cafe Grano,explicito,T033,fisico,40.0,14471.8,7013.93,7457.87,51.53,5461.76,0,35
48,CN-00048,ERP-PROV-MX-048-C,Bolillo Panaderia,explicito,T011,fisico,44.0,1071.14,415.21,655.93,61.24,508.19,0,33
42,CN-00042,ERP-PROV-MX-042-A,Quiche Comida Caliente,explicito,T022,fisico,36.0,3129.0,1414.82,1714.18,54.78,1282.59,0,25
35,CN-00035,ERP-PROV-MX-035-A,Sándwich Comida Caliente,explicito,T015,fisico,51.0,7172.23,4862.52,2309.71,32.2,1320.44,0,30
17,CN-00017,ERP-PROV-MX-017-B,Quiche Comida Caliente,explicito,T027,fisico,54.0,8766.82,4309.66,4457.16,50.84,3247.94,0,37
32,CN-00032,ERP-PROV-MX-032-D,Americano Cafe Grano,explicito,T010,fisico,52.0,5204.27,2496.81,2707.46,52.02,1989.63,0,29
32,CN-00032,ERP-PROV-MX-032-D,Americano Cafe Grano,explicito,T012,fisico,46.0,4571.86,2191.25,2380.61,52.07,1750.01,0,33
8,CN-00008,ERP-PROV-MX-008-C,Empanada Panaderia,explicito,T034,fisico,32.0,1247.84,673.29,574.55,46.04,402.43,0,24
9,CN-00009,ERP-PROV-MX-009-B,Termo Mercancia,explicito,T010,fisico,47.0,29106.88,12558.85,16548.03,56.85,12533.29,0,29
11,CN-00011,ERP-PROV-MX-011-C,Bolillo Panaderia,inferido,T027,fisico,30.0,863.7,389.68,474.02,54.88,354.89,0,27
68,CN-00068,ERP-PROV-MX-068-C,Croissant Panaderia,explicito,T002,fisico,26.0,1018.08,408.43,609.65,59.88,469.23,0,23
7,CN-00007,ERP-PROV-MX-007-D,Selección Cafe Grano,explicito,T009,fisico,34.0,8615.94,6698.22,1917.72,22.26,729.31,0,27
12,CN-00012,ERP-PROV-MX-012-B,Sándwich Comida Caliente,explicito,T022,fisico,47.0,6283.21,2697.4,3585.81,57.07,2719.16,0,28
40,CN-00040,ERP-PROV-MX-040-A,Chocolate Bebidas,explicito,T007,fisico,44.0,2354.83,751.54,1603.29,68.09,1278.49,0,27
70,CN-00070,ERP-PROV-MX-070-D,Molinillo Mercancia,explicito,T008,fisico,32.0,12272.66,7665.25,4607.41,37.54,2914.63,0,22
47,CN-00047,ERP-PROV-MX-047-B,Filtros Mercancia,explicito,T012,fisico,62.0,30804.83,19691.71,11113.12,36.08,6864.18,0,39
40,CN-00040,ERP-PROV-MX-040-A,Chocolate Bebidas,explicito,T027,fisico,31.0,1658.18,534.53,1123.65,67.76,894.94,0,23
65,CN-00065,ERP-PROV-MX-065-D,Estándar Cafe Molido,explicito,T019,fisico,40.0,7964.32,4107.59,3856.73,48.43,2758.2,0,23
13,CN-00013,ERP-PROV-MX-013-B,Selección Cafe Molido,explicito,T033,fisico,42.0,8450.47,5758.02,2692.45,31.86,1526.87,0,29
59,CN-00059,ERP-PROV-MX-059-B,Orgánico Cafe Grano,explicito,T032,fisico,47.0,11904.68,8308.22,3596.46,30.21,1954.44,0,25
33,CN-00033,ERP-PROV-MX-033-D,Especial Cafe Molido,explicito,T001,fisico,41.0,10902.67,6664.44,4238.23,38.87,2734.41,0,28
46,CN-00046,ERP-PROV-MX-046-A,Termo Mercancia,inferido,T039,fisico,51.0,27206.11,11861.11,15345.0,56.4,11592.43,0,32
34,CN-00034,ERP-PROV-MX-034-D,Estándar Cafe Molido,explicito,T013,fisico,60.0,6540.45,3856.83,2683.62,41.03,1781.49,0,36
37,CN-00037,ERP-PROV-MX-037-C,Tradicional Cafe Molido,explicito,T008,fisico,44.0,9753.3,5433.55,4319.75,44.29,2974.47,0,27
34,CN-00034,ERP-PROV-MX-034-D,Estándar Cafe Molido,explicito,T007,fisico,33.0,3581.45,2120.11,1461.34,40.8,967.35,0,27
4,CN-00004,ERP-PROV-MX-004-B,Prensa Francesa Mercancia,explicito,T002,fisico,36.0,24736.07,9515.12,15220.95,61.53,11809.08,0,28
62,CN-00062,ERP-PROV-MX-062-B,Wrap Comida Caliente,explicito,T034,fisico,69.0,11371.97,5260.96,6111.01,53.74,4542.46,0,38
30,CN-00030,ERP-PROV-MX-030-C,Molinillo Mercancia,explicito,T024,fisico,46.0,10401.62,5176.06,5225.56,50.24,3790.85,0,29
69,CN-00069,ERP-PROV-MX-069-C,Estándar Cafe Grano,explicito,T038,fisico,38.0,13837.28,7350.82,6486.46,46.88,4577.87,0,32
50,CN-00050,ERP-PROV-MX-050-A,Chai Bebidas,explicito,T012,fisico,30.0,2735.64,1240.76,1494.88,54.64,1117.55,0,26
31,CN-00031,ERP-PROV-MX-031-A,Termo Mercancia,inferido,T029,fisico,33.0,17901.8,7789.44,10112.36,56.49,7643.15,0,22
35,CN-00035,ERP-PROV-MX-035-A,Sándwich Comida Caliente,explicito,T032,fisico,57.0,7983.62,5333.22,2650.4,33.2,1549.21,0,29
25,CN-00025,ERP-PROV-MX-025-C,Latte Bebidas,explicito,T011,fisico,26.0,1272.23,410.36,861.87,67.74,686.39,0,19
58,CN-00058,ERP-PROV-MX-058-A,Chai Bebidas,explicito,T006,fisico,40.0,3081.41,1079.0,2002.41,64.98,1577.39,0,28
3,CN-00003,ERP-PROV-MX-003-D,Filtros Mercancia,explicito,T033,fisico,35.0,5576.19,2678.87,2897.32,51.96,2128.19,0,21
28,CN-00028,ERP-PROV-MX-028-D,Selección Cafe Molido,explicito,T016,fisico,57.0,22032.71,11574.72,10457.99,47.47,7419.0,0,36
39,CN-00039,ERP-PROV-MX-039-B,Taza Mercancia,explicito,T023,fisico,35.0,28102.53,16354.82,11747.71,41.8,7871.5,0,22
16,CN-00016,ERP-PROV-MX-016-C,Quiche Comida Caliente,inferido,T036,fisico,44.0,3792.73,1889.87,1902.86,50.17,1379.72,0,33
2,CN-00002,ERP-PROV-MX-002-B,Sándwich Comida Caliente,explicito,T022,fisico,37.0,4889.26,6278.9,-1389.64,-28.42,-2064.02,30,30
40,CN-00040,ERP-PROV-MX-040-A,Chocolate Bebidas,explicito,T013,fisico,50.0,2680.31,852.57,1827.74,68.19,1458.04,0,32
47,CN-00047,ERP-PROV-MX-047-B,Filtros Mercancia,explicito,T023,fisico,43.0,21186.37,13803.23,7383.14,34.85,4460.88,0,29
41,CN-00041,ERP-PROV-MX-041-D,Gourmet Cafe Molido,inferido,T016,fisico,30.0,2321.8,1317.87,1003.93,43.24,683.68,0,28
50,CN-00050,ERP-PROV-MX-050-A,Chai Bebidas,explicito,T001,fisico,41.0,3700.14,1697.15,2002.99,54.13,1492.63,0,24
62,CN-00062,ERP-PROV-MX-062-B,Wrap Comida Caliente,explicito,T013,fisico,42.0,6930.24,3177.54,3752.7,54.15,2796.8,0,30
62,CN-00062,ERP-PROV-MX-062-B,Wrap Comida Caliente,explicito,T001,fisico,46.0,7500.56,3438.56,4062.0,54.16,3027.44,0,27
57,CN-00057,ERP-PROV-MX-057-C,Premium Cafe Grano,explicito,T037,fisico,25.0,4678.39,2278.48,2399.91,51.3,1754.61,0,23
5,CN-00005,ERP-PROV-MX-005-C,Croissant Panaderia,explicito,T025,fisico,39.0,791.13,507.46,283.67,35.86,174.55,0,26
62,CN-00062,ERP-PROV-MX-062-B,Wrap Comida Caliente,explicito,T018,fisico,38.0,6344.39,2891.35,3453.04,54.43,2577.95,0,30
59,CN-00059,ERP-PROV-MX-059-B,Orgánico Cafe Grano,explicito,T027,fisico,71.0,18058.48,12693.74,5364.74,29.71,2873.92,0,38
59,CN-00059,ERP-PROV-MX-059-B,Orgánico Cafe Grano,explicito,T004,fisico,62.0,15924.08,10950.6,4973.48,31.23,2777.06,0,41
59,CN-00059,ERP-PROV-MX-059-B,Orgánico Cafe Grano,explicito,T001,fisico,37.0,9428.06,6628.92,2799.14,29.69,1498.72,0,27
57,CN-00057,ERP-PROV-MX-057-C,Premium Cafe Grano,explicito,T023,fisico,32.0,5936.66,2936.54,3000.12,50.54,2181.27,0,24
25,CN-00025,ERP-PROV-MX-025-C,Latte Bebidas,explicito,T009,fisico,23.0,1123.63,361.83,761.8,67.8,606.82,0,21
10,CN-00010,ERP-PROV-MX-010-D,Descafeinado Cafe Grano,explicito,T031,fisico,13.0,4835.36,2223.15,2612.21,54.02,1945.26,0,16
31,CN-00031,ERP-PROV-MX-031-A,Termo Mercancia,inferido,T016,fisico,57.0,30921.77,13397.36,17524.41,56.67,13259.34,0,39
8,CN-00008,ERP-PROV-MX-008-C,Empanada Panaderia,explicito,T016,fisico,40.0,1529.04,831.19,697.85,45.64,486.95,0,27
16,CN-00016,ERP-PROV-MX-016-C,Quiche Comida Caliente,inferido,T010,fisico,53.0,4622.04,2298.91,2323.13,50.26,1685.61,0,30
67,CN-00067,ERP-PROV-MX-067-C,Premium Cafe Molido,explicito,T028,fisico,75.0,21990.91,11990.3,10000.61,45.48,6967.38,0,31
41,CN-00041,ERP-PROV-MX-041-D,Gourmet Cafe Molido,inferido,T034,fisico,36.0,2817.76,1599.35,1218.41,43.24,829.75,0,24
13,CN-00013,ERP-PROV-MX-013-B,Selección Cafe Molido,explicito,T017,fisico,52.0,10506.76,7137.06,3369.7,32.07,1920.49,0,32
43,CN-00043,ERP-PROV-MX-043-A,Filtros Mercancia,explicito,T035,fisico,24.0,4489.61,2073.62,2415.99,53.81,1796.73,0,19
45,CN-00045,ERP-PROV-MX-045-D,Especial Cafe Grano,explicito,T023,fisico,28.0,2795.72,1829.34,966.38,34.57,580.76,0,22
42,CN-00042,ERP-PROV-MX-042-A,Quiche Comida Caliente,explicito,T030,fisico,33.0,2901.07,1298.68,1602.39,55.23,1202.24,0,27
31,CN-00031,ERP-PROV-MX-031-A,Termo Mercancia,inferido,T034,fisico,42.0,22690.47,9812.08,12878.39,56.76,9748.67,0,26
66,CN-00066,ERP-PROV-MX-066-B,Mocha Bebidas,explicito,T037,fisico,47.0,2735.32,982.79,1752.53,64.07,1375.24,0,27
40,CN-00040,ERP-PROV-MX-040-A,Chocolate Bebidas,explicito,T031,fisico,36.0,1912.56,617.57,1294.99,67.71,1031.19,0,25
13,CN-00013,ERP-PROV-MX-013-B,Selección Cafe Molido,explicito,T004,fisico,47.0,9454.06,6465.05,2989.01,31.62,1685.0,0,32
32,CN-00032,ERP-PROV-MX-032-D,Americano Cafe Grano,explicito,T034,fisico,51.0,5114.12,2383.42,2730.7,53.4,2025.3,0,24
53,CN-00053,ERP-PROV-MX-053-A,Sándwich Comida Caliente,explicito,T003,fisico,46.0,6440.11,3620.82,2819.29,43.78,1931.0,0,35
70,CN-00070,ERP-PROV-MX-070-D,Molinillo Mercancia,explicito,T014,fisico,50.0,18684.05,11909.57,6774.48,36.26,4197.37,0,33
70,CN-00070,ERP-PROV-MX-070-D,Molinillo Mercancia,explicito,T019,fisico,47.0,17646.36,11036.36,6610.0,37.46,4176.02,0,25
41,CN-00041,ERP-PROV-MX-041-D,Gourmet Cafe Molido,inferido,ECOMMERCE,ecommerce,414.0,33607.73,18213.21,15394.52,45.81,10758.97,0,297
55,CN-00055,ERP-PROV-MX-055-C,Termo Mercancia,explicito,T034,fisico,35.0,21917.93,10154.67,11763.26,53.67,8740.1,0,28
31,CN-00031,ERP-PROV-MX-031-A,Termo Mercancia,inferido,T006,fisico,31.0,16592.38,7179.44,9412.94,56.73,7124.34,0,23
42,CN-00042,ERP-PROV-MX-042-A,Quiche Comida Caliente,explicito,T032,fisico,47.0,4139.32,1826.08,2313.24,55.88,1742.3,0,33
48,CN-00048,ERP-PROV-MX-048-C,Bolillo Panaderia,explicito,T007,fisico,42.0,1039.13,404.91,634.22,61.03,490.89,0,28
42,CN-00042,ERP-PROV-MX-042-A,Quiche Comida Caliente,explicito,T002,fisico,52.0,4590.97,2058.36,2532.61,55.17,1899.37,0,30
42,CN-00042,ERP-PROV-MX-042-A,Quiche Comida Caliente,explicito,T040,fisico,34.0,2964.48,1343.16,1621.32,54.69,1212.43,0,24
58,CN-00058,ERP-PROV-MX-058-A,Chai Bebidas,explicito,T015,fisico,41.0,3168.49,1100.89,2067.6,65.26,1630.57,0,29
24,CN-00024,ERP-PROV-MX-024-A,Americano Cafe Molido,explicito,T039,fisico,36.0,11714.58,7634.08,4080.5,34.83,2464.7,0,29
10,CN-00010,ERP-PROV-MX-010-D,Descafeinado Cafe Grano,explicito,T021,fisico,36.0,12950.56,6278.99,6671.57,51.52,4885.29,0,28
24,CN-00024,ERP-PROV-MX-024-A,Americano Cafe Molido,explicito,T036,fisico,63.0,20595.13,13320.49,7274.64,35.32,4433.93,0,37
29,CN-00029,ERP-PROV-MX-029-C,Termo Mercancia,explicito,T034,fisico,49.0,30489.07,15194.36,15294.71,50.16,11089.32,0,34
15,CN-00015,ERP-PROV-MX-015-D,Especial Cafe Molido,explicito,T024,fisico,32.0,11631.05,15199.94,-3568.89,-30.68,-5173.17,23,23
23,CN-00023,ERP-PROV-MX-023-B,Ensalada Comida Caliente,explicito,T030,fisico,39.0,6080.32,3033.06,3047.26,50.12,2208.6,0,31
38,CN-00038,ERP-PROV-MX-038-A,Selección Cafe Grano,explicito,T019,fisico,83.0,28398.41,19640.72,8757.69,30.84,4840.67,0,42
23,CN-00023,ERP-PROV-MX-023-B,Ensalada Comida Caliente,explicito,T004,fisico,32.0,4970.25,2543.16,2427.09,48.83,1741.54,0,25
26,CN-00026,ERP-PROV-MX-026-A,Premium Cafe Molido,inferido,T028,fisico,52.0,8127.71,4586.16,3541.55,43.57,2420.49,0,31
18,CN-00018,ERP-PROV-MX-018-A,Tradicional Cafe Molido,explicito,T019,fisico,56.0,13320.48,7467.79,5852.69,43.94,4015.38,0,39
44,CN-00044,ERP-PROV-MX-044-A,Filtros Mercancia,explicito,T040,fisico,44.0,11018.75,7580.42,3438.33,31.2,1918.5,0,28
38,CN-00038,ERP-PROV-MX-038-A,Selección Cafe Grano,explicito,T029,fisico,56.0,19013.03,13197.28,5815.75,30.59,3193.26,0,37
31,CN-00031,ERP-PROV-MX-031-A,Termo Mercancia,inferido,T040,fisico,33.0,17723.1,7642.42,10080.68,56.88,7636.11,0,25
36,CN-00036,ERP-PROV-MX-036-A,Gourmet Cafe Grano,inferido,T002,fisico,52.0,16335.53,9848.34,6487.19,39.71,4234.01,0,34
64,CN-00064,ERP-PROV-MX-064-C,Frappé Bebidas,explicito,T001,fisico,53.0,4475.15,1623.38,2851.77,63.72,2234.51,0,36
3,CN-00003,ERP-PROV-MX-003-D,Filtros Mercancia,explicito,T020,fisico,53.0,8687.3,4036.52,4650.78,53.54,3452.53,0,35
60,CN-00060,ERP-PROV-MX-060-A,Espresso Cafe Grano,explicito,T031,fisico,49.0,9679.08,6162.45,3516.63,36.33,2181.58,0,33
58,CN-00058,ERP-PROV-MX-058-A,Chai Bebidas,explicito,T040,fisico,60.0,4608.6,1645.8,2962.8,64.29,2327.13,0,32
22,CN-00022,ERP-PROV-MX-022-A,Ensalada Comida Caliente,explicito,T019,fisico,63.0,10805.03,6055.96,4749.07,43.95,3258.72,0,45
25,CN-00025,ERP-PROV-MX-025-C,Latte Bebidas,explicito,T038,fisico,52.0,2528.68,828.76,1699.92,67.23,1351.14,0,36
26,CN-00026,ERP-PROV-MX-026-A,Premium Cafe Molido,inferido,T019,fisico,50.0,7776.05,4415.77,3360.28,43.21,2287.72,0,32
58,CN-00058,ERP-PROV-MX-058-A,Chai Bebidas,explicito,T023,fisico,31.0,2411.91,838.79,1573.12,65.22,1240.44,0,22
29,CN-00029,ERP-PROV-MX-029-C,Termo Mercancia,explicito,T033,fisico,31.0,19352.5,9702.64,9649.86,49.86,6980.55,0,20
48,CN-00048,ERP-PROV-MX-048-C,Bolillo Panaderia,explicito,T013,fisico,36.0,884.36,339.82,544.54,61.57,422.56,0,29
29,CN-00029,ERP-PROV-MX-029-C,Termo Mercancia,explicito,T017,fisico,56.0,35163.24,17437.77,17725.47,50.41,12875.37,0,35
27,CN-00027,ERP-PROV-MX-027-B,Latte Bebidas,explicito,T024,fisico,34.0,3056.78,1128.56,1928.22,63.08,1506.6,0,24
25,CN-00025,ERP-PROV-MX-025-C,Latte Bebidas,explicito,T006,fisico,52.0,2520.13,820.72,1699.41,67.43,1351.81,0,35
15,CN-00015,ERP-PROV-MX-015-D,Especial Cafe Molido,explicito,T003,fisico,37.0,13427.2,17551.12,-4123.92,-30.71,-5975.95,32,32
25,CN-00025,ERP-PROV-MX-025-C,Latte Bebidas,explicito,T028,fisico,41.0,1994.5,646.39,1348.11,67.59,1073.01,0,32
60,CN-00060,ERP-PROV-MX-060-A,Espresso Cafe Grano,explicito,T027,fisico,42.0,8199.04,5301.36,2897.68,35.34,1766.78,0,29
23,CN-00023,ERP-PROV-MX-023-B,Ensalada Comida Caliente,explicito,T005,fisico,40.0,6316.14,3197.4,3118.74,49.38,2247.55,0,28
39,CN-00039,ERP-PROV-MX-039-B,Taza Mercancia,explicito,T010,fisico,21.0,16867.57,9637.72,7229.85,42.86,4903.29,0,21
56,CN-00056,ERP-PROV-MX-056-C,Empanada Panaderia,explicito,T038,fisico,35.0,574.62,278.94,295.68,51.46,216.42,0,31
7,CN-00007,ERP-PROV-MX-007-D,Selección Cafe Grano,explicito,T029,fisico,37.0,9236.63,7173.46,2063.17,22.34,789.15,0,21
68,CN-00068,ERP-PROV-MX-068-C,Croissant Panaderia,explicito,T009,fisico,59.0,2289.42,903.46,1385.96,60.54,1070.18,0,36
47,CN-00047,ERP-PROV-MX-047-B,Filtros Mercancia,explicito,T002,fisico,56.0,27629.73,17803.78,9825.95,35.56,6014.95,0,35
39,CN-00039,ERP-PROV-MX-039-B,Taza Mercancia,explicito,T026,fisico,54.0,42584.14,24945.34,17638.8,41.42,11765.13,0,38
68,CN-00068,ERP-PROV-MX-068-C,Croissant Panaderia,explicito,T006,fisico,44.0,1706.74,689.23,1017.51,59.62,782.1,0,25
21,CN-00021,ERP-PROV-MX-021-A,Concha Panaderia,inferido,T020,fisico,43.0,1107.22,492.37,614.85,55.53,462.13,0,29
28,CN-00028,ERP-PROV-MX-028-D,Selección Cafe Molido,explicito,T011,fisico,42.0,15999.26,8744.44,7254.82,45.34,5048.03,0,30
65,CN-00065,ERP-PROV-MX-065-D,Estándar Cafe Molido,explicito,T025,fisico,33.0,6720.26,3384.8,3335.46,49.63,2408.53,0,28
20,CN-00020,ERP-PROV-MX-020-C,Taza Mercancia,explicito,T030,fisico,49.0,29404.16,12384.75,17019.41,57.88,12963.66,0,32
47,CN-00047,ERP-PROV-MX-047-B,Filtros Mercancia,explicito,T024,fisico,38.0,18673.69,12096.4,6577.29,35.22,4001.61,0,28
20,CN-00020,ERP-PROV-MX-020-C,Taza Mercancia,explicito,T018,fisico,49.0,29130.68,12418.4,16712.28,57.37,12694.26,0,33
52,CN-00052,ERP-PROV-MX-052-C,Americano Cafe Molido,explicito,T028,fisico,36.0,6170.93,3939.18,2231.75,36.17,1380.59,0,25
56,CN-00056,ERP-PROV-MX-056-C,Empanada Panaderia,explicito,T032,fisico,29.0,473.69,230.05,243.64,51.43,178.3,0,21
17,CN-00017,ERP-PROV-MX-017-B,Quiche Comida Caliente,explicito,T031,fisico,36.0,5822.73,2898.85,2923.88,50.21,2120.74,0,27
56,CN-00056,ERP-PROV-MX-056-C,Empanada Panaderia,explicito,T021,fisico,39.0,637.95,311.2,326.75,51.22,238.76,0,34
68,CN-00068,ERP-PROV-MX-068-C,Croissant Panaderia,explicito,T038,fisico,40.0,1553.96,608.07,945.89,60.87,731.55,0,33
39,CN-00039,ERP-PROV-MX-039-B,Taza Mercancia,explicito,T014,fisico,52.0,41240.06,23881.34,17358.72,42.09,11670.44,0,38
17,CN-00017,ERP-PROV-MX-017-B,Quiche Comida Caliente,explicito,T003,fisico,32.0,5212.5,2584.89,2627.61,50.41,1908.64,0,24
11,CN-00011,ERP-PROV-MX-011-C,Bolillo Panaderia,inferido,T037,fisico,47.0,1355.09,632.53,722.56,53.32,535.65,0,31
20,CN-00020,ERP-PROV-MX-020-C,Taza Mercancia,explicito,T032,fisico,44.0,26610.2,11125.01,15485.19,58.19,11814.82,0,25
17,CN-00017,ERP-PROV-MX-017-B,Quiche Comida Caliente,explicito,T039,fisico,47.0,7606.38,3723.75,3882.63,51.04,2833.47,0,28
68,CN-00068,ERP-PROV-MX-068-C,Croissant Panaderia,explicito,T011,fisico,55.0,2131.79,865.75,1266.04,59.39,972.0,0,39
56,CN-00056,ERP-PROV-MX-056-C,Empanada Panaderia,explicito,T013,fisico,30.0,492.07,239.18,252.89,51.39,185.02,0,18
56,CN-00056,ERP-PROV-MX-056-C,Empanada Panaderia,explicito,T025,fisico,35.0,573.58,275.81,297.77,51.91,218.66,0,27
49,CN-00049,ERP-PROV-MX-049-A,Mocha Bebidas,explicito,T002,fisico,58.0,5090.39,1966.12,3124.27,61.38,2422.15,0,42
54,CN-00054,ERP-PROV-MX-054-B,Espresso Cafe Molido,explicito,T025,fisico,56.0,6393.51,3184.2,3209.31,50.2,2327.45,0,34
5,CN-00005,ERP-PROV-MX-005-C,Croissant Panaderia,explicito,T030,fisico,48.0,969.59,619.2,350.39,36.14,216.65,0,33
41,CN-00041,ERP-PROV-MX-041-D,Gourmet Cafe Molido,inferido,T026,fisico,47.0,3629.26,2099.89,1529.37,42.14,1028.78,0,29
41,CN-00041,ERP-PROV-MX-041-D,Gourmet Cafe Molido,inferido,T037,fisico,50.0,3890.98,2225.81,1665.17,42.8,1128.48,0,38
30,CN-00030,ERP-PROV-MX-030-C,Molinillo Mercancia,explicito,T006,fisico,51.0,11504.01,5685.75,5818.26,50.58,4231.5,0,36
61,CN-00061,ERP-PROV-MX-061-D,Descafeinado Cafe Molido,explicito,T007,fisico,36.0,10472.35,5984.05,4488.3,42.86,3043.84,0,25
62,CN-00062,ERP-PROV-MX-062-B,Wrap Comida Caliente,explicito,T040,fisico,45.0,7399.02,3397.38,4001.64,54.08,2981.09,0,25
50,CN-00050,ERP-PROV-MX-050-A,Chai Bebidas,explicito,T010,fisico,43.0,3949.39,1764.59,2184.8,55.32,1640.06,0,25
67,CN-00067,ERP-PROV-MX-067-C,Premium Cafe Molido,explicito,T016,fisico,40.0,11758.86,6532.82,5226.04,44.44,3604.13,0,26
14,CN-00014,ERP-PROV-MX-014-D,Descafeinado Cafe Grano,explicito,T005,fisico,61.0,20857.7,13098.26,7759.44,37.2,4882.52,0,39
51,CN-00051,ERP-PROV-MX-051-C,Termo Mercancia,explicito,T035,fisico,62.0,29838.47,14382.06,15456.41,51.8,11340.76,0,36
13,CN-00013,ERP-PROV-MX-013-B,Selección Cafe Molido,explicito,T006,fisico,45.0,9016.32,6230.85,2785.47,30.89,1541.84,0,31
14,CN-00014,ERP-PROV-MX-014-D,Descafeinado Cafe Grano,explicito,T011,fisico,34.0,11712.57,7309.83,4402.74,37.59,2787.21,0,25
53,CN-00053,ERP-PROV-MX-053-A,Sándwich Comida Caliente,explicito,T009,fisico,43.0,6033.32,3254.61,2778.71,46.06,1946.53,0,29
6,CN-00006,ERP-PROV-MX-006-C,Estándar Cafe Grano,inferido,T038,fisico,65.0,13009.9,6717.69,6292.21,48.36,4497.74,0,34
2,CN-00002,ERP-PROV-MX-002-B,Sándwich Comida Caliente,explicito,T024,fisico,34.0,4434.5,5746.7,-1312.2,-29.59,-1923.86,24,24
67,CN-00067,ERP-PROV-MX-067-C,Premium Cafe Molido,explicito,T014,fisico,45.0,13185.4,7375.5,5809.9,44.06,3991.22,0,29
2,CN-00002,ERP-PROV-MX-002-B,Sándwich Comida Caliente,explicito,T001,fisico,30.0,3980.34,5064.35,-1084.01,-27.23,-1633.02,29,29
61,CN-00061,ERP-PROV-MX-061-D,Descafeinado Cafe Molido,explicito,T017,fisico,62.0,18266.8,10263.22,8003.58,43.81,5484.02,0,35
46,CN-00046,ERP-PROV-MX-046-A,Termo Mercancia,inferido,T025,fisico,45.0,23955.01,10538.76,13416.25,56.01,10112.11,0,25
4,CN-00004,ERP-PROV-MX-004-B,Prensa Francesa Mercancia,explicito,T026,fisico,48.0,33164.84,12757.16,20407.68,61.53,15833.22,0,33
49,CN-00049,ERP-PROV-MX-049-A,Mocha Bebidas,explicito,T007,fisico,42.0,3695.7,1436.21,2259.49,61.14,1749.74,0,34
51,CN-00051,ERP-PROV-MX-051-C,Termo Mercancia,explicito,T038,fisico,44.0,21108.91,10249.57,10859.34,51.44,7947.77,0,34
33,CN-00033,ERP-PROV-MX-033-D,Especial Cafe Molido,explicito,T019,fisico,51.0,13455.65,7984.57,5471.08,40.66,3615.13,0,37
59,CN-00059,ERP-PROV-MX-059-B,Orgánico Cafe Grano,explicito,T005,fisico,65.0,16747.29,11598.04,5149.25,30.75,2839.28,0,35
12,CN-00012,ERP-PROV-MX-012-B,Sándwich Comida Caliente,explicito,T012,fisico,49.0,6568.5,2755.04,3813.46,58.06,2907.46,0,34
2,CN-00002,ERP-PROV-MX-002-B,Sándwich Comida Caliente,explicito,T018,fisico,50.0,6614.98,8472.3,-1857.32,-28.08,-2769.73,27,27
33,CN-00033,ERP-PROV-MX-033-D,Especial Cafe Molido,explicito,T034,fisico,33.0,8744.27,5258.26,3486.01,39.87,2279.9,0,26
12,CN-00012,ERP-PROV-MX-012-B,Sándwich Comida Caliente,explicito,T015,fisico,43.0,5764.25,2453.22,3311.03,57.44,2515.96,0,31
12,CN-00012,ERP-PROV-MX-012-B,Sándwich Comida Caliente,explicito,T026,fisico,51.0,6777.32,2847.03,3930.29,57.99,2995.49,0,34
69,CN-00069,ERP-PROV-MX-069-C,Estándar Cafe Grano,explicito,T016,fisico,43.0,15765.3,7941.61,7823.69,49.63,5649.17,0,34
67,CN-00067,ERP-PROV-MX-067-C,Premium Cafe Molido,explicito,T021,fisico,31.0,8989.73,5105.08,3884.65,43.21,2644.69,0,26
43,CN-00043,ERP-PROV-MX-043-A,Filtros Mercancia,explicito,T013,fisico,34.0,6354.03,2989.69,3364.34,52.95,2487.92,0,27
69,CN-00069,ERP-PROV-MX-069-C,Estándar Cafe Grano,explicito,T020,fisico,47.0,17004.36,9354.68,7649.68,44.99,5304.25,0,30
67,CN-00067,ERP-PROV-MX-067-C,Premium Cafe Molido,explicito,T009,fisico,48.0,14040.91,7937.48,6103.43,43.47,4166.75,0,31
13,CN-00013,ERP-PROV-MX-013-B,Selección Cafe Molido,explicito,T018,fisico,48.0,9551.81,6682.76,2869.05,30.04,1551.56,0,32
53,CN-00053,ERP-PROV-MX-053-A,Sándwich Comida Caliente,explicito,T008,fisico,43.0,6030.33,3326.44,2703.89,44.84,1872.12,0,30
43,CN-00043,ERP-PROV-MX-043-A,Filtros Mercancia,explicito,T009,fisico,56.0,10425.22,4930.71,5494.51,52.7,4056.55,0,35
33,CN-00033,ERP-PROV-MX-033-D,Especial Cafe Molido,explicito,T012,fisico,29.0,7663.14,4510.79,3152.35,41.14,2095.37,0,28
2,CN-00002,ERP-PROV-MX-002-B,Sándwich Comida Caliente,explicito,T025,fisico,35.0,4564.96,5905.11,-1340.15,-29.36,-1969.8,24,24
54,CN-00054,ERP-PROV-MX-054-B,Espresso Cafe Molido,explicito,T018,fisico,48.0,5499.22,2753.0,2746.22,49.94,1987.71,0,29
14,CN-00014,ERP-PROV-MX-014-D,Descafeinado Cafe Grano,explicito,T025,fisico,53.0,18152.66,11286.52,6866.14,37.82,4362.32,0,35
34,CN-00034,ERP-PROV-MX-034-D,Estándar Cafe Molido,explicito,T034,fisico,66.0,7130.63,4250.16,2880.47,40.4,1896.93,0,46
49,CN-00049,ERP-PROV-MX-049-A,Mocha Bebidas,explicito,T039,fisico,48.0,4207.38,1631.25,2576.13,61.23,1995.8,0,32
25,CN-00025,ERP-PROV-MX-025-C,Latte Bebidas,explicito,T021,fisico,37.0,1791.14,584.69,1206.45,67.36,959.4,0,28
3,CN-00003,ERP-PROV-MX-003-D,Filtros Mercancia,explicito,T012,fisico,32.0,5136.93,2436.21,2700.72,52.57,1992.18,0,22
60,CN-00060,ERP-PROV-MX-060-A,Espresso Cafe Grano,explicito,T007,fisico,49.0,9574.77,6174.91,3399.86,35.51,2079.2,0,28
21,CN-00021,ERP-PROV-MX-021-A,Concha Panaderia,inferido,T022,fisico,72.0,1850.42,820.49,1029.93,55.66,774.7,0,33
42,CN-00042,ERP-PROV-MX-042-A,Quiche Comida Caliente,explicito,T025,fisico,51.0,4438.87,1990.6,2448.27,55.16,1836.01,0,29
26,CN-00026,ERP-PROV-MX-026-A,Premium Cafe Molido,inferido,T005,fisico,40.0,6207.9,3524.8,2683.1,43.22,1826.84,0,26
25,CN-00025,ERP-PROV-MX-025-C,Latte Bebidas,explicito,T035,fisico,34.0,1647.75,538.54,1109.21,67.32,881.93,0,26
58,CN-00058,ERP-PROV-MX-058-A,Chai Bebidas,explicito,T013,fisico,34.0,2616.02,920.86,1695.16,64.8,1334.33,0,26
26,CN-00026,ERP-PROV-MX-026-A,Premium Cafe Molido,inferido,T040,fisico,44.0,6879.78,3894.89,2984.89,43.39,2035.95,0,32
21,CN-00021,ERP-PROV-MX-021-A,Concha Panaderia,inferido,T014,fisico,55.0,1424.73,632.64,792.09,55.6,595.58,0,29
1,CN-00001,ERP-PROV-MX-001-A,Sándwich Comida Caliente,inferido,T027,fisico,51.0,3784.01,4318.6,-534.59,-14.13,-1056.52,36,36
31,CN-00031,ERP-PROV-MX-031-A,Termo Mercancia,inferido,T007,fisico,43.0,23055.04,9948.42,13106.62,56.85,9926.61,0,25
26,CN-00026,ERP-PROV-MX-026-A,Premium Cafe Molido,inferido,T006,fisico,40.0,6189.03,3544.22,2644.81,42.73,1791.15,0,28
25,CN-00025,ERP-PROV-MX-025-C,Latte Bebidas,explicito,T040,fisico,54.0,2653.29,851.98,1801.31,67.89,1435.34,0,32
24,CN-00024,ERP-PROV-MX-024-A,Americano Cafe Molido,explicito,T001,fisico,40.0,12830.76,8403.18,4427.58,34.51,2657.82,0,34
25,CN-00025,ERP-PROV-MX-025-C,Latte Bebidas,explicito,T014,fisico,30.0,1470.07,473.28,996.79,67.81,794.02,0,22
18,CN-00018,ERP-PROV-MX-018-A,Tradicional Cafe Molido,explicito,T023,fisico,55.0,12984.61,7219.8,5764.81,44.4,3973.83,0,35
42,CN-00042,ERP-PROV-MX-042-A,Quiche Comida Caliente,explicito,T034,fisico,53.0,4644.72,2072.84,2571.88,55.37,1931.23,0,33
27,CN-00027,ERP-PROV-MX-027-B,Latte Bebidas,explicito,T012,fisico,56.0,5066.76,1859.02,3207.74,63.31,2508.88,0,32
1,CN-00001,ERP-PROV-MX-001-A,Sándwich Comida Caliente,inferido,T011,fisico,20.0,1493.87,1680.0,-186.13,-12.46,-392.18,22,22
66,CN-00066,ERP-PROV-MX-066-B,Mocha Bebidas,explicito,T020,fisico,58.0,3350.16,1213.99,2136.17,63.76,1674.08,0,38
52,CN-00052,ERP-PROV-MX-052-C,Americano Cafe Molido,explicito,T001,fisico,42.0,7142.29,4677.27,2465.02,34.51,1479.88,0,29
19,CN-00019,ERP-PROV-MX-019-D,Gourmet Cafe Molido,explicito,T027,fisico,25.0,6816.95,3643.66,3173.29,46.55,2233.02,0,20
40,CN-00040,ERP-PROV-MX-040-A,Chocolate Bebidas,explicito,T022,fisico,55.0,2953.91,943.02,2010.89,68.08,1603.45,0,34
9,CN-00009,ERP-PROV-MX-009-B,Termo Mercancia,explicito,T018,fisico,29.0,17901.76,7705.21,10196.55,56.96,7727.34,0,25
65,CN-00065,ERP-PROV-MX-065-D,Estándar Cafe Molido,explicito,T032,fisico,35.0,7062.18,3585.8,3476.38,49.23,2502.29,0,26
8,CN-00008,ERP-PROV-MX-008-C,Empanada Panaderia,explicito,T007,fisico,23.0,880.95,483.55,397.4,45.11,275.89,0,21
66,CN-00066,ERP-PROV-MX-066-B,Mocha Bebidas,explicito,T036,fisico,47.0,2695.47,982.97,1712.5,63.53,1340.71,0,36
68,CN-00068,ERP-PROV-MX-068-C,Croissant Panaderia,explicito,T039,fisico,31.0,1211.46,479.5,731.96,60.42,564.86,0,30
19,CN-00019,ERP-PROV-MX-019-D,Gourmet Cafe Molido,explicito,T036,fisico,30.0,8098.85,4400.89,3697.96,45.66,2580.88,0,25
12,CN-00012,ERP-PROV-MX-012-B,Sándwich Comida Caliente,explicito,T036,fisico,44.0,5885.13,2499.01,3386.12,57.54,2574.38,0,36
56,CN-00056,ERP-PROV-MX-056-C,Empanada Panaderia,explicito,T035,fisico,44.0,719.76,349.89,369.87,51.39,270.59,0,28
28,CN-00028,ERP-PROV-MX-028-D,Selección Cafe Molido,explicito,T018,fisico,29.0,11254.99,5912.22,5342.77,47.47,3790.36,0,21
9,CN-00009,ERP-PROV-MX-009-B,Termo Mercancia,explicito,T012,fisico,44.0,27272.14,11640.7,15631.44,57.32,11869.77,0,33
7,CN-00007,ERP-PROV-MX-007-D,Selección Cafe Grano,explicito,T037,fisico,45.0,11356.07,9201.11,2154.96,18.98,588.61,0,27
13,CN-00013,ERP-PROV-MX-013-B,Selección Cafe Molido,explicito,T008,fisico,47.0,9407.0,6441.05,2965.95,31.53,1668.43,0,32
43,CN-00043,ERP-PROV-MX-043-A,Filtros Mercancia,explicito,T016,fisico,39.0,7203.75,3451.01,3752.74,52.09,2759.12,0,26
43,CN-00043,ERP-PROV-MX-043-A,Filtros Mercancia,explicito,T012,fisico,54.0,10071.63,4701.1,5370.53,53.32,3981.34,0,36
43,CN-00043,ERP-PROV-MX-043-A,Filtros Mercancia,explicito,T020,fisico,43.0,7930.04,3735.76,4194.28,52.89,3100.48,0,27
54,CN-00054,ERP-PROV-MX-054-B,Espresso Cafe Molido,explicito,T039,fisico,33.0,3740.59,1896.43,1844.16,49.3,1328.22,0,27
34,CN-00034,ERP-PROV-MX-034-D,Estándar Cafe Molido,explicito,T025,fisico,33.0,3553.27,2120.39,1432.88,40.33,942.77,0,25
2,CN-00002,ERP-PROV-MX-002-B,Sándwich Comida Caliente,explicito,T040,fisico,54.0,7138.26,9151.42,-2013.16,-28.2,-2997.75,36,36
14,CN-00014,ERP-PROV-MX-014-D,Descafeinado Cafe Grano,explicito,T040,fisico,44.0,15330.82,9344.96,5985.86,39.04,3871.26,0,24
59,CN-00059,ERP-PROV-MX-059-B,Orgánico Cafe Grano,explicito,T007,fisico,54.0,13819.85,9654.2,4165.65,30.14,2259.46,0,35
62,CN-00062,ERP-PROV-MX-062-B,Wrap Comida Caliente,explicito,T016,fisico,50.0,8254.51,3786.2,4468.31,54.13,3329.76,0,33
46,CN-00046,ERP-PROV-MX-046-A,Termo Mercancia,inferido,T006,fisico,47.0,25239.05,11114.04,14125.01,55.96,10643.76,0,37
54,CN-00054,ERP-PROV-MX-054-B,Espresso Cafe Molido,explicito,T022,fisico,36.0,4062.36,2063.5,1998.86,49.2,1438.53,0,24
34,CN-00034,ERP-PROV-MX-034-D,Estándar Cafe Molido,explicito,T017,fisico,45.0,4889.15,2901.34,1987.81,40.66,1313.44,0,27
6,CN-00006,ERP-PROV-MX-006-C,Estándar Cafe Grano,inferido,T027,fisico,55.0,11009.65,5655.65,5354.0,48.63,3835.43,0,39
53,CN-00053,ERP-PROV-MX-053-A,Sándwich Comida Caliente,explicito,T017,fisico,31.0,4370.9,2428.44,1942.46,44.44,1339.58,0,23
4,CN-00004,ERP-PROV-MX-004-B,Prensa Francesa Mercancia,explicito,T036,fisico,40.0,27329.25,10576.52,16752.73,61.3,12983.18,0,34
2,CN-00002,ERP-PROV-MX-002-B,Sándwich Comida Caliente,explicito,T002,fisico,41.0,5376.37,6959.52,-1583.15,-29.45,-2324.72,22,22
50,CN-00050,ERP-PROV-MX-050-A,Chai Bebidas,explicito,T020,fisico,46.0,4178.18,1900.58,2277.6,54.51,1701.3,0,35
33,CN-00033,ERP-PROV-MX-033-D,Especial Cafe Molido,explicito,T028,fisico,65.0,17292.43,10332.93,6959.5,40.25,4574.34,0,40
55,CN-00055,ERP-PROV-MX-055-C,Termo Mercancia,explicito,T023,fisico,37.0,23068.44,10721.24,12347.2,53.52,9165.35,0,20
23,CN-00023,ERP-PROV-MX-023-B,Ensalada Comida Caliente,explicito,T015,fisico,26.0,4083.04,2093.48,1989.56,48.73,1426.38,0,17
64,CN-00064,ERP-PROV-MX-064-C,Frappé Bebidas,explicito,T005,fisico,36.0,3038.91,1107.77,1931.14,63.55,1511.98,0,28
1,CN-00001,ERP-PROV-MX-001-A,Sándwich Comida Caliente,inferido,T033,fisico,36.0,2684.41,3034.42,-350.01,-13.04,-720.27,30,30
31,CN-00031,ERP-PROV-MX-031-A,Termo Mercancia,inferido,T026,fisico,40.0,21714.38,9372.22,12342.16,56.84,9347.07,0,29
29,CN-00029,ERP-PROV-MX-029-C,Termo Mercancia,explicito,T013,fisico,50.0,31010.88,15356.36,15654.52,50.48,11377.16,0,32
26,CN-00026,ERP-PROV-MX-026-A,Premium Cafe Molido,inferido,T010,fisico,35.0,5401.3,3091.52,2309.78,42.76,1564.77,0,31
27,CN-00027,ERP-PROV-MX-027-B,Latte Bebidas,explicito,T035,fisico,23.0,2068.24,724.9,1343.34,64.95,1058.07,0,18
35,CN-00035,ERP-PROV-MX-035-A,Sándwich Comida Caliente,explicito,T005,fisico,31.0,4370.77,2956.82,1413.95,32.35,811.09,0,25
32,CN-00032,ERP-PROV-MX-032-D,Americano Cafe Grano,explicito,T016,fisico,29.0,2913.65,1395.17,1518.48,52.12,1116.6,0,23
68,CN-00068,ERP-PROV-MX-068-C,Croissant Panaderia,explicito,T014,fisico,32.0,1235.28,500.97,734.31,59.44,563.93,0,23
56,CN-00056,ERP-PROV-MX-056-C,Empanada Panaderia,explicito,T002,fisico,38.0,622.62,303.04,319.58,51.33,233.7,0,24
8,CN-00008,ERP-PROV-MX-008-C,Empanada Panaderia,explicito,T035,fisico,49.0,1892.22,1034.32,857.9,45.34,596.9,0,26
40,CN-00040,ERP-PROV-MX-040-A,Chocolate Bebidas,explicito,T035,fisico,30.0,1606.75,516.88,1089.87,67.83,868.25,0,22
7,CN-00007,ERP-PROV-MX-007-D,Selección Cafe Grano,explicito,T007,fisico,43.0,10904.97,8320.32,2584.65,23.7,1080.52,0,32
32,CN-00032,ERP-PROV-MX-032-D,Americano Cafe Grano,explicito,T005,fisico,50.0,4971.57,2338.99,2632.58,52.95,1946.85,0,32
40,CN-00040,ERP-PROV-MX-040-A,Chocolate Bebidas,explicito,T029,fisico,31.0,1653.72,537.07,1116.65,67.52,888.55,0,24
41,CN-00041,ERP-PROV-MX-041-D,Gourmet Cafe Molido,inferido,T019,fisico,52.0,4055.49,2293.09,1762.4,43.46,1203.02,0,31
62,CN-00062,ERP-PROV-MX-062-B,Wrap Comida Caliente,explicito,T012,fisico,54.0,8875.03,4077.4,4797.63,54.06,3573.49,0,32
6,CN-00006,ERP-PROV-MX-006-C,Estándar Cafe Grano,inferido,T021,fisico,56.0,11275.46,5763.16,5512.3,48.89,3957.06,0,28
57,CN-00057,ERP-PROV-MX-057-C,Premium Cafe Grano,explicito,T001,fisico,64.0,11861.19,5787.64,6073.55,51.21,4437.52,0,33
5,CN-00005,ERP-PROV-MX-005-C,Croissant Panaderia,explicito,T001,fisico,45.0,923.48,581.36,342.12,37.05,214.74,0,21
51,CN-00051,ERP-PROV-MX-051-C,Termo Mercancia,explicito,T031,fisico,40.0,19133.63,9460.95,9672.68,50.55,7033.56,0,26
45,CN-00045,ERP-PROV-MX-045-D,Especial Cafe Grano,explicito,T040,fisico,49.0,4900.66,3201.31,1699.35,34.68,1023.4,0,30
18,CN-00018,ERP-PROV-MX-018-A,Tradicional Cafe Molido,explicito,T035,fisico,33.0,7877.8,4322.21,3555.59,45.13,2469.0,0,26
63,CN-00063,ERP-PROV-MX-063-C,Gourmet Cafe Molido,explicito,T018,fisico,24.0,2013.74,1312.92,700.82,34.8,423.06,0,19
47,CN-00047,ERP-PROV-MX-047-B,Filtros Mercancia,explicito,T036,fisico,33.0,16315.2,10525.65,5789.55,35.49,3539.18,0,23
40,CN-00040,ERP-PROV-MX-040-A,Chocolate Bebidas,explicito,T026,fisico,35.0,1861.66,602.23,1259.43,67.65,1002.65,0,28
20,CN-00020,ERP-PROV-MX-020-C,Taza Mercancia,explicito,T034,fisico,31.0,18709.73,7799.51,10910.22,58.31,8329.57,0,31
19,CN-00019,ERP-PROV-MX-019-D,Gourmet Cafe Molido,explicito,T015,fisico,18.0,4881.28,2647.61,2233.67,45.76,1560.39,0,16
50,CN-00050,ERP-PROV-MX-050-A,Chai Bebidas,explicito,T018,fisico,31.0,2812.55,1270.14,1542.41,54.84,1154.47,0,23
69,CN-00069,ERP-PROV-MX-069-C,Estándar Cafe Grano,explicito,T006,fisico,39.0,14198.85,7388.82,6810.03,47.96,4851.57,0,30
51,CN-00051,ERP-PROV-MX-051-C,Termo Mercancia,explicito,T033,fisico,74.0,36148.35,17425.6,18722.75,51.79,13736.77,0,38
69,CN-00069,ERP-PROV-MX-069-C,Estándar Cafe Grano,explicito,T009,fisico,46.0,16716.11,8994.79,7721.32,46.19,5415.65,0,29
18,CN-00018,ERP-PROV-MX-018-A,Tradicional Cafe Molido,explicito,T015,fisico,62.0,14682.13,8117.8,6564.33,44.71,4539.21,0,38
32,CN-00032,ERP-PROV-MX-032-D,Americano Cafe Grano,explicito,T009,fisico,41.0,4098.92,1954.61,2144.31,52.31,1578.94,0,27
65,CN-00065,ERP-PROV-MX-065-D,Estándar Cafe Molido,explicito,T010,fisico,36.0,7292.48,3688.92,3603.56,49.41,2597.7,0,25
37,CN-00037,ERP-PROV-MX-037-C,Tradicional Cafe Molido,explicito,T030,fisico,53.0,11876.2,6479.11,5397.09,45.44,3758.99,0,40
64,CN-00064,ERP-PROV-MX-064-C,Frappé Bebidas,explicito,T022,fisico,36.0,3014.29,1110.57,1903.72,63.16,1487.96,0,26
3,CN-00003,ERP-PROV-MX-003-D,Filtros Mercancia,explicito,T004,fisico,40.0,6389.64,3060.2,3329.44,52.11,2448.11,0,26
68,CN-00068,ERP-PROV-MX-068-C,Croissant Panaderia,explicito,T012,fisico,47.0,1840.44,717.76,1122.68,61.0,868.83,0,28
46,CN-00046,ERP-PROV-MX-046-A,Termo Mercancia,inferido,T014,fisico,25.0,13410.45,5821.1,7589.35,56.59,5739.63,0,18
19,CN-00019,ERP-PROV-MX-019-D,Gourmet Cafe Molido,explicito,T026,fisico,27.0,7365.11,4020.06,3345.05,45.42,2329.17,0,20
51,CN-00051,ERP-PROV-MX-051-C,Termo Mercancia,explicito,T011,fisico,31.0,15066.12,7259.2,7806.92,51.82,5728.83,0,27
52,CN-00052,ERP-PROV-MX-052-C,Americano Cafe Molido,explicito,ECOMMERCE,ecommerce,437.0,77792.68,50176.67,27616.01,35.5,16885.98,0,332
69,CN-00069,ERP-PROV-MX-069-C,Estándar Cafe Grano,explicito,ECOMMERCE,ecommerce,405.0,153956.29,79919.87,74036.42,48.09,52801.07,0,309
70,CN-00070,ERP-PROV-MX-070-D,Molinillo Mercancia,explicito,ECOMMERCE,ecommerce,404.0,159071.73,97516.86,61554.87,38.7,39613.94,0,315
55,CN-00055,ERP-PROV-MX-055-C,Termo Mercancia,explicito,T025,fisico,35.0,21829.68,10164.28,11665.4,53.44,8654.41,0,26
27,CN-00027,ERP-PROV-MX-027-B,Latte Bebidas,explicito,T007,fisico,48.0,4309.99,1574.1,2735.89,63.48,2141.41,0,34
36,CN-00036,ERP-PROV-MX-036-A,Gourmet Cafe Grano,inferido,T009,fisico,42.0,13215.57,7890.22,5325.35,40.3,3502.51,0,24
48,CN-00048,ERP-PROV-MX-048-C,Bolillo Panaderia,explicito,T037,fisico,63.0,1560.39,591.73,968.66,62.08,753.43,0,48
25,CN-00025,ERP-PROV-MX-025-C,Latte Bebidas,explicito,T037,fisico,45.0,2156.86,710.49,1446.37,67.06,1148.87,0,27
27,CN-00027,ERP-PROV-MX-027-B,Latte Bebidas,explicito,T017,fisico,51.0,4605.72,1641.6,2964.12,64.36,2328.85,0,34
10,CN-00010,ERP-PROV-MX-010-D,Descafeinado Cafe Grano,explicito,T026,fisico,52.0,18734.4,9351.75,9382.65,50.08,6798.59,0,30
42,CN-00042,ERP-PROV-MX-042-A,Quiche Comida Caliente,explicito,T029,fisico,48.0,4195.55,1907.34,2288.21,54.54,1709.51,0,30
58,CN-00058,ERP-PROV-MX-058-A,Chai Bebidas,explicito,T024,fisico,62.0,4735.33,1657.38,3077.95,65.0,2424.8,0,34
24,CN-00024,ERP-PROV-MX-024-A,Americano Cafe Molido,explicito,T011,fisico,41.0,13237.05,8781.29,4455.76,33.66,2629.96,0,29
36,CN-00036,ERP-PROV-MX-036-A,Gourmet Cafe Grano,inferido,T034,fisico,35.0,10947.47,6612.61,4334.86,39.6,2824.86,0,29
24,CN-00024,ERP-PROV-MX-024-A,Americano Cafe Molido,explicito,T017,fisico,55.0,17991.04,11848.49,6142.55,34.14,3661.03,0,33
3,CN-00003,ERP-PROV-MX-003-D,Filtros Mercancia,explicito,T023,fisico,51.0,8260.27,3912.19,4348.08,52.64,3208.73,0,34
26,CN-00026,ERP-PROV-MX-026-A,Premium Cafe Molido,inferido,T039,fisico,43.0,6620.91,3807.17,2813.74,42.5,1900.51,0,27
58,CN-00058,ERP-PROV-MX-058-A,Chai Bebidas,explicito,T026,fisico,51.0,3896.76,1386.19,2510.57,64.43,1973.09,0,32
22,CN-00022,ERP-PROV-MX-022-A,Ensalada Comida Caliente,explicito,T017,fisico,36.0,6134.18,3460.2,2673.98,43.59,1827.89,0,30
60,CN-00060,ERP-PROV-MX-060-A,Espresso Cafe Grano,explicito,T006,fisico,40.0,7856.41,5040.36,2816.05,35.84,1732.41,0,31
24,CN-00024,ERP-PROV-MX-024-A,Americano Cafe Molido,explicito,T026,fisico,40.0,12950.35,8627.56,4322.79,33.38,2536.53,0,33
1,CN-00001,ERP-PROV-MX-001-A,Sándwich Comida Caliente,inferido,T035,fisico,29.0,2158.52,2436.0,-277.48,-12.86,-575.21,24,24
27,CN-00027,ERP-PROV-MX-027-B,Latte Bebidas,explicito,T005,fisico,49.0,4435.02,1591.64,2843.38,64.11,2231.65,0,29
63,CN-00063,ERP-PROV-MX-063-C,Gourmet Cafe Molido,explicito,T039,fisico,44.0,3740.93,2391.53,1349.4,36.07,833.41,0,31
26,CN-00026,ERP-PROV-MX-026-A,Premium Cafe Molido,inferido,T011,fisico,41.0,6288.45,3636.93,2651.52,42.16,1784.15,0,26
27,CN-00027,ERP-PROV-MX-027-B,Latte Bebidas,explicito,T009,fisico,53.0,4782.03,1758.58,3023.45,63.23,2363.86,0,31
15,CN-00015,ERP-PROV-MX-015-D,Especial Cafe Molido,explicito,T013,fisico,25.0,9083.53,11927.3,-2843.77,-31.31,-4096.67,19,19
21,CN-00021,ERP-PROV-MX-021-A,Concha Panaderia,inferido,T028,fisico,48.0,1236.53,550.03,686.5,55.52,515.94,0,33
10,CN-00010,ERP-PROV-MX-010-D,Descafeinado Cafe Grano,explicito,T014,fisico,35.0,12648.07,6242.59,6405.48,50.64,4660.92,0,38
63,CN-00063,ERP-PROV-MX-063-C,Gourmet Cafe Molido,explicito,T005,fisico,41.0,3453.16,2219.5,1233.66,35.73,757.36,0,27
36,CN-00036,ERP-PROV-MX-036-A,Gourmet Cafe Grano,inferido,T018,fisico,35.0,10950.07,6630.17,4319.9,39.45,2809.55,0,24
15,CN-00015,ERP-PROV-MX-015-D,Especial Cafe Molido,explicito,T016,fisico,59.0,21549.76,28088.86,-6539.1,-30.34,-9511.48,33,33
31,CN-00031,ERP-PROV-MX-031-A,Termo Mercancia,inferido,T018,fisico,54.0,29325.54,12470.8,16854.74,57.47,12809.84,0,30
65,CN-00065,ERP-PROV-MX-065-D,Estándar Cafe Molido,explicito,T006,fisico,79.0,15852.34,8102.73,7749.61,48.89,5563.08,0,42
40,CN-00040,ERP-PROV-MX-040-A,Chocolate Bebidas,explicito,T005,fisico,55.0,2955.14,949.18,2005.96,67.88,1598.35,0,31
9,CN-00009,ERP-PROV-MX-009-B,Termo Mercancia,explicito,T003,fisico,49.0,30132.53,12824.47,17308.06,57.44,13151.85,0,34
66,CN-00066,ERP-PROV-MX-066-B,Mocha Bebidas,explicito,T005,fisico,30.0,1744.59,634.11,1110.48,63.65,869.85,0,24
66,CN-00066,ERP-PROV-MX-066-B,Mocha Bebidas,explicito,T014,fisico,59.0,3410.39,1226.15,2184.24,64.05,1713.84,0,45
9,CN-00009,ERP-PROV-MX-009-B,Termo Mercancia,explicito,T017,fisico,45.0,28004.93,11632.84,16372.09,58.46,12509.34,0,30
11,CN-00011,ERP-PROV-MX-011-C,Bolillo Panaderia,inferido,T029,fisico,55.0,1552.3,718.3,834.0,53.73,619.89,0,35
32,CN-00032,ERP-PROV-MX-032-D,Americano Cafe Grano,explicito,T026,fisico,49.0,4905.0,2335.83,2569.17,52.38,1892.62,0,32
9,CN-00009,ERP-PROV-MX-009-B,Termo Mercancia,explicito,T028,fisico,41.0,25289.55,10948.25,14341.3,56.71,10853.09,0,31
70,CN-00070,ERP-PROV-MX-070-D,Molinillo Mercancia,explicito,T028,fisico,33.0,12442.36,7787.01,4655.35,37.42,2939.16,0,25
47,CN-00047,ERP-PROV-MX-047-B,Filtros Mercancia,explicito,T025,fisico,60.0,29699.07,19217.97,10481.1,35.29,6384.68,0,36
19,CN-00019,ERP-PROV-MX-019-D,Gourmet Cafe Molido,explicito,T032,fisico,39.0,10598.66,5690.87,4907.79,46.31,3445.91,0,30
8,CN-00008,ERP-PROV-MX-008-C,Empanada Panaderia,explicito,T002,fisico,36.0,1393.2,759.09,634.11,45.51,441.94,0,29
11,CN-00011,ERP-PROV-MX-011-C,Bolillo Panaderia,inferido,T030,fisico,47.0,1343.09,647.71,695.38,51.77,510.13,0,33
16,CN-00016,ERP-PROV-MX-016-C,Quiche Comida Caliente,inferido,T015,fisico,56.0,4880.32,2432.88,2447.44,50.15,1774.29,0,35
39,CN-00039,ERP-PROV-MX-039-B,Taza Mercancia,explicito,T029,fisico,47.0,37637.01,21987.08,15649.93,41.58,10458.62,0,32
7,CN-00007,ERP-PROV-MX-007-D,Selección Cafe Grano,explicito,T015,fisico,59.0,14779.25,11506.22,3273.03,22.15,1234.51,0,34
17,CN-00017,ERP-PROV-MX-017-B,Quiche Comida Caliente,explicito,T005,fisico,25.0,4033.28,2011.05,2022.23,50.14,1465.92,0,25
52,CN-00052,ERP-PROV-MX-052-C,Americano Cafe Molido,explicito,T018,fisico,40.0,6756.89,4483.84,2273.05,33.64,1341.07,0,29
68,CN-00068,ERP-PROV-MX-068-C,Croissant Panaderia,explicito,T035,fisico,54.0,2138.27,824.5,1313.77,61.44,1018.84,0,30
52,CN-00052,ERP-PROV-MX-052-C,Americano Cafe Molido,explicito,T035,fisico,55.0,9290.06,6161.01,3129.05,33.68,1847.66,0,36
40,CN-00040,ERP-PROV-MX-040-A,Chocolate Bebidas,explicito,T015,fisico,51.0,2683.72,876.95,1806.77,67.32,1436.6,0,28
20,CN-00020,ERP-PROV-MX-020-C,Taza Mercancia,explicito,T035,fisico,34.0,20600.14,8684.35,11915.79,57.84,9074.39,0,24
56,CN-00056,ERP-PROV-MX-056-C,Empanada Panaderia,explicito,T008,fisico,68.0,1119.21,534.52,584.69,52.24,430.32,0,35
39,CN-00039,ERP-PROV-MX-039-B,Taza Mercancia,explicito,T025,fisico,22.0,17601.92,10331.02,7270.9,41.31,4843.05,0,23
41,CN-00041,ERP-PROV-MX-041-D,Gourmet Cafe Molido,inferido,T040,fisico,43.0,3353.43,1889.72,1463.71,43.65,1001.17,0,30
57,CN-00057,ERP-PROV-MX-057-C,Premium Cafe Grano,explicito,T029,fisico,56.0,10381.64,5102.97,5278.67,50.85,3846.72,0,36
37,CN-00037,ERP-PROV-MX-037-C,Tradicional Cafe Molido,explicito,T034,fisico,62.0,13800.47,7557.47,6243.0,45.24,4339.49,0,33
5,CN-00005,ERP-PROV-MX-005-C,Croissant Panaderia,explicito,T036,fisico,46.0,943.91,596.4,347.51,36.82,217.32,0,31
5,CN-00005,ERP-PROV-MX-005-C,Croissant Panaderia,explicito,T029,fisico,46.0,940.27,596.45,343.82,36.57,214.13,0,30
33,CN-00033,ERP-PROV-MX-033-D,Especial Cafe Molido,explicito,T035,fisico,23.0,6105.41,3634.97,2470.44,40.46,1628.31,0,18
54,CN-00054,ERP-PROV-MX-054-B,Espresso Cafe Molido,explicito,T034,fisico,39.0,4446.86,2243.81,2203.05,49.54,1589.69,0,23
62,CN-00062,ERP-PROV-MX-062-B,Wrap Comida Caliente,explicito,T030,fisico,44.0,7347.94,3361.17,3986.77,54.26,2973.26,0,33
12,CN-00012,ERP-PROV-MX-012-B,Sándwich Comida Caliente,explicito,T029,fisico,41.0,5417.32,2279.77,3137.55,57.92,2390.33,0,27
34,CN-00034,ERP-PROV-MX-034-D,Estándar Cafe Molido,explicito,T002,fisico,60.0,6547.52,3834.41,2713.11,41.44,1810.0,0,32
14,CN-00014,ERP-PROV-MX-014-D,Descafeinado Cafe Grano,explicito,T022,fisico,34.0,11780.96,7266.15,4514.81,38.32,2889.85,0,28
57,CN-00057,ERP-PROV-MX-057-C,Premium Cafe Grano,explicito,T013,fisico,43.0,8025.93,3971.75,4054.18,50.51,2947.16,0,31
5,CN-00005,ERP-PROV-MX-005-C,Croissant Panaderia,explicito,T010,fisico,50.0,1018.32,647.06,371.26,36.46,230.8,0,32
13,CN-00013,ERP-PROV-MX-013-B,Selección Cafe Molido,explicito,T040,fisico,43.0,8588.87,5949.57,2639.3,30.73,1454.63,0,35
43,CN-00043,ERP-PROV-MX-043-A,Filtros Mercancia,explicito,T014,fisico,37.0,6857.13,3259.36,3597.77,52.47,2651.96,0,25
49,CN-00049,ERP-PROV-MX-049-A,Mocha Bebidas,explicito,T012,fisico,40.0,3515.12,1356.72,2158.4,61.4,1673.56,0,30
62,CN-00062,ERP-PROV-MX-062-B,Wrap Comida Caliente,explicito,T036,fisico,28.0,4626.18,2112.66,2513.52,54.33,1875.43,0,26
30,CN-00030,ERP-PROV-MX-030-C,Molinillo Mercancia,explicito,T008,fisico,45.0,10191.86,5018.05,5173.81,50.76,3768.04,0,34
67,CN-00067,ERP-PROV-MX-067-C,Premium Cafe Molido,explicito,T004,fisico,25.0,7267.34,4116.94,3150.4,43.35,2148.01,0,25
12,CN-00012,ERP-PROV-MX-012-B,Sándwich Comida Caliente,explicito,T039,fisico,68.0,8962.74,3866.89,5095.85,56.86,3859.61,0,37
57,CN-00057,ERP-PROV-MX-057-C,Premium Cafe Grano,explicito,T009,fisico,40.0,7433.12,3653.99,3779.13,50.84,2753.87,0,30
13,CN-00013,ERP-PROV-MX-013-B,Selección Cafe Molido,explicito,T028,fisico,59.0,11752.36,8181.44,3570.92,30.38,1949.9,0,43
54,CN-00054,ERP-PROV-MX-054-B,Espresso Cafe Molido,explicito,T020,fisico,29.0,3300.58,1674.27,1626.31,49.27,1171.06,0,24
62,CN-00062,ERP-PROV-MX-062-B,Wrap Comida Caliente,explicito,T021,fisico,55.0,9091.66,4187.37,4904.29,53.94,3650.27,0,33
2,CN-00002,ERP-PROV-MX-002-B,Sándwich Comida Caliente,explicito,T011,fisico,57.0,7551.65,9596.79,-2045.14,-27.08,-3086.75,30,30
50,CN-00050,ERP-PROV-MX-050-A,Chai Bebidas,explicito,T007,fisico,30.0,2737.24,1236.49,1500.75,54.83,1123.2,0,24
43,CN-00043,ERP-PROV-MX-043-A,Filtros Mercancia,explicito,T007,fisico,53.0,9679.77,4628.04,5051.73,52.19,3716.59,0,37
51,CN-00051,ERP-PROV-MX-051-C,Termo Mercancia,explicito,T022,fisico,24.0,11698.59,5649.18,6049.41,51.71,4435.81,0,24
6,CN-00006,ERP-PROV-MX-006-C,Estándar Cafe Grano,inferido,T035,fisico,43.0,8580.63,4422.78,4157.85,48.46,2974.31,0,32
30,CN-00030,ERP-PROV-MX-030-C,Molinillo Mercancia,explicito,T034,fisico,49.0,10984.9,5458.27,5526.63,50.31,4011.47,0,32
55,CN-00055,ERP-PROV-MX-055-C,Termo Mercancia,explicito,T008,fisico,38.0,23808.29,11034.51,12773.78,53.65,9489.88,0,32
36,CN-00036,ERP-PROV-MX-036-A,Gourmet Cafe Grano,inferido,T039,fisico,43.0,13436.78,8112.45,5324.33,39.63,3470.98,0,26
15,CN-00015,ERP-PROV-MX-015-D,Especial Cafe Molido,explicito,T038,fisico,56.0,20332.46,26647.24,-6314.78,-31.06,-9119.26,37,37
21,CN-00021,ERP-PROV-MX-021-A,Concha Panaderia,inferido,T032,fisico,43.0,1097.39,492.77,604.62,55.1,453.26,0,29
36,CN-00036,ERP-PROV-MX-036-A,Gourmet Cafe Grano,inferido,T030,fisico,27.0,8573.07,5147.89,3425.18,39.95,2242.69,0,23
42,CN-00042,ERP-PROV-MX-042-A,Quiche Comida Caliente,explicito,T011,fisico,43.0,3764.83,1707.02,2057.81,54.66,1538.52,0,29
21,CN-00021,ERP-PROV-MX-021-A,Concha Panaderia,inferido,T015,fisico,40.0,1030.01,454.46,575.55,55.88,433.48,0,26
60,CN-00060,ERP-PROV-MX-060-A,Espresso Cafe Grano,explicito,T028,fisico,44.0,8613.23,5536.17,3077.06,35.72,1889.03,0,32
27,CN-00027,ERP-PROV-MX-027-B,Latte Bebidas,explicito,T029,fisico,50.0,4482.13,1621.54,2860.59,63.82,2242.37,0,34
24,CN-00024,ERP-PROV-MX-024-A,Americano Cafe Molido,explicito,T021,fisico,31.0,10143.61,6469.19,3674.42,36.22,2275.3,0,23
48,CN-00048,ERP-PROV-MX-048-C,Bolillo Panaderia,explicito,T014,fisico,29.0,710.81,277.76,433.05,60.92,335.01,0,17
21,CN-00021,ERP-PROV-MX-021-A,Concha Panaderia,inferido,T024,fisico,37.0,949.64,420.55,529.09,55.71,398.11,0,29
21,CN-00021,ERP-PROV-MX-021-A,Concha Panaderia,inferido,T006,fisico,53.0,1359.32,610.27,749.05,55.1,561.56,0,34
24,CN-00024,ERP-PROV-MX-024-A,Americano Cafe Molido,explicito,T034,fisico,56.0,17987.14,11942.02,6045.12,33.61,3564.14,0,33
1,CN-00001,ERP-PROV-MX-001-A,Sándwich Comida Caliente,inferido,T036,fisico,40.0,2966.39,3360.0,-393.61,-13.27,-802.77,24,24
65,CN-00065,ERP-PROV-MX-065-D,Estándar Cafe Molido,explicito,T015,fisico,34.0,6870.04,3488.8,3381.24,49.22,2433.65,0,27
32,CN-00032,ERP-PROV-MX-032-D,Americano Cafe Grano,explicito,T006,fisico,44.0,4370.64,2097.23,2273.41,52.02,1670.56,0,28
70,CN-00070,ERP-PROV-MX-070-D,Molinillo Mercancia,explicito,T021,fisico,43.0,16136.12,10190.44,5945.68,36.85,3720.01,0,25
19,CN-00019,ERP-PROV-MX-019-D,Gourmet Cafe Molido,explicito,T013,fisico,52.0,14091.8,7747.31,6344.49,45.02,4400.79,0,31
52,CN-00052,ERP-PROV-MX-052-C,Americano Cafe Molido,explicito,T021,fisico,30.0,5134.25,3432.95,1701.3,33.14,993.13,0,19
56,CN-00056,ERP-PROV-MX-056-C,Empanada Panaderia,explicito,T017,fisico,46.0,754.86,370.58,384.28,50.91,280.16,0,31
8,CN-00008,ERP-PROV-MX-008-C,Empanada Panaderia,explicito,T023,fisico,47.0,1809.6,993.21,816.39,45.11,566.79,0,31
52,CN-00052,ERP-PROV-MX-052-C,Americano Cafe Molido,explicito,T033,fisico,32.0,5471.28,3607.8,1863.48,34.06,1108.82,0,27
47,CN-00047,ERP-PROV-MX-047-B,Filtros Mercancia,explicito,T009,fisico,47.0,23170.02,14961.58,8208.44,35.43,5012.58,0,34
28,CN-00028,ERP-PROV-MX-028-D,Selección Cafe Molido,explicito,T015,fisico,35.0,13473.96,7291.62,6182.34,45.88,4323.86,0,29
66,CN-00066,ERP-PROV-MX-066-B,Mocha Bebidas,explicito,T002,fisico,44.0,2543.27,925.22,1618.05,63.62,1267.25,0,31
56,CN-00056,ERP-PROV-MX-056-C,Empanada Panaderia,explicito,T009,fisico,46.0,759.61,370.73,388.88,51.19,284.11,0,26
12,CN-00012,ERP-PROV-MX-012-B,Sándwich Comida Caliente,explicito,T008,fisico,40.0,5318.22,2300.16,3018.06,56.75,2284.51,0,29
20,CN-00020,ERP-PROV-MX-020-C,Taza Mercancia,explicito,T011,fisico,46.0,27522.72,11741.47,15781.25,57.34,11985.01,0,29
33,CN-00033,ERP-PROV-MX-033-D,Especial Cafe Molido,explicito,T003,fisico,48.0,12722.86,7442.11,5280.75,41.51,3525.87,0,29
2,CN-00002,ERP-PROV-MX-002-B,Sándwich Comida Caliente,explicito,T037,fisico,58.0,7549.39,9802.58,-2253.19,-29.85,-3294.49,33,33
33,CN-00033,ERP-PROV-MX-033-D,Especial Cafe Molido,explicito,T039,fisico,35.0,9193.37,5478.03,3715.34,40.41,2447.29,0,28
6,CN-00006,ERP-PROV-MX-006-C,Estándar Cafe Grano,inferido,T037,fisico,66.0,13271.48,6723.05,6548.43,49.34,4717.88,0,43
33,CN-00033,ERP-PROV-MX-033-D,Especial Cafe Molido,explicito,T029,fisico,57.0,15127.14,8860.6,6266.54,41.43,4180.04,0,34
6,CN-00006,ERP-PROV-MX-006-C,Estándar Cafe Grano,inferido,T018,fisico,44.0,8740.36,4480.55,4259.81,48.74,3054.24,0,27
49,CN-00049,ERP-PROV-MX-049-A,Mocha Bebidas,explicito,T033,fisico,50.0,4413.77,1699.42,2714.35,61.5,2105.55,0,23
34,CN-00034,ERP-PROV-MX-034-D,Estándar Cafe Molido,explicito,T016,fisico,57.0,6139.14,3657.27,2481.87,40.43,1635.09,0,35
14,CN-00014,ERP-PROV-MX-014-D,Descafeinado Cafe Grano,explicito,T018,fisico,55.0,19094.33,11775.22,7319.11,38.33,4685.41,0,34
5,CN-00005,ERP-PROV-MX-005-C,Croissant Panaderia,explicito,T028,fisico,22.0,442.33,286.1,156.23,35.32,95.22,0,21
14,CN-00014,ERP-PROV-MX-014-D,Descafeinado Cafe Grano,explicito,T026,fisico,49.0,16946.21,10452.56,6493.65,38.32,4156.24,0,33
54,CN-00054,ERP-PROV-MX-054-B,Espresso Cafe Molido,explicito,T033,fisico,40.0,4592.1,2273.46,2318.64,50.49,1685.25,0,30
63,CN-00063,ERP-PROV-MX-063-C,Gourmet Cafe Molido,explicito,T002,fisico,38.0,3194.39,2056.01,1138.38,35.64,697.77,0,25
18,CN-00018,ERP-PROV-MX-018-A,Tradicional Cafe Molido,explicito,T005,fisico,46.0,11036.83,6074.67,4962.16,44.96,3439.84,0,33
44,CN-00044,ERP-PROV-MX-044-A,Filtros Mercancia,explicito,T012,fisico,38.0,9505.39,6444.17,3061.22,32.21,1750.13,0,23
26,CN-00026,ERP-PROV-MX-026-A,Premium Cafe Molido,inferido,T004,fisico,41.0,6354.66,3651.3,2703.36,42.54,1826.86,0,27
63,CN-00063,ERP-PROV-MX-063-C,Gourmet Cafe Molido,explicito,T004,fisico,49.0,4179.25,2611.99,1567.26,37.5,990.81,0,38
31,CN-00031,ERP-PROV-MX-031-A,Termo Mercancia,inferido,T039,fisico,49.0,26489.78,11419.76,15070.02,56.89,11416.26,0,26
52,CN-00052,ERP-PROV-MX-052-C,Americano Cafe Molido,explicito,T014,fisico,39.0,6624.07,4394.41,2229.66,33.66,1316.0,0,29
12,CN-00012,ERP-PROV-MX-012-B,Sándwich Comida Caliente,explicito,T010,fisico,57.0,7628.06,3252.73,4375.33,57.36,3323.18,0,37
17,CN-00017,ERP-PROV-MX-017-B,Quiche Comida Caliente,explicito,T014,fisico,24.0,3892.87,1910.05,1982.82,50.93,1445.87,0,20
12,CN-00012,ERP-PROV-MX-012-B,Sándwich Comida Caliente,explicito,T034,fisico,59.0,7941.04,3336.83,4604.21,57.98,3508.89,0,31
28,CN-00028,ERP-PROV-MX-028-D,Selección Cafe Molido,explicito,T005,fisico,31.0,12115.95,6329.76,5786.19,47.76,4115.02,0,24
13,CN-00013,ERP-PROV-MX-013-B,Selección Cafe Molido,explicito,T036,fisico,54.0,10839.73,7411.6,3428.13,31.63,1932.99,0,30
52,CN-00052,ERP-PROV-MX-052-C,Americano Cafe Molido,explicito,T016,fisico,42.0,7155.23,4730.12,2425.11,33.89,1438.18,0,28
28,CN-00028,ERP-PROV-MX-028-D,Selección Cafe Molido,explicito,T002,fisico,49.0,18963.9,10261.18,8702.72,45.89,6087.01,0,25
52,CN-00052,ERP-PROV-MX-052-C,Americano Cafe Molido,explicito,T036,fisico,46.0,7801.02,5206.97,2594.05,33.25,1518.05,0,29
39,CN-00039,ERP-PROV-MX-039-B,Taza Mercancia,explicito,T018,fisico,39.0,31031.39,18193.82,12837.57,41.37,8557.38,0,30
53,CN-00053,ERP-PROV-MX-053-A,Sándwich Comida Caliente,explicito,T013,fisico,41.0,5677.45,3176.98,2500.47,44.04,1717.37,0,27
54,CN-00054,ERP-PROV-MX-054-B,Espresso Cafe Molido,explicito,T009,fisico,23.0,2639.19,1328.65,1310.54,49.66,946.51,0,26
5,CN-00005,ERP-PROV-MX-005-C,Croissant Panaderia,explicito,T017,fisico,53.0,1082.74,690.11,392.63,36.26,243.29,0,31
6,CN-00006,ERP-PROV-MX-006-C,Estándar Cafe Grano,inferido,T036,fisico,40.0,8030.73,4042.23,3988.5,49.67,2880.81,0,30
62,CN-00062,ERP-PROV-MX-062-B,Wrap Comida Caliente,explicito,T004,fisico,39.0,6445.58,2969.65,3475.93,53.93,2586.88,0,31
34,CN-00034,ERP-PROV-MX-034-D,Estándar Cafe Molido,explicito,T033,fisico,34.0,3718.12,2179.87,1538.25,41.37,1025.41,0,31
55,CN-00055,ERP-PROV-MX-055-C,Termo Mercancia,explicito,T031,fisico,31.0,19122.61,8995.69,10126.92,52.96,7489.32,0,19
10,CN-00010,ERP-PROV-MX-010-D,Descafeinado Cafe Grano,explicito,T009,fisico,45.0,16059.25,7833.86,8225.39,51.22,6010.32,0,29
38,CN-00038,ERP-PROV-MX-038-A,Selección Cafe Grano,explicito,T027,fisico,76.0,25754.84,17929.84,7825.0,30.38,4272.61,0,36
21,CN-00021,ERP-PROV-MX-021-A,Concha Panaderia,inferido,T030,fisico,52.0,1339.76,596.8,742.96,55.45,558.17,0,40
31,CN-00031,ERP-PROV-MX-031-A,Termo Mercancia,inferido,T015,fisico,49.0,26495.11,11305.94,15189.17,57.33,11534.67,0,25
41,CN-00041,ERP-PROV-MX-041-D,Gourmet Cafe Molido,inferido,T036,fisico,31.0,2374.37,1371.35,1003.02,42.24,675.52,0,28
20,CN-00020,ERP-PROV-MX-020-C,Taza Mercancia,explicito,T005,fisico,58.0,34637.54,14800.69,19836.85,57.27,15059.26,0,33
52,CN-00052,ERP-PROV-MX-052-C,Americano Cafe Molido,explicito,T029,fisico,36.0,6139.3,4081.49,2057.81,33.52,1211.01,0,29
2,CN-00002,ERP-PROV-MX-002-B,Sándwich Comida Caliente,explicito,T017,fisico,33.0,4346.87,5551.47,-1204.6,-27.71,-1804.17,22,22
16,CN-00016,ERP-PROV-MX-016-C,Quiche Comida Caliente,inferido,T016,fisico,47.0,4076.47,2043.13,2033.34,49.88,1471.07,0,28
68,CN-00068,ERP-PROV-MX-068-C,Croissant Panaderia,explicito,T003,fisico,43.0,1674.14,675.73,998.41,59.64,767.49,0,28
11,CN-00011,ERP-PROV-MX-011-C,Bolillo Panaderia,inferido,T017,fisico,37.0,1066.48,499.73,566.75,53.14,419.65,0,26
16,CN-00016,ERP-PROV-MX-016-C,Quiche Comida Caliente,inferido,T040,fisico,21.0,1791.05,907.53,883.52,49.33,636.48,0,19
14,CN-00014,ERP-PROV-MX-014-D,Descafeinado Cafe Grano,explicito,T015,fisico,46.0,15801.9,9788.98,6012.92,38.05,3833.35,0,34
60,CN-00060,ERP-PROV-MX-060-A,Espresso Cafe Grano,explicito,T011,fisico,30.0,5832.19,3765.3,2066.89,35.44,1262.45,0,20
60,CN-00060,ERP-PROV-MX-060-A,Espresso Cafe Grano,explicito,T038,fisico,47.0,9141.32,5898.97,3242.35,35.47,1981.48,0,27
3,CN-00003,ERP-PROV-MX-003-D,Filtros Mercancia,explicito,T022,fisico,39.0,6293.98,2991.74,3302.24,52.47,2434.1,0,32
55,CN-00055,ERP-PROV-MX-055-C,Termo Mercancia,explicito,T033,fisico,36.0,22531.35,10482.52,12048.83,53.48,8941.06,0,26
35,CN-00035,ERP-PROV-MX-035-A,Sándwich Comida Caliente,explicito,T011,fisico,37.0,5182.68,3554.21,1628.47,31.42,913.62,0,24
19,CN-00019,ERP-PROV-MX-019-D,Gourmet Cafe Molido,explicito,T010,fisico,32.0,8671.65,4653.4,4018.25,46.34,2822.16,0,24
3,CN-00003,ERP-PROV-MX-003-D,Filtros Mercancia,explicito,T009,fisico,29.0,4728.16,2227.01,2501.15,52.9,1848.99,0,23
30,CN-00030,ERP-PROV-MX-030-C,Molinillo Mercancia,explicito,T013,fisico,32.0,7197.37,3597.05,3600.32,50.02,2607.58,0,20
30,CN-00030,ERP-PROV-MX-030-C,Molinillo Mercancia,explicito,T026,fisico,44.0,9988.27,4894.69,5093.58,51.0,3715.89,0,30
29,CN-00029,ERP-PROV-MX-029-C,Termo Mercancia,explicito,ECOMMERCE,ecommerce,360.0,235234.58,109024.67,126209.91,53.65,93763.76,0,270
7,CN-00007,ERP-PROV-MX-007-D,Selección Cafe Grano,explicito,ECOMMERCE,ecommerce,375.0,98498.55,76858.35,21640.2,21.97,8054.19,0,295
55,CN-00055,ERP-PROV-MX-055-C,Termo Mercancia,explicito,T027,fisico,52.0,32603.67,15102.21,17501.46,53.68,13004.4,0,36
55,CN-00055,ERP-PROV-MX-055-C,Termo Mercancia,explicito,T010,fisico,52.0,32499.37,15112.15,17387.22,53.5,12904.55,0,34
36,CN-00036,ERP-PROV-MX-036-A,Gourmet Cafe Grano,inferido,T022,fisico,65.0,20474.16,12221.5,8252.66,40.31,5428.64,0,37
29,CN-00029,ERP-PROV-MX-029-C,Termo Mercancia,explicito,T039,fisico,37.0,23025.91,11499.3,11526.61,50.06,8350.62,0,28
60,CN-00060,ERP-PROV-MX-060-A,Espresso Cafe Grano,explicito,T001,fisico,44.0,8591.89,5534.9,3056.99,35.58,1871.9,0,28
1,CN-00001,ERP-PROV-MX-001-A,Sándwich Comida Caliente,inferido,T010,fisico,40.0,2974.48,3360.0,-385.52,-12.96,-795.79,31,31
64,CN-00064,ERP-PROV-MX-064-C,Frappé Bebidas,explicito,T030,fisico,32.0,2691.94,988.9,1703.04,63.26,1331.74,0,26
15,CN-00015,ERP-PROV-MX-015-D,Especial Cafe Molido,explicito,T037,fisico,47.0,17003.83,22361.0,-5357.17,-31.51,-7702.53,34,34
23,CN-00023,ERP-PROV-MX-023-B,Ensalada Comida Caliente,explicito,T035,fisico,32.0,5041.62,2502.16,2539.46,50.37,1844.06,0,27
58,CN-00058,ERP-PROV-MX-058-A,Chai Bebidas,explicito,T008,fisico,40.0,3105.14,1080.6,2024.54,65.2,1596.24,0,26
10,CN-00010,ERP-PROV-MX-010-D,Descafeinado Cafe Grano,explicito,T028,fisico,40.0,14478.38,7031.68,7446.7,51.43,5449.68,0,31
24,CN-00024,ERP-PROV-MX-024-A,Americano Cafe Molido,explicito,T038,fisico,39.0,12741.61,8292.39,4449.22,34.92,2691.76,0,32
10,CN-00010,ERP-PROV-MX-010-D,Descafeinado Cafe Grano,explicito,T022,fisico,45.0,16213.38,7897.71,8315.67,51.29,6079.34,0,31
35,CN-00035,ERP-PROV-MX-035-A,Sándwich Comida Caliente,explicito,T014,fisico,53.0,7430.56,5016.49,2414.07,32.49,1389.17,0,32
36,CN-00036,ERP-PROV-MX-036-A,Gourmet Cafe Grano,inferido,T037,fisico,52.0,16423.81,9847.22,6576.59,40.04,4311.24,0,35
42,CN-00042,ERP-PROV-MX-042-A,Quiche Comida Caliente,explicito,T023,fisico,41.0,3543.38,1599.62,1943.76,54.86,1455.02,0,20
45,CN-00045,ERP-PROV-MX-045-D,Especial Cafe Grano,explicito,T035,fisico,36.0,3562.65,2350.76,1211.89,34.02,720.49,0,22
26,CN-00026,ERP-PROV-MX-026-A,Premium Cafe Molido,inferido,T003,fisico,39.0,6054.64,3427.37,2627.27,43.39,1792.15,0,26
35,CN-00035,ERP-PROV-MX-035-A,Sándwich Comida Caliente,explicito,T038,fisico,56.0,7857.66,5295.52,2562.14,32.61,1478.32,0,37
25,CN-00025,ERP-PROV-MX-025-C,Latte Bebidas,explicito,T023,fisico,52.0,2538.81,824.28,1714.53,67.53,1364.35,0,37
22,CN-00022,ERP-PROV-MX-022-A,Ensalada Comida Caliente,explicito,T013,fisico,40.0,6782.23,3846.11,2936.12,43.29,2000.64,0,27
48,CN-00048,ERP-PROV-MX-048-C,Bolillo Panaderia,explicito,T029,fisico,39.0,958.98,367.02,591.96,61.73,459.69,0,27
29,CN-00029,ERP-PROV-MX-029-C,Termo Mercancia,explicito,T020,fisico,34.0,21367.49,10626.54,10740.95,50.27,7793.71,0,22
45,CN-00045,ERP-PROV-MX-045-D,Especial Cafe Grano,explicito,T004,fisico,46.0,4536.28,3004.14,1532.14,33.78,906.45,0,32
36,CN-00036,ERP-PROV-MX-036-A,Gourmet Cafe Grano,inferido,T007,fisico,39.0,12179.53,7351.88,4827.65,39.64,3147.71,0,33
26,CN-00026,ERP-PROV-MX-026-A,Premium Cafe Molido,inferido,T037,fisico,50.0,7737.09,4401.07,3336.02,43.12,2268.84,0,34
47,CN-00047,ERP-PROV-MX-047-B,Filtros Mercancia,explicito,T035,fisico,61.0,30092.55,19531.82,10560.73,35.09,6410.03,0,39
52,CN-00052,ERP-PROV-MX-052-C,Americano Cafe Molido,explicito,T030,fisico,39.0,6601.07,4394.58,2206.49,33.43,1296.0,0,32
39,CN-00039,ERP-PROV-MX-039-B,Taza Mercancia,explicito,T024,fisico,53.0,41985.7,24436.98,17548.72,41.8,11757.59,0,35
32,CN-00032,ERP-PROV-MX-032-D,Americano Cafe Grano,explicito,T001,fisico,47.0,4700.33,2251.18,2449.15,52.11,1800.83,0,33
7,CN-00007,ERP-PROV-MX-007-D,Selección Cafe Grano,explicito,T004,fisico,52.0,13170.55,10115.96,3054.59,23.19,1237.96,0,36
66,CN-00066,ERP-PROV-MX-066-B,Mocha Bebidas,explicito,T012,fisico,41.0,2339.98,848.11,1491.87,63.76,1169.11,0,27
20,CN-00020,ERP-PROV-MX-020-C,Taza Mercancia,explicito,T006,fisico,49.0,29348.01,12568.66,16779.35,57.17,12731.35,0,31
9,CN-00009,ERP-PROV-MX-009-B,Termo Mercancia,explicito,T014,fisico,34.0,21077.44,9013.33,12064.11,57.24,9156.88,0,26
66,CN-00066,ERP-PROV-MX-066-B,Mocha Bebidas,explicito,T040,fisico,67.0,3885.2,1388.56,2496.64,64.26,1960.75,0,37
66,CN-00066,ERP-PROV-MX-066-B,Mocha Bebidas,explicito,T003,fisico,33.0,1905.35,691.72,1213.63,63.7,950.82,0,31
56,CN-00056,ERP-PROV-MX-056-C,Empanada Panaderia,explicito,T011,fisico,64.0,1042.19,510.83,531.36,50.98,387.61,0,46
32,CN-00032,ERP-PROV-MX-032-D,Americano Cafe Grano,explicito,T018,fisico,27.0,2709.5,1288.14,1421.36,52.46,1047.64,0,24
8,CN-00008,ERP-PROV-MX-008-C,Empanada Panaderia,explicito,T030,fisico,60.0,2329.64,1269.59,1060.05,45.5,738.72,0,40
32,CN-00032,ERP-PROV-MX-032-D,Americano Cafe Grano,explicito,T039,fisico,39.0,3890.44,1866.31,2024.13,52.03,1487.52,0,29
65,CN-00065,ERP-PROV-MX-065-D,Estándar Cafe Molido,explicito,T030,fisico,22.0,4465.85,2253.93,2211.92,49.53,1595.94,0,22
52,CN-00052,ERP-PROV-MX-052-C,Americano Cafe Molido,explicito,T008,fisico,56.0,9546.69,6299.3,3247.39,34.02,1930.61,0,36
56,CN-00056,ERP-PROV-MX-056-C,Empanada Panaderia,explicito,T007,fisico,49.0,792.32,385.13,407.19,51.39,297.9,0,28
66,CN-00066,ERP-PROV-MX-066-B,Mocha Bebidas,explicito,T001,fisico,9.0,508.06,180.59,327.47,64.45,257.39,0,16
54,CN-00054,ERP-PROV-MX-054-B,Espresso Cafe Molido,explicito,T030,fisico,39.0,4454.24,2198.91,2255.33,50.63,1640.95,0,24
6,CN-00006,ERP-PROV-MX-006-C,Estándar Cafe Grano,inferido,T008,fisico,27.0,5419.63,2831.17,2588.46,47.76,1840.92,0,17
2,CN-00002,ERP-PROV-MX-002-B,Sándwich Comida Caliente,explicito,T009,fisico,44.0,5778.43,7427.31,-1648.88,-28.54,-2445.9,34,34
33,CN-00033,ERP-PROV-MX-033-D,Especial Cafe Molido,explicito,T009,fisico,51.0,13540.77,8072.07,5468.7,40.39,3601.01,0,34
5,CN-00005,ERP-PROV-MX-005-C,Croissant Panaderia,explicito,T031,fisico,47.0,956.0,616.47,339.53,35.52,207.67,0,31
12,CN-00012,ERP-PROV-MX-012-B,Sándwich Comida Caliente,explicito,T028,fisico,53.0,7096.18,2996.8,4099.38,57.77,3120.6,0,39
41,CN-00041,ERP-PROV-MX-041-D,Gourmet Cafe Molido,inferido,T021,fisico,50.0,3873.71,2226.44,1647.27,42.52,1112.97,0,30
59,CN-00059,ERP-PROV-MX-059-B,Orgánico Cafe Grano,explicito,T022,fisico,56.0,14065.97,9972.74,4093.23,29.1,2153.1,0,30
43,CN-00043,ERP-PROV-MX-043-A,Filtros Mercancia,explicito,T004,fisico,54.0,9941.08,4670.85,5270.23,53.01,3899.05,0,37
62,CN-00062,ERP-PROV-MX-062-B,Wrap Comida Caliente,explicito,T011,fisico,42.0,6839.3,3155.3,3684.0,53.87,2740.65,0,31
50,CN-00050,ERP-PROV-MX-050-A,Chai Bebidas,explicito,T025,fisico,40.0,3643.86,1642.94,2000.92,54.91,1498.32,0,29
57,CN-00057,ERP-PROV-MX-057-C,Premium Cafe Grano,explicito,T012,fisico,60.0,11208.41,5562.54,5645.87,50.37,4099.88,0,35
69,CN-00069,ERP-PROV-MX-069-C,Estándar Cafe Grano,explicito,T024,fisico,48.0,17438.65,9275.67,8162.98,46.81,5757.65,0,35
49,CN-00049,ERP-PROV-MX-049-A,Mocha Bebidas,explicito,T038,fisico,48.0,4162.86,1637.59,2525.27,60.66,1951.08,0,32
62,CN-00062,ERP-PROV-MX-062-B,Wrap Comida Caliente,explicito,T002,fisico,45.0,7429.94,3485.35,3944.59,53.09,2919.77,0,25
53,CN-00053,ERP-PROV-MX-053-A,Sándwich Comida Caliente,explicito,T005,fisico,30.0,4202.07,2313.27,1888.8,44.95,1309.2,0,25
6,CN-00006,ERP-PROV-MX-006-C,Estándar Cafe Grano,inferido,T026,fisico,53.0,10581.15,5597.25,4983.9,47.1,3524.43,0,28
37,CN-00037,ERP-PROV-MX-037-C,Tradicional Cafe Molido,explicito,T025,fisico,39.0,8689.62,4792.31,3897.31,44.85,2698.74,0,35
13,CN-00013,ERP-PROV-MX-013-B,Selección Cafe Molido,explicito,T002,fisico,38.0,7607.04,5254.91,2352.13,30.92,1302.88,0,25
69,CN-00069,ERP-PROV-MX-069-C,Estándar Cafe Grano,explicito,T033,fisico,38.0,13696.97,7238.14,6458.83,47.16,4569.59,0,27
4,CN-00004,ERP-PROV-MX-004-B,Prensa Francesa Mercancia,explicito,T022,fisico,66.0,45292.48,17478.8,27813.68,61.41,21566.44,0,41
2,CN-00002,ERP-PROV-MX-002-B,Sándwich Comida Caliente,explicito,T032,fisico,43.0,5656.72,7286.76,-1630.04,-28.82,-2410.28,29,29
4,CN-00004,ERP-PROV-MX-004-B,Prensa Francesa Mercancia,explicito,T010,fisico,43.0,29455.3,11432.93,18022.37,61.19,13959.57,0,30
37,CN-00037,ERP-PROV-MX-037-C,Tradicional Cafe Molido,explicito,T010,fisico,48.0,10741.7,5855.62,4886.08,45.49,3404.47,0,32
13,CN-00013,ERP-PROV-MX-013-B,Selección Cafe Molido,explicito,T015,fisico,44.0,8811.49,6109.34,2702.15,30.67,1486.77,0,27
5,CN-00005,ERP-PROV-MX-005-C,Croissant Panaderia,explicito,T040,fisico,38.0,780.79,496.18,284.61,36.45,176.91,0,29
50,CN-00050,ERP-PROV-MX-050-A,Chai Bebidas,explicito,T004,fisico,32.0,2912.82,1310.94,1601.88,54.99,1200.11,0,25
55,CN-00055,ERP-PROV-MX-055-C,Termo Mercancia,explicito,T017,fisico,61.0,38103.63,17712.9,20390.73,53.51,15135.06,0,32
23,CN-00023,ERP-PROV-MX-023-B,Ensalada Comida Caliente,explicito,T010,fisico,35.0,5483.83,2792.78,2691.05,49.07,1934.66,0,22
1,CN-00001,ERP-PROV-MX-001-A,Sándwich Comida Caliente,inferido,T024,fisico,36.0,2681.54,3024.0,-342.46,-12.77,-712.33,24,24
60,CN-00060,ERP-PROV-MX-060-A,Espresso Cafe Grano,explicito,T025,fisico,45.0,8782.31,5657.93,3124.38,35.58,1913.03,0,31
18,CN-00018,ERP-PROV-MX-018-A,Tradicional Cafe Molido,explicito,T001,fisico,30.0,7190.43,3917.61,3272.82,45.52,2281.04,0,25
29,CN-00029,ERP-PROV-MX-029-C,Termo Mercancia,explicito,T032,fisico,34.0,21158.84,10545.54,10613.3,50.16,7694.84,0,26
23,CN-00023,ERP-PROV-MX-023-B,Ensalada Comida Caliente,explicito,T018,fisico,20.0,3190.36,1611.0,1579.36,49.5,1139.31,0,22
22,CN-00022,ERP-PROV-MX-022-A,Ensalada Comida Caliente,explicito,T009,fisico,32.0,5390.33,3073.06,2317.27,42.99,1573.78,0,25
26,CN-00026,ERP-PROV-MX-026-A,Premium Cafe Molido,inferido,T029,fisico,37.0,5691.96,3257.01,2434.95,42.78,1649.85,0,28
10,CN-00010,ERP-PROV-MX-010-D,Descafeinado Cafe Grano,explicito,T002,fisico,45.0,16211.09,7941.64,8269.45,51.01,6033.44,0,32
36,CN-00036,ERP-PROV-MX-036-A,Gourmet Cafe Grano,inferido,T012,fisico,63.0,19741.6,11941.44,7800.16,39.51,5077.18,0,34
18,CN-00018,ERP-PROV-MX-018-A,Tradicional Cafe Molido,explicito,T027,fisico,39.0,9263.31,5178.39,4084.92,44.1,2807.22,0,26
11,CN-00011,ERP-PROV-MX-011-C,Bolillo Panaderia,inferido,T033,fisico,48.0,1386.72,637.61,749.11,54.02,557.84,0,33
47,CN-00047,ERP-PROV-MX-047-B,Filtros Mercancia,explicito,T003,fisico,41.0,20295.46,13113.52,7181.94,35.39,4382.57,0,26
28,CN-00028,ERP-PROV-MX-028-D,Selección Cafe Molido,explicito,T029,fisico,31.0,12026.82,6145.41,5881.41,48.9,4222.54,0,23
32,CN-00032,ERP-PROV-MX-032-D,Americano Cafe Grano,explicito,T011,fisico,39.0,3861.6,1863.7,1997.9,51.74,1465.27,0,28
20,CN-00020,ERP-PROV-MX-020-C,Taza Mercancia,explicito,T037,fisico,44.0,26586.24,11192.45,15393.79,57.9,11726.72,0,33
39,CN-00039,ERP-PROV-MX-039-B,Taza Mercancia,explicito,T011,fisico,37.0,29608.95,17189.86,12419.09,41.94,8335.1,0,27
39,CN-00039,ERP-PROV-MX-039-B,Taza Mercancia,explicito,T022,fisico,27.0,21395.76,12834.54,8561.22,40.01,5610.08,0,24
9,CN-00009,ERP-PROV-MX-009-B,Termo Mercancia,explicito,T001,fisico,45.0,27564.65,11959.97,15604.68,56.61,11802.66,0,29
39,CN-00039,ERP-PROV-MX-039-B,Taza Mercancia,explicito,T038,fisico,45.0,35734.11,20945.48,14788.63,41.39,9859.79,0,27
17,CN-00017,ERP-PROV-MX-017-B,Quiche Comida Caliente,explicito,T016,fisico,39.0,6305.69,3115.68,3190.01,50.59,2320.26,0,27
39,CN-00039,ERP-PROV-MX-039-B,Taza Mercancia,explicito,T027,fisico,36.0,28498.71,16726.3,11772.41,41.31,7841.55,0,25
52,CN-00052,ERP-PROV-MX-052-C,Americano Cafe Molido,explicito,T020,fisico,51.0,8703.47,5814.66,2888.81,33.19,1688.33,0,32
32,CN-00032,ERP-PROV-MX-032-D,Americano Cafe Grano,explicito,T014,fisico,47.0,4705.16,2248.97,2456.19,52.2,1807.2,0,29
7,CN-00007,ERP-PROV-MX-007-D,Selección Cafe Grano,explicito,T014,fisico,45.0,11344.96,9107.71,2237.25,19.72,672.43,0,35
53,CN-00053,ERP-PROV-MX-053-A,Sándwich Comida Caliente,explicito,T029,fisico,66.0,9174.99,5158.6,4016.39,43.78,2750.87,0,33
37,CN-00037,ERP-PROV-MX-037-C,Tradicional Cafe Molido,explicito,T032,fisico,68.0,15301.83,8344.59,6957.24,45.47,4846.64,0,43
57,CN-00057,ERP-PROV-MX-057-C,Premium Cafe Grano,explicito,T028,fisico,57.0,10536.75,5185.27,5351.48,50.79,3898.14,0,33
67,CN-00067,ERP-PROV-MX-067-C,Premium Cafe Molido,explicito,T033,fisico,44.0,12841.81,7085.35,5756.46,44.83,3985.18,0,31
43,CN-00043,ERP-PROV-MX-043-A,Filtros Mercancia,explicito,T008,fisico,48.0,8768.67,4203.75,4564.92,52.06,3355.45,0,27
62,CN-00062,ERP-PROV-MX-062-B,Wrap Comida Caliente,explicito,T005,fisico,35.0,5708.23,2624.87,3083.36,54.02,2296.02,0,22
30,CN-00030,ERP-PROV-MX-030-C,Molinillo Mercancia,explicito,T003,fisico,42.0,9491.97,4803.15,4688.82,49.4,3379.58,0,25
43,CN-00043,ERP-PROV-MX-043-A,Filtros Mercancia,explicito,T028,fisico,39.0,7119.46,3361.07,3758.39,52.79,2776.4,0,31
43,CN-00043,ERP-PROV-MX-043-A,Filtros Mercancia,explicito,T003,fisico,36.0,6642.71,3091.03,3551.68,53.47,2635.44,0,28
55,CN-00055,ERP-PROV-MX-055-C,Termo Mercancia,explicito,T032,fisico,48.0,30330.38,13943.56,16386.82,54.03,12203.32,0,30
18,CN-00018,ERP-PROV-MX-018-A,Tradicional Cafe Molido,explicito,T011,fisico,35.0,8245.12,4603.93,3641.19,44.16,2503.93,0,26
42,CN-00042,ERP-PROV-MX-042-A,Quiche Comida Caliente,explicito,T006,fisico,29.0,2536.17,1131.24,1404.93,55.4,1055.11,0,23
22,CN-00022,ERP-PROV-MX-022-A,Ensalada Comida Caliente,explicito,T011,fisico,38.0,6398.84,3655.79,2743.05,42.87,1860.45,0,30
27,CN-00027,ERP-PROV-MX-027-B,Latte Bebidas,explicito,T027,fisico,38.0,3375.3,1252.72,2122.58,62.89,1657.02,0,29
7,CN-00007,ERP-PROV-MX-007-D,Selección Cafe Grano,explicito,T005,fisico,42.0,10617.45,8396.73,2220.72,20.92,756.24,0,32
16,CN-00016,ERP-PROV-MX-016-C,Quiche Comida Caliente,inferido,T032,fisico,38.0,3282.73,1660.01,1622.72,49.43,1169.93,0,25
13,CN-00013,ERP-PROV-MX-013-B,Selección Cafe Molido,explicito,T025,fisico,55.0,10980.72,7578.01,3402.71,30.99,1888.13,0,43
40,CN-00040,ERP-PROV-MX-040-A,Chocolate Bebidas,explicito,T018,fisico,45.0,2434.0,776.32,1657.68,68.11,1321.96,0,27
16,CN-00016,ERP-PROV-MX-016-C,Quiche Comida Caliente,inferido,T006,fisico,59.0,5103.42,2545.75,2557.67,50.12,1853.75,0,37
11,CN-00011,ERP-PROV-MX-011-C,Bolillo Panaderia,inferido,T010,fisico,52.0,1484.15,676.96,807.19,54.39,602.48,0,28
16,CN-00016,ERP-PROV-MX-016-C,Quiche Comida Caliente,inferido,T038,fisico,33.0,2857.59,1441.52,1416.07,49.55,1021.92,0,23
4,CN-00004,ERP-PROV-MX-004-B,Prensa Francesa Mercancia,explicito,T005,fisico,30.0,20580.33,7899.85,12680.48,61.61,9841.81,0,22
49,CN-00049,ERP-PROV-MX-049-A,Mocha Bebidas,explicito,T027,fisico,42.0,3660.19,1431.31,2228.88,60.9,1724.03,0,30
67,CN-00067,ERP-PROV-MX-067-C,Premium Cafe Molido,explicito,T032,fisico,34.0,9918.23,5633.01,4285.22,43.21,2917.19,0,24
30,CN-00030,ERP-PROV-MX-030-C,Molinillo Mercancia,explicito,T016,fisico,40.0,9090.43,4508.94,4581.49,50.4,3327.64,0,32
49,CN-00049,ERP-PROV-MX-049-A,Mocha Bebidas,explicito,T008,fisico,50.0,4393.95,1707.8,2686.15,61.13,2080.09,0,29
37,CN-00037,ERP-PROV-MX-037-C,Tradicional Cafe Molido,explicito,T039,fisico,57.0,12905.08,6915.06,5990.02,46.42,4210.01,0,32
30,CN-00030,ERP-PROV-MX-030-C,Molinillo Mercancia,explicito,T040,fisico,45.0,10178.91,5059.68,5119.23,50.29,3715.24,0,23
61,CN-00061,ERP-PROV-MX-061-D,Descafeinado Cafe Molido,explicito,T036,fisico,32.0,9421.98,5275.52,4146.46,44.01,2846.88,0,22
53,CN-00053,ERP-PROV-MX-053-A,Sándwich Comida Caliente,explicito,T015,fisico,51.0,7117.48,3981.18,3136.3,44.06,2154.58,0,28
30,CN-00030,ERP-PROV-MX-030-C,Molinillo Mercancia,explicito,T022,fisico,47.0,10648.81,5295.14,5353.67,50.27,3884.87,0,30
55,CN-00055,ERP-PROV-MX-055-C,Termo Mercancia,explicito,T024,fisico,37.0,23068.1,10746.09,12322.01,53.42,9140.2,0,31
60,CN-00060,ERP-PROV-MX-060-A,Espresso Cafe Grano,explicito,T029,fisico,46.0,8999.2,5777.21,3221.99,35.8,1980.72,0,30
66,CN-00066,ERP-PROV-MX-066-B,Mocha Bebidas,explicito,T008,fisico,62.0,3598.36,1292.35,2306.01,64.09,1809.68,0,45
21,CN-00021,ERP-PROV-MX-021-A,Concha Panaderia,inferido,T008,fisico,47.0,1204.58,541.1,663.48,55.08,497.33,0,29
44,CN-00044,ERP-PROV-MX-044-A,Filtros Mercancia,explicito,T023,fisico,48.0,11960.55,8163.57,3796.98,31.75,2147.25,0,27
22,CN-00022,ERP-PROV-MX-022-A,Ensalada Comida Caliente,explicito,T030,fisico,37.0,6296.01,3560.98,2735.03,43.44,1866.61,0,33
42,CN-00042,ERP-PROV-MX-042-A,Quiche Comida Caliente,explicito,T017,fisico,48.0,4196.67,1865.76,2330.91,55.54,1752.06,0,26
38,CN-00038,ERP-PROV-MX-038-A,Selección Cafe Grano,explicito,T033,fisico,39.0,13250.24,9206.64,4043.6,30.52,2215.98,0,30
10,CN-00010,ERP-PROV-MX-010-D,Descafeinado Cafe Grano,explicito,T025,fisico,46.0,16538.72,8067.75,8470.97,51.22,6189.77,0,32
12,CN-00012,ERP-PROV-MX-012-B,Sándwich Comida Caliente,explicito,T025,fisico,49.0,6570.57,2792.88,3777.69,57.49,2871.4,0,35
41,CN-00041,ERP-PROV-MX-041-D,Gourmet Cafe Molido,inferido,T010,fisico,54.0,4216.79,2398.65,1818.14,43.12,1236.51,0,28
65,CN-00065,ERP-PROV-MX-065-D,Estándar Cafe Molido,explicito,T038,fisico,55.0,11160.19,5638.44,5521.75,49.48,3982.41,0,28
65,CN-00065,ERP-PROV-MX-065-D,Estándar Cafe Molido,explicito,T031,fisico,54.0,10847.47,5536.88,5310.59,48.96,3814.39,0,29
65,CN-00065,ERP-PROV-MX-065-D,Estándar Cafe Molido,explicito,T037,fisico,56.0,11227.12,5739.67,5487.45,48.88,3938.88,0,33
9,CN-00009,ERP-PROV-MX-009-B,Termo Mercancia,explicito,T016,fisico,50.0,30872.94,13237.83,17635.11,57.12,13376.77,0,37
17,CN-00017,ERP-PROV-MX-017-B,Quiche Comida Caliente,explicito,T004,fisico,37.0,5926.23,2942.53,2983.7,50.35,2166.29,0,22
43,CN-00043,ERP-PROV-MX-043-A,Filtros Mercancia,explicito,T026,fisico,44.0,8120.61,3842.36,4278.25,52.68,3158.17,0,26
51,CN-00051,ERP-PROV-MX-051-C,Termo Mercancia,explicito,T015,fisico,37.0,17909.98,8712.58,9197.4,51.35,6727.06,0,27
26,CN-00026,ERP-PROV-MX-026-A,Premium Cafe Molido,inferido,T017,fisico,70.0,10915.86,6148.8,4767.06,43.67,3261.42,0,31
63,CN-00063,ERP-PROV-MX-063-C,Gourmet Cafe Molido,explicito,T035,fisico,39.0,3327.01,2116.29,1210.72,36.39,751.82,0,23
1,CN-00001,ERP-PROV-MX-001-A,Sándwich Comida Caliente,inferido,T022,fisico,41.0,3074.64,3457.96,-383.32,-12.47,-807.41,29,29
10,CN-00010,ERP-PROV-MX-010-D,Descafeinado Cafe Grano,explicito,T040,fisico,52.0,18806.39,9011.3,9795.09,52.08,7201.11,0,29
10,CN-00010,ERP-PROV-MX-010-D,Descafeinado Cafe Grano,explicito,T007,fisico,29.0,10469.95,5029.91,5440.04,51.96,3995.91,0,25
41,CN-00041,ERP-PROV-MX-041-D,Gourmet Cafe Molido,inferido,T013,fisico,38.0,2914.81,1686.86,1227.95,42.13,825.91,0,22
20,CN-00020,ERP-PROV-MX-020-C,Taza Mercancia,explicito,T026,fisico,36.0,21687.33,9154.8,12532.53,57.79,9541.17,0,26
34,CN-00034,ERP-PROV-MX-034-D,Estándar Cafe Molido,explicito,T014,fisico,48.0,5212.08,3091.68,2120.4,40.68,1401.49,0,29
37,CN-00037,ERP-PROV-MX-037-C,Tradicional Cafe Molido,explicito,T016,fisico,39.0,8782.32,4768.43,4013.89,45.7,2802.54,0,22
60,CN-00060,ERP-PROV-MX-060-A,Espresso Cafe Grano,explicito,T037,fisico,33.0,6485.77,4141.83,2343.94,36.14,1449.35,0,20
60,CN-00060,ERP-PROV-MX-060-A,Espresso Cafe Grano,explicito,T022,fisico,42.0,8336.48,5271.42,3065.06,36.77,1915.2,0,25
45,CN-00045,ERP-PROV-MX-045-D,Especial Cafe Grano,explicito,T019,fisico,33.0,3254.45,2156.01,1098.44,33.75,649.55,0,22
4,CN-00004,ERP-PROV-MX-004-B,Prensa Francesa Mercancia,explicito,T027,fisico,28.0,19221.5,7430.73,11790.77,61.34,9139.53,0,18
4,CN-00004,ERP-PROV-MX-004-B,Prensa Francesa Mercancia,explicito,ECOMMERCE,ecommerce,398.0,286848.61,104870.24,181978.37,63.44,142413.05,0,304
15,CN-00015,ERP-PROV-MX-015-D,Especial Cafe Molido,explicito,T033,fisico,58.0,21219.84,27417.62,-6197.78,-29.21,-9124.65,41,41
26,CN-00026,ERP-PROV-MX-026-A,Premium Cafe Molido,inferido,T038,fisico,25.0,3885.41,2210.32,1675.09,43.11,1139.17,0,24
25,CN-00025,ERP-PROV-MX-025-C,Latte Bebidas,explicito,T032,fisico,52.0,2546.98,819.48,1727.5,67.83,1376.19,0,32
27,CN-00027,ERP-PROV-MX-027-B,Latte Bebidas,explicito,T008,fisico,83.0,7468.99,2737.36,4731.63,63.35,3701.42,0,40
45,CN-00045,ERP-PROV-MX-045-D,Especial Cafe Grano,explicito,T010,fisico,35.0,3462.58,2285.51,1177.07,33.99,699.47,0,29
23,CN-00023,ERP-PROV-MX-023-B,Ensalada Comida Caliente,explicito,T020,fisico,36.0,5670.02,2845.68,2824.34,49.81,2042.27,0,28
63,CN-00063,ERP-PROV-MX-063-C,Gourmet Cafe Molido,explicito,T028,fisico,74.0,6250.52,4039.24,2211.28,35.38,1349.14,0,46
64,CN-00064,ERP-PROV-MX-064-C,Frappé Bebidas,explicito,T007,fisico,40.0,3398.29,1240.72,2157.57,63.49,1688.84,0,23
1,CN-00001,ERP-PROV-MX-001-A,Sándwich Comida Caliente,inferido,T040,fisico,45.0,3342.19,3780.0,-437.81,-13.1,-898.8,32,32
25,CN-00025,ERP-PROV-MX-025-C,Latte Bebidas,explicito,T025,fisico,39.0,1892.56,624.03,1268.53,67.03,1007.49,0,30
42,CN-00042,ERP-PROV-MX-042-A,Quiche Comida Caliente,explicito,T013,fisico,39.0,3414.54,1527.04,1887.5,55.28,1416.53,0,29
36,CN-00036,ERP-PROV-MX-036-A,Gourmet Cafe Grano,inferido,T036,fisico,53.0,16595.4,10018.82,6576.58,39.63,4287.56,0,30
15,CN-00015,ERP-PROV-MX-015-D,Especial Cafe Molido,explicito,T034,fisico,54.0,19531.76,25804.72,-6272.96,-32.12,-8967.0,29,29
1,CN-00001,ERP-PROV-MX-001-A,Sándwich Comida Caliente,inferido,T037,fisico,41.0,3079.51,3452.65,-373.14,-12.12,-797.9,21,21
21,CN-00021,ERP-PROV-MX-021-A,Concha Panaderia,inferido,T010,fisico,46.0,1184.9,524.26,660.64,55.75,497.21,0,34
45,CN-00045,ERP-PROV-MX-045-D,Especial Cafe Grano,explicito,T018,fisico,56.0,5563.51,3652.72,1910.79,34.35,1143.41,0,36
45,CN-00045,ERP-PROV-MX-045-D,Especial Cafe Grano,explicito,T027,fisico,76.0,7538.8,4963.03,2575.77,34.17,1535.94,0,40
22,CN-00022,ERP-PROV-MX-022-A,Ensalada Comida Caliente,explicito,T008,fisico,42.0,7166.06,4041.12,3124.94,43.61,2136.52,0,23
38,CN-00038,ERP-PROV-MX-038-A,Selección Cafe Grano,explicito,T036,fisico,53.0,18093.94,12502.0,5591.94,30.91,3096.22,0,32
38,CN-00038,ERP-PROV-MX-038-A,Selección Cafe Grano,explicito,T037,fisico,34.0,11623.51,8141.84,3481.67,29.95,1878.43,0,27
42,CN-00042,ERP-PROV-MX-042-A,Quiche Comida Caliente,explicito,T004,fisico,41.0,3605.47,1621.92,1983.55,55.02,1486.24,0,30
48,CN-00048,ERP-PROV-MX-048-C,Bolillo Panaderia,explicito,T010,fisico,49.0,1212.1,463.08,749.02,61.8,581.83,0,29
38,CN-00038,ERP-PROV-MX-038-A,Selección Cafe Grano,explicito,T008,fisico,41.0,13967.23,9606.96,4360.27,31.22,2433.76,0,26
63,CN-00063,ERP-PROV-MX-063-C,Gourmet Cafe Molido,explicito,T019,fisico,33.0,2781.32,1797.12,984.2,35.39,600.57,0,22
18,CN-00018,ERP-PROV-MX-018-A,Tradicional Cafe Molido,explicito,T021,fisico,42.0,10019.2,5562.51,4456.69,44.48,3074.73,0,38
27,CN-00027,ERP-PROV-MX-027-B,Latte Bebidas,explicito,T011,fisico,49.0,4400.76,1579.52,2821.24,64.11,2214.24,0,33
24,CN-00024,ERP-PROV-MX-024-A,Americano Cafe Molido,explicito,T031,fisico,46.0,15083.86,9711.38,5372.48,35.62,3291.95,0,31
23,CN-00023,ERP-PROV-MX-023-B,Ensalada Comida Caliente,explicito,T007,fisico,64.0,10098.88,5086.32,5012.56,49.63,3619.61,0,40
42,CN-00042,ERP-PROV-MX-042-A,Quiche Comida Caliente,explicito,T012,fisico,61.0,5349.63,2378.62,2971.01,55.54,2233.13,0,36
47,CN-00047,ERP-PROV-MX-047-B,Filtros Mercancia,explicito,T026,fisico,37.0,18369.59,11783.99,6585.6,35.85,4051.86,0,27
39,CN-00039,ERP-PROV-MX-039-B,Taza Mercancia,explicito,T034,fisico,60.0,47664.94,27935.6,19729.34,41.39,13154.87,0,40
52,CN-00052,ERP-PROV-MX-052-C,Americano Cafe Molido,explicito,T031,fisico,30.0,5064.23,3403.19,1661.04,32.8,962.53,0,26
8,CN-00008,ERP-PROV-MX-008-C,Empanada Panaderia,explicito,T009,fisico,35.0,1364.26,736.77,627.49,45.99,439.32,0,25
65,CN-00065,ERP-PROV-MX-065-D,Estándar Cafe Molido,explicito,T023,fisico,44.0,8884.82,4518.66,4366.16,49.14,3140.67,0,28
52,CN-00052,ERP-PROV-MX-052-C,Americano Cafe Molido,explicito,T006,fisico,44.0,7479.9,4990.97,2488.93,33.27,1457.22,0,27
68,CN-00068,ERP-PROV-MX-068-C,Croissant Panaderia,explicito,T005,fisico,42.0,1634.89,645.19,989.7,60.54,764.2,0,32
65,CN-00065,ERP-PROV-MX-065-D,Estándar Cafe Molido,explicito,T003,fisico,52.0,10516.41,5345.45,5170.96,49.17,3720.42,0,30
66,CN-00066,ERP-PROV-MX-066-B,Mocha Bebidas,explicito,T027,fisico,38.0,2190.87,801.83,1389.04,63.4,1086.85,0,30
39,CN-00039,ERP-PROV-MX-039-B,Taza Mercancia,explicito,T006,fisico,47.0,37271.08,21654.84,15616.24,41.9,10475.4,0,35
56,CN-00056,ERP-PROV-MX-056-C,Empanada Panaderia,explicito,T001,fisico,39.0,639.05,309.07,329.98,51.64,241.84,0,32
7,CN-00007,ERP-PROV-MX-007-D,Selección Cafe Grano,explicito,T036,fisico,53.0,13258.54,10602.23,2656.31,20.03,827.55,0,35
17,CN-00017,ERP-PROV-MX-017-B,Quiche Comida Caliente,explicito,T009,fisico,39.0,6301.37,3124.85,3176.52,50.41,2307.37,0,29
56,CN-00056,ERP-PROV-MX-056-C,Empanada Panaderia,explicito,T030,fisico,45.0,737.41,354.36,383.05,51.95,281.34,0,30
47,CN-00047,ERP-PROV-MX-047-B,Filtros Mercancia,explicito,T004,fisico,18.0,8875.64,5750.4,3125.24,35.21,1901.01,0,20
47,CN-00047,ERP-PROV-MX-047-B,Filtros Mercancia,explicito,T040,fisico,45.0,22163.89,14387.85,7776.04,35.08,4718.95,0,30
66,CN-00066,ERP-PROV-MX-066-B,Mocha Bebidas,explicito,T032,fisico,35.0,2002.44,730.52,1271.92,63.52,995.72,0,25
70,CN-00070,ERP-PROV-MX-070-D,Molinillo Mercancia,explicito,T033,fisico,45.0,16946.26,10629.44,6316.82,37.28,3979.4,0,29
39,CN-00039,ERP-PROV-MX-039-B,Taza Mercancia,explicito,T035,fisico,46.0,36985.88,21364.24,15621.64,42.24,10520.14,0,28
52,CN-00052,ERP-PROV-MX-052-C,Americano Cafe Molido,explicito,T032,fisico,15.0,2569.56,1733.25,836.31,32.55,481.89,0,15
8,CN-00008,ERP-PROV-MX-008-C,Empanada Panaderia,explicito,T003,fisico,39.0,1493.51,817.35,676.16,45.27,470.16,0,35
66,CN-00066,ERP-PROV-MX-066-B,Mocha Bebidas,explicito,T029,fisico,38.0,2213.98,796.52,1417.46,64.02,1112.08,0,26
67,CN-00067,ERP-PROV-MX-067-C,Premium Cafe Molido,explicito,T018,fisico,67.0,19697.33,11032.12,8665.21,43.99,5948.34,0,39
54,CN-00054,ERP-PROV-MX-054-B,Espresso Cafe Molido,explicito,T005,fisico,61.0,6895.53,3498.59,3396.94,49.26,2445.83,0,36
67,CN-00067,ERP-PROV-MX-067-C,Premium Cafe Molido,explicito,T001,fisico,45.0,13089.57,7346.39,5743.18,43.88,3937.72,0,29
49,CN-00049,ERP-PROV-MX-049-A,Mocha Bebidas,explicito,T035,fisico,45.0,3955.26,1529.85,2425.41,61.32,1879.86,0,29
4,CN-00004,ERP-PROV-MX-004-B,Prensa Francesa Mercancia,explicito,T028,fisico,40.0,27416.9,10653.01,16763.89,61.14,12982.25,0,29
46,CN-00046,ERP-PROV-MX-046-A,Termo Mercancia,inferido,T036,fisico,46.0,24627.4,10967.14,13660.26,55.47,10263.38,0,31
33,CN-00033,ERP-PROV-MX-033-D,Especial Cafe Molido,explicito,T024,fisico,52.0,13832.81,8071.48,5761.33,41.65,3853.36,0,34
16,CN-00016,ERP-PROV-MX-016-C,Quiche Comida Caliente,inferido,T019,fisico,51.0,4431.65,2214.13,2217.52,50.04,1606.26,0,30
5,CN-00005,ERP-PROV-MX-005-C,Croissant Panaderia,explicito,T019,fisico,46.0,934.3,597.3,337.0,36.07,208.13,0,35
41,CN-00041,ERP-PROV-MX-041-D,Gourmet Cafe Molido,inferido,T031,fisico,27.0,2088.13,1187.05,901.08,43.15,613.06,0,25
16,CN-00016,ERP-PROV-MX-016-C,Quiche Comida Caliente,inferido,T022,fisico,75.0,6476.52,3213.38,3263.14,50.38,2369.83,0,39
13,CN-00013,ERP-PROV-MX-013-B,Selección Cafe Molido,explicito,T011,fisico,32.0,6369.75,4449.83,1919.92,30.14,1041.33,0,29
51,CN-00051,ERP-PROV-MX-051-C,Termo Mercancia,explicito,T037,fisico,52.0,25246.23,12259.62,12986.61,51.44,9504.37,0,33
54,CN-00054,ERP-PROV-MX-054-B,Espresso Cafe Molido,explicito,T029,fisico,53.0,6083.34,2999.84,3083.5,50.69,2244.42,0,30
69,CN-00069,ERP-PROV-MX-069-C,Estándar Cafe Grano,explicito,T003,fisico,58.0,21036.06,11365.2,9670.86,45.97,6769.33,0,34
69,CN-00069,ERP-PROV-MX-069-C,Estándar Cafe Grano,explicito,T035,fisico,56.0,20412.58,10683.04,9729.54,47.66,6914.01,0,34
49,CN-00049,ERP-PROV-MX-049-A,Mocha Bebidas,explicito,T029,fisico,52.0,4579.2,1767.3,2811.9,61.41,2180.29,0,36
14,CN-00014,ERP-PROV-MX-014-D,Descafeinado Cafe Grano,explicito,T006,fisico,35.0,12058.25,7516.85,4541.4,37.66,2878.19,0,28
62,CN-00062,ERP-PROV-MX-062-B,Wrap Comida Caliente,explicito,T032,fisico,55.0,9099.72,4194.8,4904.92,53.9,3649.79,0,34
46,CN-00046,ERP-PROV-MX-046-A,Termo Mercancia,inferido,T037,fisico,49.0,26159.73,11259.92,14899.81,56.96,11291.57,0,33
67,CN-00067,ERP-PROV-MX-067-C,Premium Cafe Molido,explicito,T003,fisico,41.0,12059.96,6723.89,5336.07,44.25,3672.63,0,31
67,CN-00067,ERP-PROV-MX-067-C,Premium Cafe Molido,explicito,T006,fisico,44.0,12916.45,7166.18,5750.27,44.52,3968.69,0,31
33,CN-00033,ERP-PROV-MX-033-D,Especial Cafe Molido,explicito,T021,fisico,37.0,9881.31,5857.2,4024.11,40.72,2661.17,0,36
54,CN-00054,ERP-PROV-MX-054-B,Espresso Cafe Molido,explicito,T023,fisico,49.0,5550.36,2841.56,2708.8,48.8,1943.23,0,31
67,CN-00067,ERP-PROV-MX-067-C,Premium Cafe Molido,explicito,T008,fisico,32.0,9366.34,5224.4,4141.94,44.22,2850.03,0,21
41,CN-00041,ERP-PROV-MX-041-D,Gourmet Cafe Molido,inferido,T008,fisico,63.0,4897.12,2794.07,2103.05,42.94,1427.59,0,34
57,CN-00057,ERP-PROV-MX-057-C,Premium Cafe Grano,explicito,T003,fisico,51.0,9464.62,4617.71,4846.91,51.21,3541.45,0,36
12,CN-00012,ERP-PROV-MX-012-B,Sándwich Comida Caliente,explicito,T020,fisico,34.0,4479.3,1903.93,2575.37,57.49,1957.54,0,30
49,CN-00049,ERP-PROV-MX-049-A,Mocha Bebidas,explicito,T030,fisico,39.0,3401.81,1326.67,2075.14,61.0,1605.92,0,29
50,CN-00050,ERP-PROV-MX-050-A,Chai Bebidas,explicito,T024,fisico,66.0,6051.31,2692.02,3359.29,55.51,2524.63,0,34
51,CN-00051,ERP-PROV-MX-051-C,Termo Mercancia,explicito,T013,fisico,50.0,24302.91,11692.62,12610.29,51.89,9258.16,0,38
14,CN-00014,ERP-PROV-MX-014-D,Descafeinado Cafe Grano,explicito,T038,fisico,53.0,18338.85,11299.22,7039.63,38.39,4510.13,0,35
53,CN-00053,ERP-PROV-MX-053-A,Sándwich Comida Caliente,explicito,T038,fisico,46.0,6413.92,3514.79,2899.13,45.2,2014.45,0,27
30,CN-00030,ERP-PROV-MX-030-C,Molinillo Mercancia,explicito,T021,fisico,49.0,11107.31,5492.31,5615.0,50.55,4082.96,0,31
37,CN-00037,ERP-PROV-MX-037-C,Tradicional Cafe Molido,explicito,T011,fisico,51.0,11373.97,6180.79,5193.18,45.66,3624.36,0,35
46,CN-00046,ERP-PROV-MX-046-A,Termo Mercancia,inferido,T024,fisico,40.0,21213.15,9712.44,11500.71,54.22,8574.76,0,31
23,CN-00023,ERP-PROV-MX-023-B,Ensalada Comida Caliente,explicito,T014,fisico,39.0,6107.6,3111.52,2996.08,49.05,2153.65,0,26
64,CN-00064,ERP-PROV-MX-064-C,Frappé Bebidas,explicito,T035,fisico,37.0,3137.23,1137.84,1999.39,63.73,1566.67,0,32
23,CN-00023,ERP-PROV-MX-023-B,Ensalada Comida Caliente,explicito,T013,fisico,43.0,6745.63,3432.86,3312.77,49.11,2382.34,0,26
18,CN-00018,ERP-PROV-MX-018-A,Tradicional Cafe Molido,explicito,T010,fisico,39.0,9324.0,5142.94,4181.06,44.84,2894.99,0,28
36,CN-00036,ERP-PROV-MX-036-A,Gourmet Cafe Grano,inferido,T001,fisico,40.0,12692.74,7469.68,5223.06,41.15,3472.34,0,26
38,CN-00038,ERP-PROV-MX-038-A,Selección Cafe Grano,explicito,T010,fisico,60.0,20237.91,14220.32,6017.59,29.73,3226.15,0,41
27,CN-00027,ERP-PROV-MX-027-B,Latte Bebidas,explicito,T003,fisico,47.0,4216.96,1543.06,2673.9,63.41,2092.25,0,34
3,CN-00003,ERP-PROV-MX-003-D,Filtros Mercancia,explicito,T018,fisico,35.0,5632.28,2679.19,2953.09,52.43,2176.22,0,25
42,CN-00042,ERP-PROV-MX-042-A,Quiche Comida Caliente,explicito,T008,fisico,37.0,3248.53,1440.92,1807.61,55.64,1359.54,0,26
15,CN-00015,ERP-PROV-MX-015-D,Especial Cafe Molido,explicito,T005,fisico,43.0,15593.69,20405.86,-4812.17,-30.86,-6963.02,29,29
38,CN-00038,ERP-PROV-MX-038-A,Selección Cafe Grano,explicito,T016,fisico,29.0,9834.04,6854.24,2979.8,30.3,1623.38,0,21
45,CN-00045,ERP-PROV-MX-045-D,Especial Cafe Grano,explicito,T025,fisico,45.0,4498.14,2938.67,1559.47,34.67,939.04,0,27
60,CN-00060,ERP-PROV-MX-060-A,Espresso Cafe Grano,explicito,T003,fisico,59.0,11543.41,7411.32,4132.09,35.8,2539.9,0,40
40,CN-00040,ERP-PROV-MX-040-A,Chocolate Bebidas,explicito,T038,fisico,24.0,1270.44,413.88,856.56,67.42,681.33,0,26
68,CN-00068,ERP-PROV-MX-068-C,Croissant Panaderia,explicito,T020,fisico,46.0,1789.99,710.7,1079.29,60.3,832.39,0,32
20,CN-00020,ERP-PROV-MX-020-C,Taza Mercancia,explicito,T028,fisico,35.0,20824.83,8852.27,11972.56,57.49,9100.17,0,27
47,CN-00047,ERP-PROV-MX-047-B,Filtros Mercancia,explicito,T039,fisico,36.0,17879.66,11539.62,6340.04,35.46,3873.88,0,28
32,CN-00032,ERP-PROV-MX-032-D,Americano Cafe Grano,explicito,T015,fisico,48.0,4790.61,2245.22,2545.39,53.13,1884.62,0,30
65,CN-00065,ERP-PROV-MX-065-D,Estándar Cafe Molido,explicito,T002,fisico,39.0,7891.67,3997.67,3894.0,49.34,2805.49,0,22
9,CN-00009,ERP-PROV-MX-009-B,Termo Mercancia,explicito,T033,fisico,43.0,26533.85,11429.82,15104.03,56.92,11444.19,0,30
39,CN-00039,ERP-PROV-MX-039-B,Taza Mercancia,explicito,T036,fisico,48.0,38119.96,22162.42,15957.54,41.86,10699.61,0,28
17,CN-00017,ERP-PROV-MX-017-B,Quiche Comida Caliente,explicito,T033,fisico,37.0,6022.44,2937.98,3084.46,51.22,2253.78,0,29
12,CN-00012,ERP-PROV-MX-012-B,Sándwich Comida Caliente,explicito,T014,fisico,58.0,7757.23,3244.79,4512.44,58.17,3442.48,0,35
19,CN-00019,ERP-PROV-MX-019-D,Gourmet Cafe Molido,explicito,T033,fisico,39.0,10522.53,5785.89,4736.64,45.01,3285.26,0,29
28,CN-00028,ERP-PROV-MX-028-D,Selección Cafe Molido,explicito,T019,fisico,42.0,16085.02,8682.45,7402.57,46.02,5183.95,0,28
56,CN-00056,ERP-PROV-MX-056-C,Empanada Panaderia,explicito,T019,fisico,54.0,880.54,429.6,450.94,51.21,329.49,0,27
12,CN-00012,ERP-PROV-MX-012-B,Sándwich Comida Caliente,explicito,T019,fisico,45.0,5948.43,2620.31,3328.12,55.95,2507.65,0,26
54,CN-00054,ERP-PROV-MX-054-B,Espresso Cafe Molido,explicito,T021,fisico,34.0,3923.45,1923.94,1999.51,50.96,1458.34,0,23
33,CN-00033,ERP-PROV-MX-033-D,Especial Cafe Molido,explicito,T006,fisico,44.0,11665.44,7092.2,4573.24,39.2,2964.21,0,27
49,CN-00049,ERP-PROV-MX-049-A,Mocha Bebidas,explicito,T017,fisico,42.0,3656.05,1432.96,2223.09,60.81,1718.81,0,27
61,CN-00061,ERP-PROV-MX-061-D,Descafeinado Cafe Molido,explicito,T003,fisico,65.0,19203.62,10750.61,8453.01,44.02,5804.23,0,39
50,CN-00050,ERP-PROV-MX-050-A,Chai Bebidas,explicito,T039,fisico,41.0,3726.41,1692.92,2033.49,54.57,1519.5,0,29
49,CN-00049,ERP-PROV-MX-049-A,Mocha Bebidas,explicito,T015,fisico,39.0,3421.34,1335.57,2085.77,60.96,1613.86,0,30
59,CN-00059,ERP-PROV-MX-059-B,Orgánico Cafe Grano,explicito,T015,fisico,49.0,12478.19,8967.14,3511.05,28.14,1789.92,0,31
2,CN-00002,ERP-PROV-MX-002-B,Sándwich Comida Caliente,explicito,T028,fisico,38.0,4948.81,6392.87,-1444.06,-29.18,-2126.65,29,29
53,CN-00053,ERP-PROV-MX-053-A,Sándwich Comida Caliente,explicito,T016,fisico,53.0,7405.56,4008.26,3397.3,45.87,2375.84,0,29
31,CN-00031,ERP-PROV-MX-031-A,Termo Mercancia,inferido,T020,fisico,32.0,17428.62,7510.82,9917.8,56.91,7513.85,0,27
27,CN-00027,ERP-PROV-MX-027-B,Latte Bebidas,explicito,T014,fisico,36.0,3254.14,1183.32,2070.82,63.64,1621.97,0,27
26,CN-00026,ERP-PROV-MX-026-A,Premium Cafe Molido,inferido,T030,fisico,59.0,9185.98,5219.02,3966.96,43.18,2699.93,0,36
44,CN-00044,ERP-PROV-MX-044-A,Filtros Mercancia,explicito,T014,fisico,62.0,15393.57,10659.17,4734.4,30.76,2611.15,0,37
13,CN-00013,ERP-PROV-MX-013-B,Selección Cafe Molido,explicito,T027,fisico,46.0,9209.34,6324.82,2884.52,31.32,1614.27,0,29
8,CN-00008,ERP-PROV-MX-008-C,Empanada Panaderia,explicito,T031,fisico,47.0,1828.87,987.38,841.49,46.01,589.23,0,34
70,CN-00070,ERP-PROV-MX-070-D,Molinillo Mercancia,explicito,T004,fisico,23.0,8598.94,5431.82,3167.12,36.83,1981.06,0,16
20,CN-00020,ERP-PROV-MX-020-C,Taza Mercancia,explicito,T007,fisico,44.0,26133.93,11201.27,14932.66,57.14,11327.98,0,26
20,CN-00020,ERP-PROV-MX-020-C,Taza Mercancia,explicito,T008,fisico,59.0,35345.83,15032.66,20313.17,57.47,15437.88,0,36
8,CN-00008,ERP-PROV-MX-008-C,Empanada Panaderia,explicito,T015,fisico,32.0,1229.96,685.61,544.35,44.26,374.7,0,18
47,CN-00047,ERP-PROV-MX-047-B,Filtros Mercancia,explicito,T010,fisico,30.0,14835.7,9511.74,5323.96,35.89,3277.66,0,22
7,CN-00007,ERP-PROV-MX-007-D,Selección Cafe Grano,explicito,T035,fisico,38.0,9659.42,7650.12,2009.3,20.8,676.97,0,28
50,CN-00050,ERP-PROV-MX-050-A,Chai Bebidas,explicito,T017,fisico,43.0,3911.14,1770.02,2141.12,54.74,1601.65,0,29
61,CN-00061,ERP-PROV-MX-061-D,Descafeinado Cafe Molido,explicito,T019,fisico,30.0,8770.54,4913.02,3857.52,43.98,2647.79,0,21
35,CN-00035,ERP-PROV-MX-035-A,Sándwich Comida Caliente,explicito,T003,fisico,59.0,8270.43,5653.21,2617.22,31.65,1476.47,0,33
64,CN-00064,ERP-PROV-MX-064-C,Frappé Bebidas,explicito,T019,fisico,34.0,2874.1,1040.96,1833.14,63.78,1436.71,0,27
8,CN-00008,ERP-PROV-MX-008-C,Empanada Panaderia,explicito,T025,fisico,45.0,1718.88,952.12,766.76,44.61,529.67,0,25
13,CN-00013,ERP-PROV-MX-013-B,Selección Cafe Molido,explicito,T030,fisico,38.0,7580.16,5236.8,2343.36,30.91,1297.82,0,30
52,CN-00052,ERP-PROV-MX-052-C,Americano Cafe Molido,explicito,T009,fisico,34.0,5800.43,3798.13,2002.3,34.52,1202.24,0,23
11,CN-00011,ERP-PROV-MX-011-C,Bolillo Panaderia,inferido,T013,fisico,34.0,969.14,439.01,530.13,54.7,396.46,0,28
5,CN-00005,ERP-PROV-MX-005-C,Croissant Panaderia,explicito,T024,fisico,40.0,813.46,521.11,292.35,35.94,180.15,0,26
33,CN-00033,ERP-PROV-MX-033-D,Especial Cafe Molido,explicito,T016,fisico,38.0,10043.2,5878.94,4164.26,41.46,2778.99,0,30
53,CN-00053,ERP-PROV-MX-053-A,Sándwich Comida Caliente,explicito,T039,fisico,49.0,6824.29,3814.97,3009.32,44.1,2068.04,0,27
5,CN-00005,ERP-PROV-MX-005-C,Croissant Panaderia,explicito,T032,fisico,46.0,930.36,595.87,334.49,35.95,206.16,0,29
57,CN-00057,ERP-PROV-MX-057-C,Premium Cafe Grano,explicito,T022,fisico,50.0,9177.51,4497.34,4680.17,51.0,3414.31,0,21
11,CN-00011,ERP-PROV-MX-011-C,Bolillo Panaderia,inferido,T021,fisico,29.0,824.48,396.33,428.15,51.93,314.43,0,23
17,CN-00017,ERP-PROV-MX-017-B,Quiche Comida Caliente,explicito,T011,fisico,24.0,3924.64,1924.59,2000.05,50.96,1458.72,0,14
49,CN-00049,ERP-PROV-MX-049-A,Mocha Bebidas,explicito,T034,fisico,47.0,4083.11,1608.65,2474.46,60.6,1911.27,0,24
60,CN-00060,ERP-PROV-MX-060-A,Espresso Cafe Grano,explicito,T021,fisico,30.0,5925.59,3765.3,2160.29,36.46,1342.97,0,20
31,CN-00031,ERP-PROV-MX-031-A,Termo Mercancia,inferido,T032,fisico,36.0,19449.24,8459.9,10989.34,56.5,8306.69,0,19
57,CN-00057,ERP-PROV-MX-057-C,Premium Cafe Grano,explicito,T016,fisico,41.0,7692.09,3753.7,3938.39,51.2,2877.41,0,28
49,CN-00049,ERP-PROV-MX-049-A,Mocha Bebidas,explicito,T004,fisico,36.0,3164.91,1228.27,1936.64,61.19,1500.1,0,30
34,CN-00034,ERP-PROV-MX-034-D,Estándar Cafe Molido,explicito,T001,fisico,26.0,2822.6,1678.93,1143.67,40.52,754.35,0,21
48,CN-00048,ERP-PROV-MX-048-C,Bolillo Panaderia,explicito,T003,fisico,32.0,785.08,308.36,476.72,60.72,368.43,0,20
33,CN-00033,ERP-PROV-MX-033-D,Especial Cafe Molido,explicito,T033,fisico,36.0,9523.54,5856.74,3666.8,38.5,2353.21,0,30
46,CN-00046,ERP-PROV-MX-046-A,Termo Mercancia,inferido,T012,fisico,41.0,21506.7,9602.4,11904.3,55.35,8937.86,0,24
55,CN-00055,ERP-PROV-MX-055-C,Termo Mercancia,explicito,T011,fisico,62.0,38778.75,18016.23,20762.52,53.54,15413.73,0,45
55,CN-00055,ERP-PROV-MX-055-C,Termo Mercancia,explicito,T009,fisico,32.0,20284.09,9279.14,11004.95,54.25,8207.14,0,26
63,CN-00063,ERP-PROV-MX-063-C,Gourmet Cafe Molido,explicito,T015,fisico,48.0,4042.46,2589.14,1453.32,35.95,895.74,0,29
15,CN-00015,ERP-PROV-MX-015-D,Especial Cafe Molido,explicito,T031,fisico,52.0,18578.86,24735.74,-6156.88,-33.14,-8719.48,31,31
42,CN-00042,ERP-PROV-MX-042-A,Quiche Comida Caliente,explicito,T036,fisico,55.0,4840.72,2165.78,2674.94,55.26,2007.25,0,39
48,CN-00048,ERP-PROV-MX-048-C,Bolillo Panaderia,explicito,T017,fisico,34.0,834.48,323.04,511.44,61.29,396.34,0,25
23,CN-00023,ERP-PROV-MX-023-B,Ensalada Comida Caliente,explicito,T011,fisico,40.0,6259.15,3159.94,3099.21,49.51,2235.88,0,31
22,CN-00022,ERP-PROV-MX-022-A,Ensalada Comida Caliente,explicito,T033,fisico,63.0,10809.8,6058.72,4751.08,43.95,3260.07,0,34
38,CN-00038,ERP-PROV-MX-038-A,Selección Cafe Grano,explicito,T022,fisico,47.0,16212.71,11059.04,5153.67,31.79,2917.43,0,35
3,CN-00003,ERP-PROV-MX-003-D,Filtros Mercancia,explicito,T021,fisico,36.0,5816.22,2755.61,3060.61,52.62,2258.37,0,30
42,CN-00042,ERP-PROV-MX-042-A,Quiche Comida Caliente,explicito,T028,fisico,51.0,4471.69,2021.62,2450.07,54.79,1833.29,0,31
18,CN-00018,ERP-PROV-MX-018-A,Tradicional Cafe Molido,explicito,T014,fisico,35.0,8385.01,4577.43,3807.58,45.41,2651.03,0,29
3,CN-00003,ERP-PROV-MX-003-D,Filtros Mercancia,explicito,T029,fisico,52.0,8429.14,3982.72,4446.42,52.75,3283.78,0,32
25,CN-00025,ERP-PROV-MX-025-C,Latte Bebidas,explicito,T005,fisico,43.0,2071.27,680.15,1391.12,67.16,1105.43,0,32
21,CN-00021,ERP-PROV-MX-021-A,Concha Panaderia,inferido,T040,fisico,56.0,1439.12,643.64,795.48,55.28,596.98,0,38
64,CN-00064,ERP-PROV-MX-064-C,Frappé Bebidas,explicito,T013,fisico,58.0,4900.21,1779.18,3121.03,63.69,2445.14,0,39
15,CN-00015,ERP-PROV-MX-015-D,Especial Cafe Molido,explicito,T002,fisico,39.0,14216.63,18504.4,-4287.77,-30.16,-6248.68,25,25
18,CN-00018,ERP-PROV-MX-018-A,Tradicional Cafe Molido,explicito,T022,fisico,40.0,9575.52,5276.14,4299.38,44.9,2978.62,0,32
36,CN-00036,ERP-PROV-MX-036-A,Gourmet Cafe Grano,inferido,T008,fisico,45.0,14158.7,8422.77,5735.93,40.51,3783.01,0,33
58,CN-00058,ERP-PROV-MX-058-A,Chai Bebidas,explicito,T019,fisico,46.0,3530.91,1246.34,2284.57,64.7,1797.55,0,29
25,CN-00025,ERP-PROV-MX-025-C,Latte Bebidas,explicito,T026,fisico,35.0,1707.0,554.25,1152.75,67.53,917.3,0,25
24,CN-00024,ERP-PROV-MX-024-A,Americano Cafe Molido,explicito,T023,fisico,66.0,21317.75,13935.86,7381.89,34.63,4441.51,0,41
58,CN-00058,ERP-PROV-MX-058-A,Chai Bebidas,explicito,T005,fisico,64.0,4932.4,1741.36,3191.04,64.7,2510.71,0,27
64,CN-00064,ERP-PROV-MX-064-C,Frappé Bebidas,explicito,T018,fisico,37.0,3116.91,1137.63,1979.28,63.5,1549.36,0,28
27,CN-00027,ERP-PROV-MX-027-B,Latte Bebidas,explicito,T004,fisico,50.0,4512.41,1625.2,2887.21,63.98,2264.81,0,37
52,CN-00052,ERP-PROV-MX-052-C,Americano Cafe Molido,explicito,T022,fisico,56.0,9508.61,6332.59,3176.02,33.4,1864.49,0,37
11,CN-00011,ERP-PROV-MX-011-C,Bolillo Panaderia,inferido,T002,fisico,56.0,1617.87,744.61,873.26,53.98,650.11,0,36
66,CN-00066,ERP-PROV-MX-066-B,Mocha Bebidas,explicito,T019,fisico,40.0,2319.44,833.91,1485.53,64.05,1165.61,0,28
28,CN-00028,ERP-PROV-MX-028-D,Selección Cafe Molido,explicito,T024,fisico,36.0,13933.29,7261.8,6671.49,47.88,4749.66,0,24
9,CN-00009,ERP-PROV-MX-009-B,Termo Mercancia,explicito,T022,fisico,30.0,18237.04,8166.67,10070.37,55.22,7554.92,0,23
28,CN-00028,ERP-PROV-MX-028-D,Selección Cafe Molido,explicito,T017,fisico,42.0,16262.19,8695.89,7566.3,46.53,5323.24,0,33
39,CN-00039,ERP-PROV-MX-039-B,Taza Mercancia,explicito,T037,fisico,51.0,40254.07,23907.74,16346.33,40.61,10794.04,0,33
56,CN-00056,ERP-PROV-MX-056-C,Empanada Panaderia,explicito,T012,fisico,44.0,718.49,345.34,373.15,51.94,274.05,0,33
32,CN-00032,ERP-PROV-MX-032-D,Americano Cafe Grano,explicito,T004,fisico,61.0,6073.39,2918.2,3155.19,51.95,2317.48,0,38
70,CN-00070,ERP-PROV-MX-070-D,Molinillo Mercancia,explicito,T038,fisico,41.0,15528.62,9831.19,5697.43,36.69,3555.55,0,32
39,CN-00039,ERP-PROV-MX-039-B,Taza Mercancia,explicito,T040,fisico,44.0,35065.23,20481.14,14584.09,41.59,9747.51,0,26
8,CN-00008,ERP-PROV-MX-008-C,Empanada Panaderia,explicito,T010,fisico,42.0,1618.5,888.14,730.36,45.13,507.12,0,29
40,CN-00040,ERP-PROV-MX-040-A,Chocolate Bebidas,explicito,T034,fisico,41.0,2185.91,704.46,1481.45,67.77,1179.95,0,25
21,CN-00021,ERP-PROV-MX-021-A,Concha Panaderia,inferido,T025,fisico,30.0,778.77,342.45,436.32,56.03,328.9,0,25
70,CN-00070,ERP-PROV-MX-070-D,Molinillo Mercancia,explicito,T035,fisico,53.0,20060.71,12586.43,7474.28,37.26,4707.29,0,33
56,CN-00056,ERP-PROV-MX-056-C,Empanada Panaderia,explicito,T016,fisico,52.0,846.6,417.21,429.39,50.72,312.62,0,35
47,CN-00047,ERP-PROV-MX-047-B,Filtros Mercancia,explicito,T027,fisico,43.0,21339.59,13644.11,7695.48,36.06,4752.09,0,33
19,CN-00019,ERP-PROV-MX-019-D,Gourmet Cafe Molido,explicito,T007,fisico,55.0,14786.0,8120.45,6665.55,45.08,4626.1,0,38
70,CN-00070,ERP-PROV-MX-070-D,Molinillo Mercancia,explicito,T013,fisico,47.0,17649.83,11208.5,6441.33,36.5,4006.87,0,31
7,CN-00007,ERP-PROV-MX-007-D,Selección Cafe Grano,explicito,T008,fisico,38.0,9592.67,7491.41,2101.26,21.9,778.13,0,28
9,CN-00009,ERP-PROV-MX-009-B,Termo Mercancia,explicito,T039,fisico,76.0,47118.29,20523.26,26595.03,56.44,20095.96,0,38
65,CN-00065,ERP-PROV-MX-065-D,Estándar Cafe Molido,explicito,T034,fisico,39.0,7833.89,3997.92,3835.97,48.97,2755.43,0,28
9,CN-00009,ERP-PROV-MX-009-B,Termo Mercancia,explicito,T037,fisico,51.0,31305.7,13640.03,17665.67,56.43,13347.64,0,35
20,CN-00020,ERP-PROV-MX-020-C,Taza Mercancia,explicito,T001,fisico,52.0,31249.23,13173.47,18075.76,57.84,13765.52,0,34
28,CN-00028,ERP-PROV-MX-028-D,Selección Cafe Molido,explicito,T009,fisico,48.0,18579.42,9841.75,8737.67,47.03,6174.99,0,38
62,CN-00062,ERP-PROV-MX-062-B,Wrap Comida Caliente,explicito,T035,fisico,51.0,8503.76,3887.25,4616.51,54.29,3443.58,0,31
12,CN-00012,ERP-PROV-MX-012-B,Sándwich Comida Caliente,explicito,T002,fisico,30.0,4022.52,1698.99,2323.53,57.76,1768.7,0,20
43,CN-00043,ERP-PROV-MX-043-A,Filtros Mercancia,explicito,T036,fisico,48.0,8832.86,4133.72,4699.14,53.2,3480.81,0,29
50,CN-00050,ERP-PROV-MX-050-A,Chai Bebidas,explicito,T019,fisico,37.0,3368.41,1508.35,1860.06,55.22,1395.45,0,22
20,CN-00020,ERP-PROV-MX-020-C,Taza Mercancia,explicito,T017,fisico,48.0,28528.78,12008.72,16520.06,57.91,12585.06,0,34
54,CN-00054,ERP-PROV-MX-054-B,Espresso Cafe Molido,explicito,T037,fisico,56.0,6414.95,3222.13,3192.82,49.77,2308.0,0,36
37,CN-00037,ERP-PROV-MX-037-C,Tradicional Cafe Molido,explicito,T031,fisico,55.0,12295.31,6837.54,5457.77,44.39,3761.87,0,37
54,CN-00054,ERP-PROV-MX-054-B,Espresso Cafe Molido,explicito,T012,fisico,40.0,4553.81,2308.48,2245.33,49.31,1617.22,0,28
59,CN-00059,ERP-PROV-MX-059-B,Orgánico Cafe Grano,explicito,T011,fisico,35.0,8847.52,6339.2,2508.32,28.35,1287.97,0,30
2,CN-00002,ERP-PROV-MX-002-B,Sándwich Comida Caliente,explicito,T038,fisico,35.0,4642.98,5936.74,-1293.76,-27.86,-1934.17,27,27
50,CN-00050,ERP-PROV-MX-050-A,Chai Bebidas,explicito,T008,fisico,49.0,4509.87,2026.05,2483.82,55.08,1861.77,0,29
14,CN-00014,ERP-PROV-MX-014-D,Descafeinado Cafe Grano,explicito,T009,fisico,58.0,20042.96,12342.41,7700.55,38.42,4936.0,0,47
43,CN-00043,ERP-PROV-MX-043-A,Filtros Mercancia,explicito,T030,fisico,36.0,6666.18,3155.93,3510.25,52.66,2590.78,0,27
69,CN-00069,ERP-PROV-MX-069-C,Estándar Cafe Grano,explicito,T008,fisico,47.0,17133.65,9016.05,8117.6,47.38,5754.34,0,31
62,CN-00062,ERP-PROV-MX-062-B,Wrap Comida Caliente,explicito,T008,fisico,45.0,7449.39,3381.96,4067.43,54.6,3039.93,0,30
69,CN-00069,ERP-PROV-MX-069-C,Estándar Cafe Grano,explicito,T017,fisico,39.0,14073.98,7545.94,6528.04,46.38,4586.8,0,26
46,CN-00046,ERP-PROV-MX-046-A,Termo Mercancia,inferido,T019,fisico,67.0,35655.12,15721.25,19933.87,55.91,15015.92,0,38
53,CN-00053,ERP-PROV-MX-053-A,Sándwich Comida Caliente,explicito,T024,fisico,47.0,6577.6,3693.09,2884.51,43.85,1977.25,0,26
57,CN-00057,ERP-PROV-MX-057-C,Premium Cafe Grano,explicito,T010,fisico,19.0,3488.42,1708.36,1780.06,51.03,1298.9,0,21
59,CN-00059,ERP-PROV-MX-059-B,Orgánico Cafe Grano,explicito,T033,fisico,38.0,9696.47,6748.86,2947.61,30.4,1610.17,0,29
51,CN-00051,ERP-PROV-MX-051-C,Termo Mercancia,explicito,T029,fisico,68.0,32820.53,16031.22,16789.31,51.15,12262.34,0,40
50,CN-00050,ERP-PROV-MX-050-A,Chai Bebidas,explicito,T036,fisico,37.0,3371.39,1529.48,1841.91,54.63,1376.89,0,24
13,CN-00013,ERP-PROV-MX-013-B,Selección Cafe Molido,explicito,T001,fisico,75.0,15054.26,10305.64,4748.62,31.54,2672.17,0,42
61,CN-00061,ERP-PROV-MX-061-D,Descafeinado Cafe Molido,explicito,T023,fisico,37.0,10854.19,6060.85,4793.34,44.16,3296.21,0,28
13,CN-00013,ERP-PROV-MX-013-B,Selección Cafe Molido,explicito,T038,fisico,69.0,13831.47,9547.26,4284.21,30.97,2376.42,0,36
33,CN-00033,ERP-PROV-MX-033-D,Especial Cafe Molido,explicito,T011,fisico,35.0,9348.8,5529.53,3819.27,40.85,2529.78,0,27
69,CN-00069,ERP-PROV-MX-069-C,Estándar Cafe Grano,explicito,T005,fisico,70.0,25420.64,13321.49,12099.15,47.6,8592.85,0,34
69,CN-00069,ERP-PROV-MX-069-C,Estándar Cafe Grano,explicito,T012,fisico,39.0,14010.12,7473.85,6536.27,46.65,4603.84,0,33
57,CN-00057,ERP-PROV-MX-057-C,Premium Cafe Grano,explicito,T004,fisico,56.0,10416.52,5026.74,5389.78,51.74,3953.02,0,36
34,CN-00034,ERP-PROV-MX-034-D,Estándar Cafe Molido,explicito,T012,fisico,50.0,5406.24,3215.93,2190.31,40.51,1444.62,0,39
14,CN-00014,ERP-PROV-MX-014-D,Descafeinado Cafe Grano,explicito,T003,fisico,55.0,19085.83,11737.58,7348.25,38.5,4715.72,0,38
55,CN-00055,ERP-PROV-MX-055-C,Termo Mercancia,explicito,T012,fisico,52.0,32704.56,15112.15,17592.41,53.79,13081.44,0,36
31,CN-00031,ERP-PROV-MX-031-A,Termo Mercancia,inferido,T008,fisico,59.0,31945.99,13707.38,18238.61,57.09,13832.27,0,34
24,CN-00024,ERP-PROV-MX-024-A,Americano Cafe Molido,explicito,T006,fisico,39.0,12820.93,8287.97,4532.96,35.36,2764.56,0,27
42,CN-00042,ERP-PROV-MX-042-A,Quiche Comida Caliente,explicito,T038,fisico,34.0,2980.28,1344.14,1636.14,54.9,1225.07,0,26
36,CN-00036,ERP-PROV-MX-036-A,Gourmet Cafe Grano,inferido,T017,fisico,33.0,10378.83,6154.33,4224.5,40.7,2792.94,0,24
25,CN-00025,ERP-PROV-MX-025-C,Latte Bebidas,explicito,T029,fisico,56.0,2716.54,888.18,1828.36,67.3,1453.66,0,30
22,CN-00022,ERP-PROV-MX-022-A,Ensalada Comida Caliente,explicito,T034,fisico,31.0,5246.88,2976.19,2270.69,43.28,1546.98,0,23
58,CN-00058,ERP-PROV-MX-058-A,Chai Bebidas,explicito,T002,fisico,43.0,3310.73,1178.27,2132.46,64.41,1675.81,0,32
64,CN-00064,ERP-PROV-MX-064-C,Frappé Bebidas,explicito,T040,fisico,50.0,4222.67,1534.81,2687.86,63.65,2105.42,0,28
48,CN-00048,ERP-PROV-MX-048-C,Bolillo Panaderia,explicito,T009,fisico,31.0,761.3,295.84,465.46,61.14,360.45,0,29
64,CN-00064,ERP-PROV-MX-064-C,Frappé Bebidas,explicito,T038,fisico,60.0,5030.52,1837.32,3193.2,63.48,2499.34,0,33
36,CN-00036,ERP-PROV-MX-036-A,Gourmet Cafe Grano,inferido,T032,fisico,43.0,13419.43,7997.56,5421.87,40.4,3570.91,0,29
24,CN-00024,ERP-PROV-MX-024-A,Americano Cafe Molido,explicito,T037,fisico,43.0,14034.87,9195.57,4839.3,34.48,2903.46,0,30
45,CN-00045,ERP-PROV-MX-045-D,Especial Cafe Grano,explicito,T014,fisico,39.0,3857.37,2546.75,1310.62,33.98,778.57,0,32
48,CN-00048,ERP-PROV-MX-048-C,Bolillo Panaderia,explicito,T005,fisico,49.0,1207.05,463.89,743.16,61.57,576.67,0,33
24,CN-00024,ERP-PROV-MX-024-A,Americano Cafe Molido,explicito,T030,fisico,26.0,8515.07,5614.56,2900.51,34.06,1726.02,0,21
66,CN-00066,ERP-PROV-MX-066-B,Mocha Bebidas,explicito,T021,fisico,43.0,2480.03,899.33,1580.7,63.74,1238.63,0,30
17,CN-00017,ERP-PROV-MX-017-B,Quiche Comida Caliente,explicito,T035,fisico,44.0,7181.91,3508.17,3673.74,51.15,2683.13,0,30
56,CN-00056,ERP-PROV-MX-056-C,Empanada Panaderia,explicito,T034,fisico,41.0,670.75,326.49,344.26,51.32,251.74,0,31
70,CN-00070,ERP-PROV-MX-070-D,Molinillo Mercancia,explicito,T020,fisico,47.0,17669.21,11199.21,6470.0,36.62,4032.87,0,35
39,CN-00039,ERP-PROV-MX-039-B,Taza Mercancia,explicito,T001,fisico,74.0,58829.25,34260.42,24568.83,41.76,16454.45,0,42
16,CN-00016,ERP-PROV-MX-016-C,Quiche Comida Caliente,inferido,T003,fisico,46.0,3987.38,1988.63,1998.75,50.13,1448.77,0,33
68,CN-00068,ERP-PROV-MX-068-C,Croissant Panaderia,explicito,T022,fisico,48.0,1868.12,747.82,1120.3,59.97,862.63,0,29
66,CN-00066,ERP-PROV-MX-066-B,Mocha Bebidas,explicito,T033,fisico,49.0,2833.16,1023.32,1809.84,63.88,1419.06,0,33
52,CN-00052,ERP-PROV-MX-052-C,Americano Cafe Molido,explicito,T002,fisico,56.0,9497.09,6287.75,3209.34,33.79,1899.4,0,33
7,CN-00007,ERP-PROV-MX-007-D,Selección Cafe Grano,explicito,T033,fisico,55.0,13874.79,11012.72,2862.07,20.63,948.31,0,37
66,CN-00066,ERP-PROV-MX-066-B,Mocha Bebidas,explicito,T023,fisico,45.0,2598.01,942.02,1655.99,63.74,1297.64,0,28
28,CN-00028,ERP-PROV-MX-028-D,Selección Cafe Molido,explicito,T004,fisico,48.0,18655.42,9846.8,8808.62,47.22,6235.46,0,35
30,CN-00030,ERP-PROV-MX-030-C,Molinillo Mercancia,explicito,T004,fisico,26.0,5881.39,2921.46,2959.93,50.33,2148.7,0,23
33,CN-00033,ERP-PROV-MX-033-D,Especial Cafe Molido,explicito,T017,fisico,38.0,10088.55,5998.55,4090.0,40.54,2698.48,0,35
4,CN-00004,ERP-PROV-MX-004-B,Prensa Francesa Mercancia,explicito,T020,fisico,35.0,24170.75,9286.18,14884.57,61.58,11550.67,0,25
67,CN-00067,ERP-PROV-MX-067-C,Premium Cafe Molido,explicito,T011,fisico,28.0,8192.14,4633.6,3558.54,43.44,2428.59,0,21
4,CN-00004,ERP-PROV-MX-004-B,Prensa Francesa Mercancia,explicito,T038,fisico,41.0,28264.67,11049.49,17215.18,60.91,13316.6,0,31
43,CN-00043,ERP-PROV-MX-043-A,Filtros Mercancia,explicito,T019,fisico,33.0,6083.74,2862.68,3221.06,52.95,2381.92,0,24
43,CN-00043,ERP-PROV-MX-043-A,Filtros Mercancia,explicito,T010,fisico,48.0,8759.03,4164.41,4594.62,52.46,3386.48,0,36
49,CN-00049,ERP-PROV-MX-049-A,Mocha Bebidas,explicito,T032,fisico,67.0,5889.0,2289.02,3599.98,61.13,2787.7,0,37
50,CN-00050,ERP-PROV-MX-050-A,Chai Bebidas,explicito,T011,fisico,30.0,2738.16,1230.65,1507.51,55.06,1129.83,0,19
30,CN-00030,ERP-PROV-MX-030-C,Molinillo Mercancia,explicito,T011,fisico,37.0,8425.87,4177.4,4248.47,50.42,3086.28,0,29
4,CN-00004,ERP-PROV-MX-004-B,Prensa Francesa Mercancia,explicito,T013,fisico,32.0,21946.13,8442.22,13503.91,61.53,10476.86,0,23
6,CN-00006,ERP-PROV-MX-006-C,Estándar Cafe Grano,inferido,T004,fisico,29.0,5869.41,2973.46,2895.95,49.34,2086.38,0,18
41,CN-00041,ERP-PROV-MX-041-D,Gourmet Cafe Molido,inferido,T002,fisico,42.0,3255.41,1862.7,1392.71,42.78,943.69,0,30
30,CN-00030,ERP-PROV-MX-030-C,Molinillo Mercancia,explicito,T012,fisico,55.0,12310.16,6173.41,6136.75,49.85,4438.8,0,34
49,CN-00049,ERP-PROV-MX-049-A,Mocha Bebidas,explicito,T037,fisico,55.0,4799.56,1860.16,2939.4,61.24,2277.39,0,33
33,CN-00033,ERP-PROV-MX-033-D,Especial Cafe Molido,explicito,T008,fisico,53.0,14119.84,8447.21,5672.63,40.17,3725.07,0,37
34,CN-00034,ERP-PROV-MX-034-D,Estándar Cafe Molido,explicito,T028,fisico,35.0,3772.65,2255.47,1517.18,40.22,996.81,0,22
69,CN-00069,ERP-PROV-MX-069-C,Estándar Cafe Grano,explicito,T014,fisico,35.0,12729.73,6799.77,5929.96,46.58,4174.14,0,24
33,CN-00033,ERP-PROV-MX-033-D,Especial Cafe Molido,explicito,T010,fisico,62.0,16411.32,9856.41,6554.91,39.94,4291.28,0,40
41,CN-00041,ERP-PROV-MX-041-D,Gourmet Cafe Molido,inferido,T001,fisico,52.0,3998.57,2299.09,1699.48,42.5,1147.95,0,38
50,CN-00050,ERP-PROV-MX-050-A,Chai Bebidas,explicito,T027,fisico,22.0,1986.91,906.04,1080.87,54.4,806.81,0,20
45,CN-00045,ERP-PROV-MX-045-D,Especial Cafe Grano,explicito,T011,fisico,29.0,2866.86,1894.61,972.25,33.91,576.82,0,18
10,CN-00010,ERP-PROV-MX-010-D,Descafeinado Cafe Grano,explicito,T038,fisico,38.0,13490.34,6628.39,6861.95,50.87,5001.21,0,24
24,CN-00024,ERP-PROV-MX-024-A,Americano Cafe Molido,explicito,T032,fisico,50.0,16109.04,10616.98,5492.06,34.09,3270.12,0,31
3,CN-00003,ERP-PROV-MX-003-D,Filtros Mercancia,explicito,T002,fisico,48.0,7770.38,3654.23,4116.15,52.97,3044.37,0,29
36,CN-00036,ERP-PROV-MX-036-A,Gourmet Cafe Grano,inferido,T010,fisico,61.0,19244.71,11500.91,7743.8,40.24,5089.36,0,41
64,CN-00064,ERP-PROV-MX-064-C,Frappé Bebidas,explicito,T015,fisico,36.0,3025.73,1111.2,1914.53,63.27,1497.19,0,27
65,CN-00065,ERP-PROV-MX-065-D,Estándar Cafe Molido,explicito,T024,fisico,48.0,9719.95,4925.92,4794.03,49.32,3453.35,0,25
39,CN-00039,ERP-PROV-MX-039-B,Taza Mercancia,explicito,T017,fisico,63.0,50509.41,29338.26,21171.15,41.92,14204.33,0,31
8,CN-00008,ERP-PROV-MX-008-C,Empanada Panaderia,explicito,T022,fisico,34.0,1312.25,715.01,597.24,45.51,416.24,0,22
28,CN-00028,ERP-PROV-MX-028-D,Selección Cafe Molido,explicito,T012,fisico,41.0,15787.65,8379.04,7408.61,46.93,5231.0,0,34
62,CN-00062,ERP-PROV-MX-062-B,Wrap Comida Caliente,explicito,T015,fisico,37.0,6136.07,2796.36,3339.71,54.43,2493.36,0,27
46,CN-00046,ERP-PROV-MX-046-A,Termo Mercancia,inferido,T020,fisico,36.0,19195.28,8674.5,10520.78,54.81,7873.16,0,28
69,CN-00069,ERP-PROV-MX-069-C,Estándar Cafe Grano,explicito,T028,fisico,40.0,14522.35,7380.5,7141.85,49.18,5138.77,0,27
34,CN-00034,ERP-PROV-MX-034-D,Estándar Cafe Molido,explicito,T032,fisico,33.0,3582.39,2123.68,1458.71,40.72,964.59,0,24
33,CN-00033,ERP-PROV-MX-033-D,Especial Cafe Molido,explicito,T020,fisico,30.0,7929.62,4733.5,3196.12,40.31,2102.38,0,24
46,CN-00046,ERP-PROV-MX-046-A,Termo Mercancia,inferido,T035,fisico,62.0,32968.16,14644.3,18323.86,55.58,13776.53,0,35
57,CN-00057,ERP-PROV-MX-057-C,Premium Cafe Grano,explicito,T017,fisico,28.0,5238.99,2553.05,2685.94,51.27,1963.32,0,19
69,CN-00069,ERP-PROV-MX-069-C,Estándar Cafe Grano,explicito,T036,fisico,24.0,8693.91,4648.35,4045.56,46.53,2846.4,0,22
45,CN-00045,ERP-PROV-MX-045-D,Especial Cafe Grano,explicito,T039,fisico,48.0,4769.3,3135.99,1633.31,34.25,975.48,0,34
48,CN-00048,ERP-PROV-MX-048-C,Bolillo Panaderia,explicito,T023,fisico,26.0,639.65,246.03,393.62,61.54,305.39,0,25
1,CN-00001,ERP-PROV-MX-001-A,Sándwich Comida Caliente,inferido,T002,fisico,37.0,2743.89,3108.0,-364.11,-13.27,-742.58,22,22
68,CN-00068,ERP-PROV-MX-068-C,Croissant Panaderia,explicito,T028,fisico,51.0,2011.5,767.28,1244.22,61.86,966.77,0,27
56,CN-00056,ERP-PROV-MX-056-C,Empanada Panaderia,explicito,T015,fisico,28.0,465.68,219.04,246.64,52.96,182.41,0,28
30,CN-00030,ERP-PROV-MX-030-C,Molinillo Mercancia,explicito,T005,fisico,26.0,5849.9,2899.08,2950.82,50.44,2143.94,0,18
20,CN-00020,ERP-PROV-MX-020-C,Taza Mercancia,explicito,T003,fisico,53.0,31485.06,13443.41,18041.65,57.3,13698.88,0,30
4,CN-00004,ERP-PROV-MX-004-B,Prensa Francesa Mercancia,explicito,T017,fisico,46.0,31741.87,12205.61,19536.26,61.55,15158.07,0,33
4,CN-00004,ERP-PROV-MX-004-B,Prensa Francesa Mercancia,explicito,T040,fisico,30.0,20621.46,7914.42,12707.04,61.62,9862.7,0,23
10,CN-00010,ERP-PROV-MX-010-D,Descafeinado Cafe Grano,explicito,T015,fisico,40.0,14359.68,6944.78,7414.9,51.64,5434.25,0,29
39,CN-00039,ERP-PROV-MX-039-B,Taza Mercancia,explicito,T002,fisico,47.0,37192.82,21736.5,15456.32,41.56,10326.28,0,28
17,CN-00017,ERP-PROV-MX-017-B,Quiche Comida Caliente,explicito,T040,fisico,40.0,6448.45,3181.2,3267.25,50.67,2377.81,0,36
7,CN-00007,ERP-PROV-MX-007-D,Selección Cafe Grano,explicito,T028,fisico,41.0,10279.05,8259.09,2019.96,19.65,602.16,0,25
34,CN-00034,ERP-PROV-MX-034-D,Estándar Cafe Molido,explicito,T010,fisico,33.0,3558.6,2130.43,1428.17,40.13,937.33,0,30
49,CN-00049,ERP-PROV-MX-049-A,Mocha Bebidas,explicito,T001,fisico,30.0,2640.25,1022.54,1617.71,61.27,1253.54,0,25
10,CN-00010,ERP-PROV-MX-010-D,Descafeinado Cafe Grano,explicito,T037,fisico,34.0,12106.29,5898.75,6207.54,51.28,4537.71,0,16
51,CN-00051,ERP-PROV-MX-051-C,Termo Mercancia,explicito,T006,fisico,52.0,25197.73,12523.36,12674.37,50.3,9198.82,0,28
63,CN-00063,ERP-PROV-MX-063-C,Gourmet Cafe Molido,explicito,T003,fisico,74.0,6317.01,3943.68,2373.33,37.57,1502.02,0,32
36,CN-00036,ERP-PROV-MX-036-A,Gourmet Cafe Grano,inferido,T011,fisico,41.0,12886.33,7691.72,5194.61,40.31,3417.19,0,28
50,CN-00050,ERP-PROV-MX-050-A,Chai Bebidas,explicito,T013,fisico,34.0,3087.75,1415.29,1672.46,54.16,1246.56,0,22
15,CN-00015,ERP-PROV-MX-015-D,Especial Cafe Molido,explicito,T025,fisico,33.0,11968.17,15765.44,-3797.27,-31.73,-5448.05,22,22
32,CN-00032,ERP-PROV-MX-032-D,Americano Cafe Grano,explicito,T025,fisico,28.0,2821.15,1316.23,1504.92,53.34,1115.8,0,20
46,CN-00046,ERP-PROV-MX-046-A,Termo Mercancia,inferido,T011,fisico,37.0,19656.71,8823.2,10833.51,55.11,8122.24,0,25
32,CN-00032,ERP-PROV-MX-032-D,Americano Cafe Grano,explicito,ECOMMERCE,ecommerce,404.0,42251.75,18745.81,23505.94,55.63,17678.11,0,279
45,CN-00045,ERP-PROV-MX-045-D,Especial Cafe Grano,explicito,ECOMMERCE,ecommerce,399.0,41396.2,26068.59,15327.61,37.03,9617.79,0,294
37,CN-00037,ERP-PROV-MX-037-C,Tradicional Cafe Molido,explicito,ECOMMERCE,ecommerce,423.0,98771.83,52412.9,46358.93,46.94,32735.23,0,312
46,CN-00046,ERP-PROV-MX-046-A,Termo Mercancia,inferido,ECOMMERCE,ecommerce,357.0,199280.6,86257.37,113023.23,56.72,85536.25,0,270
55,CN-00055,ERP-PROV-MX-055-C,Termo Mercancia,explicito,T004,fisico,33.0,20685.56,9557.62,11127.94,53.8,8274.76,0,24
36,CN-00036,ERP-PROV-MX-036-A,Gourmet Cafe Grano,inferido,T025,fisico,52.0,16350.15,9869.45,6480.7,39.64,4225.51,0,32
23,CN-00023,ERP-PROV-MX-023-B,Ensalada Comida Caliente,explicito,T016,fisico,42.0,6612.66,3282.5,3330.16,50.36,2418.07,0,32
44,CN-00044,ERP-PROV-MX-044-A,Filtros Mercancia,explicito,T027,fisico,43.0,10667.0,7338.19,3328.81,31.21,1857.5,0,33
63,CN-00063,ERP-PROV-MX-063-C,Gourmet Cafe Molido,explicito,T007,fisico,64.0,5445.0,3462.06,1982.94,36.42,1231.91,0,38
27,CN-00027,ERP-PROV-MX-027-B,Latte Bebidas,explicito,T036,fisico,23.0,2067.77,757.84,1309.93,63.35,1024.72,0,21
31,CN-00031,ERP-PROV-MX-031-A,Termo Mercancia,inferido,T010,fisico,51.0,27420.86,11888.08,15532.78,56.65,11750.59,0,32
29,CN-00029,ERP-PROV-MX-029-C,Termo Mercancia,explicito,T015,fisico,33.0,20477.48,10239.51,10237.97,50.0,7413.49,0,30
22,CN-00022,ERP-PROV-MX-022-A,Ensalada Comida Caliente,explicito,T037,fisico,51.0,8610.97,4901.49,3709.48,43.08,2521.76,0,30
10,CN-00010,ERP-PROV-MX-010-D,Descafeinado Cafe Grano,explicito,T018,fisico,18.0,6470.54,3133.11,3337.43,51.58,2444.94,0,21
60,CN-00060,ERP-PROV-MX-060-A,Espresso Cafe Grano,explicito,T020,fisico,48.0,9285.69,6081.82,3203.87,34.5,1923.09,0,26
18,CN-00018,ERP-PROV-MX-018-A,Tradicional Cafe Molido,explicito,T025,fisico,50.0,11942.21,6605.59,5336.62,44.69,3689.42,0,29
58,CN-00058,ERP-PROV-MX-058-A,Chai Bebidas,explicito,T032,fisico,45.0,3432.13,1229.85,2202.28,64.17,1728.88,0,28
18,CN-00018,ERP-PROV-MX-018-A,Tradicional Cafe Molido,explicito,T009,fisico,56.0,13355.58,7419.09,5936.49,44.45,4094.34,0,32
35,CN-00035,ERP-PROV-MX-035-A,Sándwich Comida Caliente,explicito,T013,fisico,47.0,6565.91,4413.64,2152.27,32.78,1246.63,0,31
22,CN-00022,ERP-PROV-MX-022-A,Ensalada Comida Caliente,explicito,T007,fisico,63.0,10813.17,6063.91,4749.26,43.92,3257.79,0,39
63,CN-00063,ERP-PROV-MX-063-C,Gourmet Cafe Molido,explicito,T040,fisico,43.0,3639.07,2325.98,1313.09,36.08,811.15,0,22
63,CN-00063,ERP-PROV-MX-063-C,Gourmet Cafe Molido,explicito,T023,fisico,39.0,3282.14,2098.67,1183.47,36.06,730.76,0,28
31,CN-00031,ERP-PROV-MX-031-A,Termo Mercancia,inferido,T027,fisico,47.0,25363.51,11004.8,14358.71,56.61,10860.29,0,30
31,CN-00031,ERP-PROV-MX-031-A,Termo Mercancia,inferido,T022,fisico,53.0,28782.35,12208.78,16573.57,57.58,12603.59,0,34
27,CN-00027,ERP-PROV-MX-027-B,Latte Bebidas,explicito,T038,fisico,48.0,4314.21,1548.48,2765.73,64.11,2170.67,0,35
10,CN-00010,ERP-PROV-MX-010-D,Descafeinado Cafe Grano,explicito,T008,fisico,36.0,12822.74,6437.53,6385.21,49.8,4616.56,0,25
15,CN-00015,ERP-PROV-MX-015-D,Especial Cafe Molido,explicito,T030,fisico,62.0,22573.91,29382.8,-6808.89,-30.16,-9922.53,41,41
18,CN-00018,ERP-PROV-MX-018-A,Tradicional Cafe Molido,explicito,T037,fisico,54.0,12911.82,7175.4,5736.42,44.43,3955.48,0,37
27,CN-00027,ERP-PROV-MX-027-B,Latte Bebidas,explicito,T039,fisico,54.0,4858.72,1796.94,3061.78,63.02,2391.61,0,31
29,CN-00029,ERP-PROV-MX-029-C,Termo Mercancia,explicito,T002,fisico,35.0,21807.45,10644.51,11162.94,51.19,8155.02,0,29
26,CN-00026,ERP-PROV-MX-026-A,Premium Cafe Molido,inferido,T023,fisico,62.0,9590.75,5496.64,4094.11,42.69,2771.25,0,35
64,CN-00064,ERP-PROV-MX-064-C,Frappé Bebidas,explicito,T003,fisico,54.0,4545.87,1660.33,2885.54,63.48,2258.52,0,34
10,CN-00010,ERP-PROV-MX-010-D,Descafeinado Cafe Grano,explicito,T011,fisico,33.0,11898.33,5849.26,6049.07,50.84,4407.92,0,27
35,CN-00035,ERP-PROV-MX-035-A,Sándwich Comida Caliente,explicito,T010,fisico,34.0,4798.55,3159.41,1639.14,34.16,977.27,0,24
48,CN-00048,ERP-PROV-MX-048-C,Bolillo Panaderia,explicito,T012,fisico,48.0,1171.21,453.15,718.06,61.31,556.51,0,30
15,CN-00015,ERP-PROV-MX-015-D,Especial Cafe Molido,explicito,T020,fisico,28.0,10163.17,13325.28,-3162.11,-31.11,-4563.93,24,24
18,CN-00018,ERP-PROV-MX-018-A,Tradicional Cafe Molido,explicito,T017,fisico,35.0,8342.47,4600.49,3741.98,44.85,2591.29,0,25
35,CN-00035,ERP-PROV-MX-035-A,Sándwich Comida Caliente,explicito,T035,fisico,42.0,5824.83,3980.64,1844.19,31.66,1040.77,0,27
15,CN-00015,ERP-PROV-MX-015-D,Especial Cafe Molido,explicito,T021,fisico,27.0,9772.7,12811.76,-3039.06,-31.1,-4387.02,24,24
47,CN-00047,ERP-PROV-MX-047-B,Filtros Mercancia,explicito,T013,fisico,56.0,27739.01,17862.97,9876.04,35.6,6049.97,0,27
21,CN-00021,ERP-PROV-MX-021-A,Concha Panaderia,inferido,T016,fisico,52.0,1337.12,595.89,741.23,55.43,556.8,0,31
65,CN-00065,ERP-PROV-MX-065-D,Estándar Cafe Molido,explicito,T040,fisico,59.0,11926.13,6049.67,5876.46,49.27,4231.48,0,35
56,CN-00056,ERP-PROV-MX-056-C,Empanada Panaderia,explicito,T024,fisico,39.0,640.41,310.29,330.12,51.55,241.79,0,22
28,CN-00028,ERP-PROV-MX-028-D,Selección Cafe Molido,explicito,T036,fisico,40.0,15459.18,8207.76,7251.42,46.91,5119.12,0,23
11,CN-00011,ERP-PROV-MX-011-C,Bolillo Panaderia,inferido,T039,fisico,44.0,1251.69,596.7,654.99,52.33,482.34,0,38
9,CN-00009,ERP-PROV-MX-009-B,Termo Mercancia,explicito,T026,fisico,31.0,19048.76,8249.08,10799.68,56.69,8172.26,0,26
8,CN-00008,ERP-PROV-MX-008-C,Empanada Panaderia,explicito,T038,fisico,43.0,1652.33,896.75,755.58,45.73,527.67,0,34
28,CN-00028,ERP-PROV-MX-028-D,Selección Cafe Molido,explicito,T026,fisico,48.0,18447.76,9704.24,8743.52,47.4,6199.0,0,37
7,CN-00007,ERP-PROV-MX-007-D,Selección Cafe Grano,explicito,T021,fisico,34.0,8701.15,6895.9,1805.25,20.75,605.09,0,28
20,CN-00020,ERP-PROV-MX-020-C,Taza Mercancia,explicito,T027,fisico,49.0,29225.02,12418.4,16806.62,57.51,12775.58,0,34
7,CN-00007,ERP-PROV-MX-007-D,Selección Cafe Grano,explicito,T024,fisico,36.0,9049.6,7059.23,1990.37,21.99,742.15,0,21
20,CN-00020,ERP-PROV-MX-020-C,Taza Mercancia,explicito,T024,fisico,39.0,23572.02,9827.91,13744.11,58.31,10492.8,0,29
17,CN-00017,ERP-PROV-MX-017-B,Quiche Comida Caliente,explicito,T034,fisico,49.0,7925.65,3930.36,3995.29,50.41,2902.1,0,30
47,CN-00047,ERP-PROV-MX-047-B,Filtros Mercancia,explicito,T005,fisico,35.0,17456.79,11136.19,6320.6,36.21,3912.77,0,23
17,CN-00017,ERP-PROV-MX-017-B,Quiche Comida Caliente,explicito,T020,fisico,56.0,9080.4,4450.39,4630.01,50.99,3377.54,0,32
47,CN-00047,ERP-PROV-MX-047-B,Filtros Mercancia,explicito,T031,fisico,27.0,13310.12,8577.27,4732.85,35.56,2896.97,0,18
20,CN-00020,ERP-PROV-MX-020-C,Taza Mercancia,explicito,T021,fisico,36.0,21574.52,9294.84,12279.68,56.92,9303.88,0,24
70,CN-00070,ERP-PROV-MX-070-D,Molinillo Mercancia,explicito,T002,fisico,57.0,21328.1,13306.38,8021.72,37.61,5079.91,0,36
40,CN-00040,ERP-PROV-MX-040-A,Chocolate Bebidas,explicito,T014,fisico,50.0,2657.41,862.61,1794.8,67.54,1428.26,0,35
6,CN-00006,ERP-PROV-MX-006-C,Estándar Cafe Grano,inferido,T002,fisico,35.0,6992.31,3647.63,3344.68,47.83,2380.22,0,25
49,CN-00049,ERP-PROV-MX-049-A,Mocha Bebidas,explicito,T006,fisico,36.0,3201.22,1227.16,1974.06,61.67,1532.51,0,27
46,CN-00046,ERP-PROV-MX-046-A,Termo Mercancia,inferido,T027,fisico,40.0,21332.3,9466.54,11865.76,55.62,8923.37,0,29
30,CN-00030,ERP-PROV-MX-030-C,Molinillo Mercancia,explicito,T037,fisico,48.0,10863.28,5453.11,5410.17,49.8,3911.79,0,34
69,CN-00069,ERP-PROV-MX-069-C,Estándar Cafe Grano,explicito,T037,fisico,57.0,20620.7,10938.38,9682.32,46.95,6838.09,0,36
53,CN-00053,ERP-PROV-MX-053-A,Sándwich Comida Caliente,explicito,T021,fisico,59.0,8277.46,4416.03,3861.43,46.65,2719.71,0,35
14,CN-00014,ERP-PROV-MX-014-D,Descafeinado Cafe Grano,explicito,T030,fisico,48.0,16601.45,10246.16,6355.29,38.28,4065.43,0,38
4,CN-00004,ERP-PROV-MX-004-B,Prensa Francesa Mercancia,explicito,T019,fisico,47.0,32306.22,12545.87,19760.35,61.17,15304.32,0,36
14,CN-00014,ERP-PROV-MX-014-D,Descafeinado Cafe Grano,explicito,T020,fisico,39.0,13458.66,8303.68,5154.98,38.3,3298.61,0,25
41,CN-00041,ERP-PROV-MX-041-D,Gourmet Cafe Molido,inferido,T017,fisico,37.0,2869.8,1638.31,1231.49,42.91,835.66,0,30
34,CN-00034,ERP-PROV-MX-034-D,Estándar Cafe Molido,explicito,T038,fisico,50.0,5406.05,3229.27,2176.78,40.27,1431.12,0,36
2,CN-00002,ERP-PROV-MX-002-B,Sándwich Comida Caliente,explicito,T004,fisico,29.0,3864.65,4920.51,-1055.86,-27.32,-1588.92,27,27
12,CN-00012,ERP-PROV-MX-012-B,Sándwich Comida Caliente,explicito,T011,fisico,55.0,7341.24,3113.13,4228.11,57.59,3215.53,0,37
41,CN-00041,ERP-PROV-MX-041-D,Gourmet Cafe Molido,inferido,T015,fisico,53.0,4118.15,2346.51,1771.64,43.02,1203.62,0,33
34,CN-00034,ERP-PROV-MX-034-D,Estándar Cafe Molido,explicito,T024,fisico,48.0,5196.16,3093.41,2102.75,40.47,1386.04,0,31
67,CN-00067,ERP-PROV-MX-067-C,Premium Cafe Molido,explicito,T038,fisico,31.0,9067.09,4985.55,4081.54,45.01,2830.91,0,21
30,CN-00030,ERP-PROV-MX-030-C,Molinillo Mercancia,explicito,T025,fisico,65.0,14633.8,7242.1,7391.7,50.51,5373.24,0,49
59,CN-00059,ERP-PROV-MX-059-B,Orgánico Cafe Grano,explicito,T021,fisico,37.0,9524.45,6673.18,2851.27,29.94,1537.55,0,25
43,CN-00043,ERP-PROV-MX-043-A,Filtros Mercancia,explicito,T031,fisico,67.0,12408.74,5766.5,6642.24,53.53,4930.69,0,41
5,CN-00005,ERP-PROV-MX-005-C,Croissant Panaderia,explicito,T034,fisico,41.0,826.43,539.06,287.37,34.77,173.38,0,23
4,CN-00004,ERP-PROV-MX-004-B,Prensa Francesa Mercancia,explicito,T030,fisico,38.0,25979.36,10137.06,15842.3,60.98,12258.94,0,25
6,CN-00006,ERP-PROV-MX-006-C,Estándar Cafe Grano,inferido,T039,fisico,36.0,7235.61,3708.28,3527.33,48.75,2529.31,0,27
2,CN-00002,ERP-PROV-MX-002-B,Sándwich Comida Caliente,explicito,T012,fisico,30.0,4001.84,5058.63,-1056.79,-26.41,-1608.77,25,25
57,CN-00057,ERP-PROV-MX-057-C,Premium Cafe Grano,explicito,T039,fisico,46.0,8512.77,4172.87,4339.9,50.98,3165.72,0,31
49,CN-00049,ERP-PROV-MX-049-A,Mocha Bebidas,explicito,T019,fisico,48.0,4155.62,1637.66,2517.96,60.59,1944.77,0,31
2,CN-00002,ERP-PROV-MX-002-B,Sándwich Comida Caliente,explicito,T014,fisico,48.0,6367.4,8131.2,-1763.8,-27.7,-2642.06,40,40
37,CN-00037,ERP-PROV-MX-037-C,Tradicional Cafe Molido,explicito,T028,fisico,45.0,10033.95,5459.77,4574.18,45.59,3190.19,0,36
34,CN-00034,ERP-PROV-MX-034-D,Estándar Cafe Molido,explicito,T006,fisico,38.0,4104.67,2429.73,1674.94,40.81,1108.78,0,29
37,CN-00037,ERP-PROV-MX-037-C,Tradicional Cafe Molido,explicito,T023,fisico,41.0,9156.61,4972.67,4183.94,45.69,2920.96,0,26
55,CN-00055,ERP-PROV-MX-055-C,Termo Mercancia,explicito,T040,fisico,60.0,37984.45,17434.42,20550.03,54.1,15310.8,0,41
45,CN-00045,ERP-PROV-MX-045-D,Especial Cafe Grano,explicito,T007,fisico,27.0,2694.4,1762.81,931.59,34.58,559.95,0,23
63,CN-00063,ERP-PROV-MX-063-C,Gourmet Cafe Molido,explicito,T006,fisico,23.0,1958.3,1239.83,718.47,36.69,448.36,0,19
24,CN-00024,ERP-PROV-MX-024-A,Americano Cafe Molido,explicito,T018,fisico,45.0,14731.93,9649.95,5081.98,34.5,3049.99,0,32
44,CN-00044,ERP-PROV-MX-044-A,Filtros Mercancia,explicito,T007,fisico,46.0,11514.72,7796.62,3718.1,32.29,2129.86,0,33
64,CN-00064,ERP-PROV-MX-064-C,Frappé Bebidas,explicito,T029,fisico,59.0,4996.55,1827.43,3169.12,63.43,2479.94,0,35
29,CN-00029,ERP-PROV-MX-029-C,Termo Mercancia,explicito,T005,fisico,39.0,24229.92,12207.02,12022.9,49.62,8680.84,0,27
27,CN-00027,ERP-PROV-MX-027-B,Latte Bebidas,explicito,T002,fisico,44.0,3958.08,1441.24,2516.84,63.59,1970.9,0,30
3,CN-00003,ERP-PROV-MX-003-D,Filtros Mercancia,explicito,T011,fisico,24.0,3908.72,1826.24,2082.48,53.28,1543.35,0,20
15,CN-00015,ERP-PROV-MX-015-D,Especial Cafe Molido,explicito,T010,fisico,24.0,8691.65,11408.76,-2717.11,-31.26,-3915.96,23,23
63,CN-00063,ERP-PROV-MX-063-C,Gourmet Cafe Molido,explicito,T001,fisico,35.0,2996.55,1928.22,1068.33,35.65,655.01,0,27
3,CN-00003,ERP-PROV-MX-003-D,Filtros Mercancia,explicito,T013,fisico,42.0,6771.46,3235.51,3535.95,52.22,2601.96,0,27
10,CN-00010,ERP-PROV-MX-010-D,Descafeinado Cafe Grano,explicito,T006,fisico,37.0,13280.41,6458.67,6821.74,51.37,4989.96,0,25
38,CN-00038,ERP-PROV-MX-038-A,Selección Cafe Grano,explicito,T014,fisico,47.0,15993.3,11126.32,4866.98,30.43,2661.01,0,33
29,CN-00029,ERP-PROV-MX-029-C,Termo Mercancia,explicito,T003,fisico,36.0,22714.06,11334.26,11379.8,50.1,8246.83,0,30
38,CN-00038,ERP-PROV-MX-038-A,Selección Cafe Grano,explicito,T018,fisico,44.0,14955.65,10281.28,4674.37,31.25,2611.52,0,32
7,CN-00007,ERP-PROV-MX-007-D,Selección Cafe Grano,explicito,T022,fisico,59.0,14826.05,11628.53,3197.52,21.57,1152.55,0,36
56,CN-00056,ERP-PROV-MX-056-C,Empanada Panaderia,explicito,T006,fisico,23.0,375.16,182.54,192.62,51.34,140.87,0,21
19,CN-00019,ERP-PROV-MX-019-D,Gourmet Cafe Molido,explicito,T020,fisico,40.0,10807.88,5926.95,4880.93,45.16,3390.19,0,32
65,CN-00065,ERP-PROV-MX-065-D,Estándar Cafe Molido,explicito,T027,fisico,48.0,9703.4,4919.52,4783.88,49.3,3445.48,0,31
66,CN-00066,ERP-PROV-MX-066-B,Mocha Bebidas,explicito,T024,fisico,37.0,2127.0,769.57,1357.43,63.82,1064.05,0,24
16,CN-00016,ERP-PROV-MX-016-C,Quiche Comida Caliente,inferido,T017,fisico,36.0,3115.16,1550.14,1565.02,50.24,1135.34,0,26
70,CN-00070,ERP-PROV-MX-070-D,Molinillo Mercancia,explicito,T026,fisico,45.0,16969.2,10698.42,6270.78,36.95,3930.2,0,29
17,CN-00017,ERP-PROV-MX-017-B,Quiche Comida Caliente,explicito,T029,fisico,22.0,3568.34,1771.04,1797.3,50.37,1305.12,0,23
19,CN-00019,ERP-PROV-MX-019-D,Gourmet Cafe Molido,explicito,T014,fisico,40.0,10865.71,5885.15,4980.56,45.84,3481.84,0,30
8,CN-00008,ERP-PROV-MX-008-C,Empanada Panaderia,explicito,T011,fisico,49.0,1882.53,1030.77,851.76,45.25,592.1,0,37
52,CN-00052,ERP-PROV-MX-052-C,Americano Cafe Molido,explicito,T007,fisico,26.0,4344.86,2892.05,1452.81,33.44,853.52,0,21
8,CN-00008,ERP-PROV-MX-008-C,Empanada Panaderia,explicito,T012,fisico,53.0,2040.08,1113.19,926.89,45.43,645.5,0,34
68,CN-00068,ERP-PROV-MX-068-C,Croissant Panaderia,explicito,T017,fisico,50.0,1962.63,761.72,1200.91,61.19,930.2,0,33
32,CN-00032,ERP-PROV-MX-032-D,Americano Cafe Grano,explicito,T028,fisico,34.0,3415.91,1615.52,1800.39,52.71,1329.23,0,23
16,CN-00016,ERP-PROV-MX-016-C,Quiche Comida Caliente,inferido,T028,fisico,28.0,2427.65,1229.79,1197.86,49.34,863.01,0,22
66,CN-00066,ERP-PROV-MX-066-B,Mocha Bebidas,explicito,T013,fisico,45.0,2599.75,942.3,1657.45,63.75,1298.86,0,30
8,CN-00008,ERP-PROV-MX-008-C,Empanada Panaderia,explicito,T004,fisico,49.0,1906.29,1034.05,872.24,45.76,609.3,0,28
46,CN-00046,ERP-PROV-MX-046-A,Termo Mercancia,inferido,T028,fisico,33.0,17535.06,7705.52,9829.54,56.06,7410.91,0,29
14,CN-00014,ERP-PROV-MX-014-D,Descafeinado Cafe Grano,explicito,T039,fisico,36.0,12563.79,7720.5,4843.29,38.55,3110.35,0,26
67,CN-00067,ERP-PROV-MX-067-C,Premium Cafe Molido,explicito,T024,fisico,35.0,10237.61,5754.3,4483.31,43.79,3071.23,0,24
2,CN-00002,ERP-PROV-MX-002-B,Sándwich Comida Caliente,explicito,T030,fisico,38.0,5051.97,6454.28,-1402.31,-27.76,-2099.13,33,33
13,CN-00013,ERP-PROV-MX-013-B,Selección Cafe Molido,explicito,T039,fisico,31.0,6216.19,4265.94,1950.25,31.37,1092.84,0,22
43,CN-00043,ERP-PROV-MX-043-A,Filtros Mercancia,explicito,T025,fisico,57.0,10551.4,4917.9,5633.5,53.39,4178.13,0,35
53,CN-00053,ERP-PROV-MX-053-A,Sándwich Comida Caliente,explicito,T028,fisico,55.0,7714.3,4313.96,3400.34,44.08,2336.3,0,38
41,CN-00041,ERP-PROV-MX-041-D,Gourmet Cafe Molido,inferido,T009,fisico,64.0,4945.43,2817.54,2127.89,43.03,1445.76,0,40
13,CN-00013,ERP-PROV-MX-013-B,Selección Cafe Molido,explicito,T034,fisico,54.0,10830.76,7475.15,3355.61,30.98,1861.71,0,31
69,CN-00069,ERP-PROV-MX-069-C,Estándar Cafe Grano,explicito,T029,fisico,35.0,12642.68,6864.59,5778.09,45.7,4034.27,0,24
41,CN-00041,ERP-PROV-MX-041-D,Gourmet Cafe Molido,inferido,T038,fisico,44.0,3390.79,1943.24,1447.55,42.69,979.85,0,32
6,CN-00006,ERP-PROV-MX-006-C,Estándar Cafe Grano,inferido,T017,fisico,34.0,6832.26,3512.48,3319.78,48.59,2377.4,0,25
37,CN-00037,ERP-PROV-MX-037-C,Tradicional Cafe Molido,explicito,T038,fisico,52.0,11590.52,6450.2,5140.32,44.35,3541.63,0,26
49,CN-00049,ERP-PROV-MX-049-A,Mocha Bebidas,explicito,T020,fisico,58.0,5117.33,1981.19,3136.14,61.28,2430.3,0,37
50,CN-00050,ERP-PROV-MX-050-A,Chai Bebidas,explicito,T030,fisico,44.0,3988.68,1799.29,2189.39,54.89,1639.23,0,30
57,CN-00057,ERP-PROV-MX-057-C,Premium Cafe Grano,explicito,T032,fisico,40.0,7491.29,3606.42,3884.87,51.86,2851.59,0,29
2,CN-00002,ERP-PROV-MX-002-B,Sándwich Comida Caliente,explicito,T015,fisico,35.0,4655.25,5934.56,-1279.31,-27.48,-1921.41,21,21
6,CN-00006,ERP-PROV-MX-006-C,Estándar Cafe Grano,inferido,T001,fisico,51.0,10279.61,5362.57,4917.04,47.83,3499.16,0,31
6,CN-00006,ERP-PROV-MX-006-C,Estándar Cafe Grano,inferido,T029,fisico,27.0,5492.38,2828.8,2663.58,48.5,1906.01,0,18
44,CN-00044,ERP-PROV-MX-044-A,Filtros Mercancia,explicito,T019,fisico,40.0,9931.33,6783.28,3148.05,31.7,1778.21,0,27
64,CN-00064,ERP-PROV-MX-064-C,Frappé Bebidas,explicito,T020,fisico,51.0,4279.3,1563.26,2716.04,63.47,2125.79,0,29
3,CN-00003,ERP-PROV-MX-003-D,Filtros Mercancia,explicito,T017,fisico,35.0,5647.68,2659.75,2987.93,52.91,2208.94,0,26
3,CN-00003,ERP-PROV-MX-003-D,Filtros Mercancia,explicito,T040,fisico,47.0,7655.64,3582.27,4073.37,53.21,3017.42,0,31
21,CN-00021,ERP-PROV-MX-021-A,Concha Panaderia,inferido,T005,fisico,43.0,1111.89,492.7,619.19,55.69,465.83,0,28
8,CN-00008,ERP-PROV-MX-008-C,Empanada Panaderia,explicito,T014,fisico,31.0,1173.46,655.49,517.97,44.14,356.11,0,26
36,CN-00036,ERP-PROV-MX-036-A,Gourmet Cafe Grano,inferido,T021,fisico,44.0,13932.34,8251.17,5681.17,40.78,3759.47,0,32
22,CN-00022,ERP-PROV-MX-022-A,Ensalada Comida Caliente,explicito,T012,fisico,19.0,3236.89,1825.88,1411.01,43.59,964.54,0,23
12,CN-00012,ERP-PROV-MX-012-B,Sándwich Comida Caliente,explicito,T030,fisico,36.0,4800.94,2025.14,2775.8,57.82,2113.6,0,20
56,CN-00056,ERP-PROV-MX-056-C,Empanada Panaderia,explicito,T039,fisico,52.0,849.69,419.51,430.18,50.63,312.98,0,35
52,CN-00052,ERP-PROV-MX-052-C,Americano Cafe Molido,explicito,T034,fisico,44.0,7453.22,4949.54,2503.68,33.59,1475.65,0,29
68,CN-00068,ERP-PROV-MX-068-C,Croissant Panaderia,explicito,T019,fisico,27.0,1069.58,424.91,644.67,60.27,497.14,0,33
68,CN-00068,ERP-PROV-MX-068-C,Croissant Panaderia,explicito,T013,fisico,39.0,1510.03,604.27,905.76,59.98,697.48,0,25
9,CN-00009,ERP-PROV-MX-009-B,Termo Mercancia,explicito,T007,fisico,42.0,25701.69,11059.71,14641.98,56.97,11096.92,0,24
28,CN-00028,ERP-PROV-MX-028-D,Selección Cafe Molido,explicito,T013,fisico,59.0,22717.43,12098.84,10618.59,46.74,7485.15,0,42
41,CN-00041,ERP-PROV-MX-041-D,Gourmet Cafe Molido,inferido,T018,fisico,30.0,2308.7,1322.27,986.43,42.73,667.99,0,21
43,CN-00043,ERP-PROV-MX-043-A,Filtros Mercancia,explicito,T022,fisico,55.0,10197.09,4825.15,5371.94,52.68,3965.44,0,31
61,CN-00061,ERP-PROV-MX-061-D,Descafeinado Cafe Molido,explicito,T016,fisico,37.0,10942.95,6146.93,4796.02,43.83,3286.65,0,32
53,CN-00053,ERP-PROV-MX-053-A,Sándwich Comida Caliente,explicito,T018,fisico,29.0,4009.42,2275.31,1734.11,43.25,1181.09,0,20
57,CN-00057,ERP-PROV-MX-057-C,Premium Cafe Grano,explicito,T014,fisico,53.0,9905.31,4832.22,5073.09,51.22,3706.84,0,37
35,CN-00035,ERP-PROV-MX-035-A,Sándwich Comida Caliente,explicito,T027,fisico,34.0,4750.9,3242.42,1508.48,31.75,853.18,0,26
45,CN-00045,ERP-PROV-MX-045-D,Especial Cafe Grano,explicito,T003,fisico,64.0,6349.91,4181.37,2168.54,34.15,1292.69,0,36
18,CN-00018,ERP-PROV-MX-018-A,Tradicional Cafe Molido,explicito,T033,fisico,37.0,8811.79,4889.44,3922.35,44.51,2706.93,0,25
29,CN-00029,ERP-PROV-MX-029-C,Termo Mercancia,explicito,T012,fisico,20.0,12527.18,6145.53,6381.65,50.94,4653.76,0,17
66,CN-00066,ERP-PROV-MX-066-B,Mocha Bebidas,explicito,T022,fisico,47.0,2710.27,976.55,1733.72,63.97,1359.89,0,32
27,CN-00027,ERP-PROV-MX-027-B,Latte Bebidas,explicito,T018,fisico,47.0,4210.73,1544.2,2666.53,63.33,2085.74,0,28
17,CN-00017,ERP-PROV-MX-017-B,Quiche Comida Caliente,explicito,T008,fisico,44.0,7146.07,3504.36,3641.71,50.96,2656.05,0,32
28,CN-00028,ERP-PROV-MX-028-D,Selección Cafe Molido,explicito,T022,fisico,41.0,15852.22,8243.24,7608.98,48.0,5422.47,0,25
70,CN-00070,ERP-PROV-MX-070-D,Molinillo Mercancia,explicito,T010,fisico,36.0,13431.6,8299.46,5132.14,38.21,3279.51,0,23
33,CN-00033,ERP-PROV-MX-033-D,Especial Cafe Molido,explicito,T027,fisico,38.0,10096.33,5957.71,4138.62,40.99,2746.02,0,27
14,CN-00014,ERP-PROV-MX-014-D,Descafeinado Cafe Grano,explicito,T021,fisico,51.0,17720.89,10898.42,6822.47,38.5,4378.21,0,33
50,CN-00050,ERP-PROV-MX-050-A,Chai Bebidas,explicito,T028,fisico,42.0,3877.69,1739.15,2138.54,55.15,1603.69,0,27
21,CN-00021,ERP-PROV-MX-021-A,Concha Panaderia,inferido,T021,fisico,34.0,860.95,388.03,472.92,54.93,354.17,0,20
13,CN-00013,ERP-PROV-MX-013-B,Selección Cafe Molido,explicito,T031,fisico,39.0,7852.08,5382.63,2469.45,31.45,1386.4,0,30
23,CN-00023,ERP-PROV-MX-023-B,Ensalada Comida Caliente,explicito,T023,fisico,46.0,7189.12,3698.7,3490.42,48.55,2498.82,0,37
9,CN-00009,ERP-PROV-MX-009-B,Termo Mercancia,explicito,T013,fisico,29.0,18018.19,7659.17,10359.02,57.49,7873.75,0,24
67,CN-00067,ERP-PROV-MX-067-C,Premium Cafe Molido,explicito,T002,fisico,40.0,11709.96,6501.87,5208.09,44.48,3592.92,0,27
41,CN-00041,ERP-PROV-MX-041-D,Gourmet Cafe Molido,inferido,T025,fisico,27.0,2068.24,1194.65,873.59,42.24,588.32,0,25
54,CN-00054,ERP-PROV-MX-054-B,Espresso Cafe Molido,explicito,T040,fisico,44.0,5017.58,2475.26,2542.32,50.67,1850.24,0,28
5,CN-00005,ERP-PROV-MX-005-C,Croissant Panaderia,explicito,T015,fisico,51.0,1034.92,665.49,369.43,35.7,226.68,0,34
58,CN-00058,ERP-PROV-MX-058-A,Chai Bebidas,explicito,T014,fisico,39.0,3015.83,1065.11,1950.72,64.68,1534.74,0,24
23,CN-00023,ERP-PROV-MX-023-B,Ensalada Comida Caliente,explicito,T006,fisico,36.0,5679.42,2828.16,2851.26,50.2,2067.89,0,26
24,CN-00024,ERP-PROV-MX-024-A,Americano Cafe Molido,explicito,T040,fisico,42.0,13643.42,8989.64,4653.78,34.11,2771.93,0,25
48,CN-00048,ERP-PROV-MX-048-C,Bolillo Panaderia,explicito,T024,fisico,30.0,736.3,281.21,455.09,61.81,353.53,0,23
55,CN-00055,ERP-PROV-MX-055-C,Termo Mercancia,explicito,T037,fisico,47.0,29589.82,13660.11,15929.71,53.84,11848.36,0,29
26,CN-00026,ERP-PROV-MX-026-A,Premium Cafe Molido,inferido,T016,fisico,43.0,6671.18,3777.89,2893.29,43.37,1973.13,0,29
31,CN-00031,ERP-PROV-MX-031-A,Termo Mercancia,inferido,T036,fisico,55.0,29622.68,12916.0,16706.68,56.4,12620.79,0,36
58,CN-00058,ERP-PROV-MX-058-A,Chai Bebidas,explicito,T010,fisico,35.0,2693.76,937.75,1756.01,65.19,1384.46,0,25
42,CN-00042,ERP-PROV-MX-042-A,Quiche Comida Caliente,explicito,T019,fisico,42.0,3680.91,1649.98,2030.93,55.17,1523.22,0,30
48,CN-00048,ERP-PROV-MX-048-C,Bolillo Panaderia,explicito,T025,fisico,39.0,971.01,377.22,593.79,61.15,459.86,0,23
44,CN-00044,ERP-PROV-MX-044-A,Filtros Mercancia,explicito,T003,fisico,52.0,13048.38,8804.89,4243.49,32.52,2443.71,0,32
64,CN-00064,ERP-PROV-MX-064-C,Frappé Bebidas,explicito,T012,fisico,43.0,3581.56,1321.69,2259.87,63.1,1765.86,0,33
36,CN-00036,ERP-PROV-MX-036-A,Gourmet Cafe Grano,inferido,T029,fisico,63.0,19887.15,11785.64,8101.51,40.74,5358.45,0,37
18,CN-00018,ERP-PROV-MX-018-A,Tradicional Cafe Molido,explicito,T004,fisico,42.0,9896.29,5564.23,4332.06,43.77,2967.05,0,32
44,CN-00044,ERP-PROV-MX-044-A,Filtros Mercancia,explicito,T035,fisico,59.0,14790.0,10030.46,4759.54,32.18,2719.54,0,41
26,CN-00026,ERP-PROV-MX-026-A,Premium Cafe Molido,inferido,T031,fisico,43.0,6768.64,3792.56,2976.08,43.97,2042.47,0,31
18,CN-00018,ERP-PROV-MX-018-A,Tradicional Cafe Molido,explicito,T012,fisico,36.0,8536.67,4762.26,3774.41,44.21,2596.94,0,30
44,CN-00044,ERP-PROV-MX-044-A,Filtros Mercancia,explicito,T005,fisico,19.0,4729.42,3179.95,1549.47,32.76,897.14,0,19
29,CN-00029,ERP-PROV-MX-029-C,Termo Mercancia,explicito,T004,fisico,36.0,22485.35,11172.26,11313.09,50.31,8211.66,0,31
58,CN-00058,ERP-PROV-MX-058-A,Chai Bebidas,explicito,T022,fisico,44.0,3396.43,1203.16,2193.27,64.58,1724.8,0,33
23,CN-00023,ERP-PROV-MX-023-B,Ensalada Comida Caliente,explicito,T009,fisico,35.0,5507.92,2784.4,2723.52,49.45,1963.81,0,24
3,CN-00003,ERP-PROV-MX-003-D,Filtros Mercancia,explicito,T005,fisico,49.0,8012.12,3741.81,4270.31,53.3,3165.19,0,28
1,CN-00001,ERP-PROV-MX-001-A,Sándwich Comida Caliente,inferido,T039,fisico,35.0,2593.4,2957.3,-363.9,-14.03,-721.61,30,30
22,CN-00022,ERP-PROV-MX-022-A,Ensalada Comida Caliente,explicito,T031,fisico,37.0,6281.1,3555.96,2725.14,43.39,1858.78,0,28
1,CN-00001,ERP-PROV-MX-001-A,Sándwich Comida Caliente,inferido,T026,fisico,49.0,3673.85,4159.25,-485.4,-13.21,-992.14,33,33
1,CN-00001,ERP-PROV-MX-001-A,Sándwich Comida Caliente,inferido,T020,fisico,49.0,3672.47,4116.0,-443.53,-12.08,-950.08,29,29
60,CN-00060,ERP-PROV-MX-060-A,Espresso Cafe Grano,explicito,T010,fisico,52.0,10168.3,6550.23,3618.07,35.58,2215.55,0,31
15,CN-00015,ERP-PROV-MX-015-D,Especial Cafe Molido,explicito,T039,fisico,44.0,15918.0,20917.68,-4999.68,-31.41,-7195.27,29,29
26,CN-00026,ERP-PROV-MX-026-A,Premium Cafe Molido,inferido,T021,fisico,29.0,4508.0,2560.87,1947.13,43.19,1325.34,0,25
38,CN-00038,ERP-PROV-MX-038-A,Selección Cafe Grano,explicito,T009,fisico,56.0,19166.95,13278.08,5888.87,30.72,3245.15,0,37
35,CN-00035,ERP-PROV-MX-035-A,Sándwich Comida Caliente,explicito,T028,fisico,35.0,4852.35,3290.95,1561.4,32.18,892.11,0,27
27,CN-00027,ERP-PROV-MX-027-B,Latte Bebidas,explicito,T037,fisico,47.0,4243.52,1574.62,2668.9,62.89,2083.59,0,28
23,CN-00023,ERP-PROV-MX-023-B,Ensalada Comida Caliente,explicito,T027,fisico,35.0,5539.8,2734.08,2805.72,50.65,2041.61,0,33
21,CN-00021,ERP-PROV-MX-021-A,Concha Panaderia,inferido,T031,fisico,32.0,822.09,366.81,455.28,55.38,341.89,0,24
63,CN-00063,ERP-PROV-MX-063-C,Gourmet Cafe Molido,explicito,T020,fisico,44.0,3741.01,2301.05,1439.96,38.49,923.96,0,31
60,CN-00060,ERP-PROV-MX-060-A,Espresso Cafe Grano,explicito,T039,fisico,65.0,12831.36,8164.38,4666.98,36.37,2897.14,0,35
58,CN-00058,ERP-PROV-MX-058-A,Chai Bebidas,explicito,T028,fisico,52.0,4010.95,1420.68,2590.27,64.58,2037.04,0,36
60,CN-00060,ERP-PROV-MX-060-A,Espresso Cafe Grano,explicito,T015,fisico,41.0,7933.97,5172.1,2761.87,34.81,1667.53,0,28
64,CN-00064,ERP-PROV-MX-064-C,Frappé Bebidas,explicito,T024,fisico,30.0,2520.42,925.73,1594.69,63.27,1247.05,0,21
31,CN-00031,ERP-PROV-MX-031-A,Termo Mercancia,inferido,T003,fisico,35.0,18925.57,8108.36,10817.21,57.16,8206.79,0,29
1,CN-00001,ERP-PROV-MX-001-A,Sándwich Comida Caliente,inferido,T013,fisico,43.0,3189.39,3629.3,-439.91,-13.79,-879.83,28,28
35,CN-00035,ERP-PROV-MX-035-A,Sándwich Comida Caliente,explicito,T036,fisico,55.0,7634.24,5186.84,2447.4,32.06,1394.4,0,31
22,CN-00022,ERP-PROV-MX-022-A,Ensalada Comida Caliente,explicito,T006,fisico,40.0,6811.6,3840.51,2971.09,43.62,2031.56,0,27
21,CN-00021,ERP-PROV-MX-021-A,Concha Panaderia,inferido,T039,fisico,59.0,1514.44,676.84,837.6,55.31,628.71,0,30
22,CN-00022,ERP-PROV-MX-022-A,Ensalada Comida Caliente,explicito,T016,fisico,28.0,4710.31,2693.41,2016.9,42.82,1367.2,0,25
39,CN-00039,ERP-PROV-MX-039-B,Taza Mercancia,explicito,T012,fisico,47.0,37171.98,21719.7,15452.28,41.57,10325.11,0,30
40,CN-00040,ERP-PROV-MX-040-A,Chocolate Bebidas,explicito,T006,fisico,45.0,2406.01,775.92,1630.09,67.75,1298.23,0,29
28,CN-00028,ERP-PROV-MX-028-D,Selección Cafe Molido,explicito,T035,fisico,51.0,19713.1,10255.69,9457.41,47.98,6738.36,0,41
8,CN-00008,ERP-PROV-MX-008-C,Empanada Panaderia,explicito,T029,fisico,27.0,1044.43,572.17,472.26,45.22,328.2,0,23
7,CN-00007,ERP-PROV-MX-007-D,Selección Cafe Grano,explicito,T039,fisico,37.0,9225.28,6937.81,2287.47,24.8,1015.02,0,23
9,CN-00009,ERP-PROV-MX-009-B,Termo Mercancia,explicito,T021,fisico,59.0,36041.17,15393.41,20647.76,57.29,15676.56,0,36
47,CN-00047,ERP-PROV-MX-047-B,Filtros Mercancia,explicito,T019,fisico,41.0,20360.3,13050.67,7309.63,35.9,4501.31,0,28
20,CN-00020,ERP-PROV-MX-020-C,Taza Mercancia,explicito,T039,fisico,43.0,26165.14,11080.03,15085.11,57.65,11476.13,0,28
20,CN-00020,ERP-PROV-MX-020-C,Taza Mercancia,explicito,T022,fisico,47.0,28038.45,11978.39,16060.06,57.28,12192.69,0,33
9,CN-00009,ERP-PROV-MX-009-B,Termo Mercancia,explicito,T038,fisico,50.0,31103.68,13264.82,17838.86,57.35,13548.7,0,35
70,CN-00070,ERP-PROV-MX-070-D,Molinillo Mercancia,explicito,T011,fisico,33.0,12465.75,7814.28,4651.47,37.31,2932.06,0,25
16,CN-00016,ERP-PROV-MX-016-C,Quiche Comida Caliente,inferido,T026,fisico,57.0,4912.67,2462.02,2450.65,49.88,1773.04,0,34
65,CN-00065,ERP-PROV-MX-065-D,Estándar Cafe Molido,explicito,T028,fisico,31.0,6258.15,3176.63,3081.52,49.24,2218.33,0,21
17,CN-00017,ERP-PROV-MX-017-B,Quiche Comida Caliente,explicito,T030,fisico,37.0,5983.2,2960.38,3022.82,50.52,2197.55,0,30
40,CN-00040,ERP-PROV-MX-040-A,Chocolate Bebidas,explicito,T002,fisico,45.0,2420.96,773.04,1647.92,68.07,1313.99,0,24
56,CN-00056,ERP-PROV-MX-056-C,Empanada Panaderia,explicito,T033,fisico,26.0,417.73,206.34,211.39,50.6,153.77,0,25
16,CN-00016,ERP-PROV-MX-016-C,Quiche Comida Caliente,inferido,T018,fisico,60.0,5214.71,2582.4,2632.31,50.48,1913.04,0,44
19,CN-00019,ERP-PROV-MX-019-D,Gourmet Cafe Molido,explicito,T008,fisico,38.0,10276.1,5663.2,4612.9,44.89,3195.51,0,27
57,CN-00057,ERP-PROV-MX-057-C,Premium Cafe Grano,explicito,T007,fisico,32.0,5916.74,2915.32,3001.42,50.73,2185.32,0,26
50,CN-00050,ERP-PROV-MX-050-A,Chai Bebidas,explicito,T009,fisico,49.0,4425.42,2028.58,2396.84,54.16,1786.44,0,36
37,CN-00037,ERP-PROV-MX-037-C,Tradicional Cafe Molido,explicito,T004,fisico,36.0,8013.23,4343.59,3669.64,45.79,2564.37,0,26
5,CN-00005,ERP-PROV-MX-005-C,Croissant Panaderia,explicito,T003,fisico,53.0,1084.91,685.47,399.44,36.82,249.8,0,36
54,CN-00054,ERP-PROV-MX-054-B,Espresso Cafe Molido,explicito,T008,fisico,39.0,4461.62,2248.86,2212.76,49.6,1597.36,0,32
6,CN-00006,ERP-PROV-MX-006-C,Estándar Cafe Grano,inferido,T025,fisico,48.0,9733.31,4822.54,4910.77,50.45,3568.24,0,26
14,CN-00014,ERP-PROV-MX-014-D,Descafeinado Cafe Grano,explicito,T012,fisico,41.0,14043.94,8751.91,5292.03,37.68,3354.93,0,26
57,CN-00057,ERP-PROV-MX-057-C,Premium Cafe Grano,explicito,T027,fisico,37.0,6843.36,3368.93,3474.43,50.77,2530.52,0,30
69,CN-00069,ERP-PROV-MX-069-C,Estándar Cafe Grano,explicito,T010,fisico,43.0,15539.83,8149.47,7390.36,47.56,5246.94,0,26
46,CN-00046,ERP-PROV-MX-046-A,Termo Mercancia,inferido,T040,fisico,38.0,20104.69,9018.69,11086.0,55.14,8312.94,0,29
49,CN-00049,ERP-PROV-MX-049-A,Mocha Bebidas,explicito,T011,fisico,61.0,5362.35,2092.52,3269.83,60.98,2530.2,0,34
34,CN-00034,ERP-PROV-MX-034-D,Estándar Cafe Molido,explicito,T003,fisico,40.0,4343.19,2623.33,1719.86,39.6,1120.8,0,28
67,CN-00067,ERP-PROV-MX-067-C,Premium Cafe Molido,explicito,T025,fisico,45.0,13236.81,7329.71,5907.1,44.63,4081.33,0,31
67,CN-00067,ERP-PROV-MX-067-C,Premium Cafe Molido,explicito,T040,fisico,47.0,13572.62,7738.08,5834.54,42.99,3962.45,0,29
61,CN-00061,ERP-PROV-MX-061-D,Descafeinado Cafe Molido,explicito,T005,fisico,42.0,12473.01,6954.9,5518.11,44.24,3797.69,0,32
62,CN-00062,ERP-PROV-MX-062-B,Wrap Comida Caliente,explicito,T009,fisico,30.0,4949.32,2301.57,2647.75,53.5,1965.09,0,29
5,CN-00005,ERP-PROV-MX-005-C,Croissant Panaderia,explicito,T022,fisico,58.0,1190.84,757.96,432.88,36.35,268.63,0,33
62,CN-00062,ERP-PROV-MX-062-B,Wrap Comida Caliente,explicito,T025,fisico,48.0,7885.28,3704.46,4180.82,53.02,3093.2,0,32
43,CN-00043,ERP-PROV-MX-043-A,Filtros Mercancia,explicito,T039,fisico,35.0,6458.47,3032.92,3425.55,53.04,2534.73,0,26
61,CN-00061,ERP-PROV-MX-061-D,Descafeinado Cafe Molido,explicito,T033,fisico,49.0,14411.23,8097.39,6313.84,43.81,4326.08,0,34
37,CN-00037,ERP-PROV-MX-037-C,Tradicional Cafe Molido,explicito,T013,fisico,44.0,9738.12,5451.58,4286.54,44.02,2943.35,0,30
69,CN-00069,ERP-PROV-MX-069-C,Estándar Cafe Grano,explicito,T030,fisico,36.0,13261.16,6935.16,6326.0,47.7,4496.87,0,28
5,CN-00005,ERP-PROV-MX-005-C,Croissant Panaderia,explicito,T009,fisico,41.0,836.69,535.98,300.71,35.94,185.3,0,30
46,CN-00046,ERP-PROV-MX-046-A,Termo Mercancia,inferido,T002,fisico,37.0,19626.45,8818.32,10808.13,55.07,8101.03,0,28
59,CN-00059,ERP-PROV-MX-059-B,Orgánico Cafe Grano,explicito,T014,fisico,28.0,7130.73,5027.92,2102.81,29.49,1119.26,0,22
30,CN-00030,ERP-PROV-MX-030-C,Molinillo Mercancia,explicito,T027,fisico,38.0,8436.65,4232.1,4204.55,49.84,3040.87,0,29
69,CN-00069,ERP-PROV-MX-069-C,Estándar Cafe Grano,explicito,T002,fisico,45.0,16460.69,8638.98,7821.71,47.52,5551.27,0,34
33,CN-00033,ERP-PROV-MX-033-D,Especial Cafe Molido,explicito,T022,fisico,29.0,7619.94,4435.6,3184.34,41.79,2133.31,0,22
43,CN-00043,ERP-PROV-MX-043-A,Filtros Mercancia,explicito,T027,fisico,56.0,10381.43,4857.6,5523.83,53.21,4091.91,0,37
2,CN-00002,ERP-PROV-MX-002-B,Sándwich Comida Caliente,explicito,T005,fisico,39.0,5136.71,6608.29,-1471.58,-28.65,-2180.09,30,30
12,CN-00012,ERP-PROV-MX-012-B,Sándwich Comida Caliente,explicito,T007,fisico,42.0,5591.53,2391.97,3199.56,57.22,2428.31,0,28
13,CN-00013,ERP-PROV-MX-013-B,Selección Cafe Molido,explicito,T035,fisico,77.0,15512.8,10749.68,4763.12,30.7,2623.42,0,41
14,CN-00014,ERP-PROV-MX-014-D,Descafeinado Cafe Grano,explicito,T032,fisico,35.0,12144.16,7410.89,4733.27,38.98,3058.21,0,23
33,CN-00033,ERP-PROV-MX-033-D,Especial Cafe Molido,explicito,T013,fisico,46.0,12155.69,7075.84,5079.85,41.79,3403.2,0,27
55,CN-00055,ERP-PROV-MX-055-C,Termo Mercancia,explicito,T015,fisico,31.0,19401.97,8995.69,10406.28,53.64,7730.15,0,19
18,CN-00018,ERP-PROV-MX-018-A,Tradicional Cafe Molido,explicito,T038,fisico,44.0,10416.1,5786.58,4629.52,44.45,3192.82,0,31
31,CN-00031,ERP-PROV-MX-031-A,Termo Mercancia,inferido,T038,fisico,42.0,22811.23,9937.76,12873.47,56.43,9727.09,0,29
36,CN-00036,ERP-PROV-MX-036-A,Gourmet Cafe Grano,inferido,T035,fisico,36.0,11339.02,6779.54,4559.48,40.21,2995.48,0,26
44,CN-00044,ERP-PROV-MX-044-A,Filtros Mercancia,explicito,T010,fisico,59.0,14786.88,10039.52,4747.36,32.11,2707.79,0,39
63,CN-00063,ERP-PROV-MX-063-C,Gourmet Cafe Molido,explicito,T016,fisico,43.0,3610.63,2323.44,1287.19,35.65,789.17,0,24
22,CN-00022,ERP-PROV-MX-022-A,Ensalada Comida Caliente,explicito,T025,fisico,28.0,4802.39,2695.43,2106.96,43.87,1444.56,0,20
38,CN-00038,ERP-PROV-MX-038-A,Selección Cafe Grano,explicito,T030,fisico,49.0,16687.18,11501.92,5185.26,31.07,2883.58,0,34
23,CN-00023,ERP-PROV-MX-023-B,Ensalada Comida Caliente,explicito,T003,fisico,56.0,8785.36,4517.62,4267.74,48.58,3055.97,0,39
1,CN-00001,ERP-PROV-MX-001-A,Sándwich Comida Caliente,inferido,T025,fisico,29.0,2148.36,2436.0,-287.64,-13.39,-583.97,27,27
10,CN-00010,ERP-PROV-MX-010-D,Descafeinado Cafe Grano,explicito,T019,fisico,41.0,14902.28,7226.94,7675.34,51.5,5619.85,0,32
22,CN-00022,ERP-PROV-MX-022-A,Ensalada Comida Caliente,explicito,T023,fisico,46.0,7825.56,4427.4,3398.16,43.42,2318.77,0,34
18,CN-00018,ERP-PROV-MX-018-A,Tradicional Cafe Molido,explicito,T006,fisico,46.0,11022.59,6097.73,4924.86,44.68,3404.5,0,19
27,CN-00027,ERP-PROV-MX-027-B,Latte Bebidas,explicito,T028,fisico,31.0,2777.56,998.84,1778.72,64.04,1395.61,0,25
58,CN-00058,ERP-PROV-MX-058-A,Chai Bebidas,explicito,T039,fisico,41.0,3170.51,1093.09,2077.42,65.52,1640.11,0,31
35,CN-00035,ERP-PROV-MX-035-A,Sándwich Comida Caliente,explicito,T017,fisico,49.0,6829.53,4652.84,2176.69,31.87,1234.69,0,38
19,CN-00019,ERP-PROV-MX-019-D,Gourmet Cafe Molido,explicito,T011,fisico,54.0,14695.86,7948.29,6747.57,45.91,4720.55,0,34
66,CN-00066,ERP-PROV-MX-066-B,Mocha Bebidas,explicito,T025,fisico,28.0,1623.22,585.37,1037.85,63.94,813.96,0,22
65,CN-00065,ERP-PROV-MX-065-D,Estándar Cafe Molido,explicito,T036,fisico,39.0,7883.8,3996.25,3887.55,49.31,2800.13,0,24
16,CN-00016,ERP-PROV-MX-016-C,Quiche Comida Caliente,inferido,T008,fisico,38.0,3295.61,1656.74,1638.87,49.73,1184.3,0,31
11,CN-00011,ERP-PROV-MX-011-C,Bolillo Panaderia,inferido,T023,fisico,48.0,1371.56,621.09,750.47,54.72,561.29,0,34
9,CN-00009,ERP-PROV-MX-009-B,Termo Mercancia,explicito,T006,fisico,49.0,30082.57,13005.84,17076.73,56.77,12927.41,0,36
20,CN-00020,ERP-PROV-MX-020-C,Taza Mercancia,explicito,T012,fisico,31.0,18798.54,7912.07,10886.47,57.91,8293.57,0,29
56,CN-00056,ERP-PROV-MX-056-C,Empanada Panaderia,explicito,T010,fisico,54.0,879.17,424.54,454.63,51.71,333.37,0,33
32,CN-00032,ERP-PROV-MX-032-D,Americano Cafe Grano,explicito,T007,fisico,30.0,2983.6,1427.75,1555.85,52.15,1144.32,0,23
52,CN-00052,ERP-PROV-MX-052-C,Americano Cafe Molido,explicito,T013,fisico,47.0,7950.85,5281.8,2669.05,33.57,1572.38,0,36
56,CN-00056,ERP-PROV-MX-056-C,Empanada Panaderia,explicito,T037,fisico,29.0,478.46,229.72,248.74,51.99,182.75,0,26
11,CN-00011,ERP-PROV-MX-011-C,Bolillo Panaderia,inferido,T031,fisico,51.0,1452.99,678.96,774.03,53.27,573.62,0,35
19,CN-00019,ERP-PROV-MX-019-D,Gourmet Cafe Molido,explicito,T012,fisico,35.0,9419.86,5172.54,4247.32,45.09,2948.03,0,25
39,CN-00039,ERP-PROV-MX-039-B,Taza Mercancia,explicito,T009,fisico,35.0,27981.17,16311.58,11669.59,41.71,7810.12,0,29
2,CN-00002,ERP-PROV-MX-002-B,Sándwich Comida Caliente,explicito,T026,fisico,28.0,3672.48,4730.08,-1057.6,-28.8,-1564.15,26,26
34,CN-00034,ERP-PROV-MX-034-D,Estándar Cafe Molido,explicito,T020,fisico,51.0,5528.04,3309.87,2218.17,40.13,1455.68,0,37
54,CN-00054,ERP-PROV-MX-054-B,Espresso Cafe Molido,explicito,T006,fisico,53.0,6082.88,3031.76,3051.12,50.16,2212.1,0,29
53,CN-00053,ERP-PROV-MX-053-A,Sándwich Comida Caliente,explicito,T035,fisico,46.0,6400.86,3621.69,2779.17,43.42,1896.29,0,30
2,CN-00002,ERP-PROV-MX-002-B,Sándwich Comida Caliente,explicito,T029,fisico,73.0,9580.23,12336.16,-2755.93,-28.77,-4077.34,35,35
61,CN-00061,ERP-PROV-MX-061-D,Descafeinado Cafe Molido,explicito,T021,fisico,48.0,14153.52,7888.89,6264.63,44.26,4312.42,0,30
61,CN-00061,ERP-PROV-MX-061-D,Descafeinado Cafe Molido,explicito,T027,fisico,32.0,9384.7,5315.32,4069.38,43.36,2774.94,0,24
6,CN-00006,ERP-PROV-MX-006-C,Estándar Cafe Grano,inferido,T010,fisico,34.0,6837.13,3506.49,3330.64,48.71,2387.59,0,26
49,CN-00049,ERP-PROV-MX-049-A,Mocha Bebidas,explicito,T024,fisico,57.0,5012.8,1941.41,3071.39,61.27,2379.97,0,44
50,CN-00050,ERP-PROV-MX-050-A,Chai Bebidas,explicito,T031,fisico,43.0,3929.3,1771.11,2158.19,54.93,1616.22,0,32
53,CN-00053,ERP-PROV-MX-053-A,Sándwich Comida Caliente,explicito,T019,fisico,61.0,8521.28,4758.05,3763.23,44.16,2587.88,0,34
14,CN-00014,ERP-PROV-MX-014-D,Descafeinado Cafe Grano,explicito,T029,fisico,44.0,15264.56,9409.45,5855.11,38.36,3749.65,0,34
37,CN-00037,ERP-PROV-MX-037-C,Tradicional Cafe Molido,explicito,T015,fisico,32.0,7130.67,3925.76,3204.91,44.95,2221.37,0,28
43,CN-00043,ERP-PROV-MX-043-A,Filtros Mercancia,explicito,T017,fisico,44.0,8230.88,3845.68,4385.2,53.28,3249.91,0,27
61,CN-00061,ERP-PROV-MX-061-D,Descafeinado Cafe Molido,explicito,T040,fisico,33.0,9659.87,5438.42,4221.45,43.7,2889.05,0,27
2,CN-00002,ERP-PROV-MX-002-B,Sándwich Comida Caliente,explicito,T036,fisico,70.0,9182.84,11884.38,-2701.54,-29.42,-3968.14,38,38
55,CN-00055,ERP-PROV-MX-055-C,Termo Mercancia,explicito,T002,fisico,61.0,38551.28,17712.9,20838.38,54.05,15520.96,0,40
60,CN-00060,ERP-PROV-MX-060-A,Espresso Cafe Grano,explicito,T013,fisico,29.0,5742.76,3647.29,2095.47,36.49,1303.37,0,27
45,CN-00045,ERP-PROV-MX-045-D,Especial Cafe Grano,explicito,T002,fisico,42.0,4148.18,2744.05,1404.13,33.85,831.97,0,28
25,CN-00025,ERP-PROV-MX-025-C,Latte Bebidas,explicito,T016,fisico,30.0,1464.07,473.28,990.79,67.67,788.85,0,22
26,CN-00026,ERP-PROV-MX-026-A,Premium Cafe Molido,inferido,T024,fisico,28.0,4337.47,2473.24,1864.23,42.98,1265.96,0,21
3,CN-00003,ERP-PROV-MX-003-D,Filtros Mercancia,explicito,T039,fisico,36.0,5886.53,2739.2,3147.33,53.47,2335.39,0,27
44,CN-00044,ERP-PROV-MX-044-A,Filtros Mercancia,explicito,T011,fisico,49.0,12222.44,8322.28,3900.16,31.91,2214.31,0,30
25,CN-00025,ERP-PROV-MX-025-C,Latte Bebidas,explicito,T030,fisico,33.0,1615.04,521.69,1093.35,67.7,870.59,0,23
10,CN-00010,ERP-PROV-MX-010-D,Descafeinado Cafe Grano,explicito,T020,fisico,45.0,16032.27,7946.62,8085.65,50.43,5874.3,0,29
1,CN-00001,ERP-PROV-MX-001-A,Sándwich Comida Caliente,inferido,T009,fisico,37.0,2760.49,3108.0,-347.51,-12.59,-728.27,24,24
44,CN-00044,ERP-PROV-MX-044-A,Filtros Mercancia,explicito,T016,fisico,29.0,7247.44,4914.56,2332.88,32.19,1333.23,0,25
25,CN-00025,ERP-PROV-MX-025-C,Latte Bebidas,explicito,T031,fisico,42.0,2038.77,663.14,1375.63,67.47,1094.42,0,27
1,CN-00001,ERP-PROV-MX-001-A,Sándwich Comida Caliente,inferido,T021,fisico,60.0,4456.31,5040.0,-583.69,-13.1,-1198.35,32,32
36,CN-00036,ERP-PROV-MX-036-A,Gourmet Cafe Grano,inferido,T006,fisico,59.0,18524.12,11073.27,7450.85,40.22,4895.8,0,33
12,CN-00012,ERP-PROV-MX-012-B,Sándwich Comida Caliente,explicito,T018,fisico,30.0,3975.78,1707.17,2268.61,57.06,1720.23,0,22
39,CN-00039,ERP-PROV-MX-039-B,Taza Mercancia,explicito,T008,fisico,31.0,24588.99,14352.5,10236.49,41.63,6844.91,0,27
6,CN-00006,ERP-PROV-MX-006-C,Estándar Cafe Grano,inferido,T022,fisico,57.0,11404.39,5769.06,5635.33,49.41,4062.31,0,38
46,CN-00046,ERP-PROV-MX-046-A,Termo Mercancia,inferido,T032,fisico,54.0,28729.45,12672.27,16057.18,55.89,12094.5,0,36
62,CN-00062,ERP-PROV-MX-062-B,Wrap Comida Caliente,explicito,T026,fisico,49.0,8127.78,3722.72,4405.06,54.2,3283.99,0,39
62,CN-00062,ERP-PROV-MX-062-B,Wrap Comida Caliente,explicito,T014,fisico,40.0,6620.0,3049.56,3570.44,53.93,2657.34,0,34
34,CN-00034,ERP-PROV-MX-034-D,Estándar Cafe Molido,explicito,T019,fisico,51.0,5581.02,3323.2,2257.82,40.46,1488.02,0,34
5,CN-00005,ERP-PROV-MX-005-C,Croissant Panaderia,explicito,T016,fisico,46.0,931.75,602.45,329.3,35.34,200.78,0,31
37,CN-00037,ERP-PROV-MX-037-C,Tradicional Cafe Molido,explicito,T035,fisico,60.0,13440.23,7402.25,6037.98,44.92,4184.16,0,43
38,CN-00038,ERP-PROV-MX-038-A,Selección Cafe Grano,explicito,T012,fisico,23.0,7787.4,5402.48,2384.92,30.63,1310.8,0,20
15,CN-00015,ERP-PROV-MX-015-D,Especial Cafe Molido,explicito,T027,fisico,52.0,18794.21,24737.36,-5943.15,-31.62,-8535.45,34,34
10,CN-00010,ERP-PROV-MX-010-D,Descafeinado Cafe Grano,explicito,T027,fisico,34.0,12283.48,6044.52,6238.96,50.79,4544.69,0,25
29,CN-00029,ERP-PROV-MX-029-C,Termo Mercancia,explicito,T018,fisico,38.0,23542.28,11832.15,11710.13,49.74,8462.92,0,29
5,CN-00005,ERP-PROV-MX-005-C,Croissant Panaderia,explicito,T013,fisico,43.0,879.77,561.77,318.0,36.15,196.65,0,29
59,CN-00059,ERP-PROV-MX-059-B,Orgánico Cafe Grano,explicito,T020,fisico,55.0,14070.09,9804.32,4265.77,30.32,2325.07,0,26
33,CN-00033,ERP-PROV-MX-033-D,Especial Cafe Molido,explicito,T036,fisico,28.0,7421.05,4317.28,3103.77,41.82,2080.18,0,19
37,CN-00037,ERP-PROV-MX-037-C,Tradicional Cafe Molido,explicito,T014,fisico,43.0,9614.68,5226.61,4388.07,45.64,3061.91,0,29
20,CN-00020,ERP-PROV-MX-020-C,Taza Mercancia,explicito,T015,fisico,30.0,17833.3,7673.43,10159.87,56.97,7700.1,0,25
9,CN-00009,ERP-PROV-MX-009-B,Termo Mercancia,explicito,T029,fisico,36.0,22070.67,9406.89,12663.78,57.38,9619.55,0,27
39,CN-00039,ERP-PROV-MX-039-B,Taza Mercancia,explicito,T039,fisico,44.0,35221.5,20333.06,14888.44,42.27,10030.3,0,32
65,CN-00065,ERP-PROV-MX-065-D,Estándar Cafe Molido,explicito,T013,fisico,36.0,7215.58,3690.41,3525.17,48.85,2529.92,0,21
60,CN-00060,ERP-PROV-MX-060-A,Espresso Cafe Grano,explicito,T034,fisico,42.0,8234.89,5271.42,2963.47,35.99,1827.62,0,27
45,CN-00045,ERP-PROV-MX-045-D,Especial Cafe Grano,explicito,T001,fisico,35.0,3441.55,2286.62,1154.93,33.56,680.23,0,28
26,CN-00026,ERP-PROV-MX-026-A,Premium Cafe Molido,inferido,T025,fisico,22.0,3451.14,1927.86,1523.28,44.14,1047.26,0,14
3,CN-00003,ERP-PROV-MX-003-D,Filtros Mercancia,explicito,ECOMMERCE,ecommerce,440.0,74540.77,33725.41,40815.36,54.76,30533.88,0,320
59,CN-00059,ERP-PROV-MX-059-B,Orgánico Cafe Grano,explicito,ECOMMERCE,ecommerce,388.0,103419.07,70643.08,32775.99,31.69,18511.29,0,288
31,CN-00031,ERP-PROV-MX-031-A,Termo Mercancia,inferido,T019,fisico,36.0,19541.12,8315.84,11225.28,57.44,8529.95,0,25
44,CN-00044,ERP-PROV-MX-044-A,Filtros Mercancia,explicito,T033,fisico,37.0,9290.81,6302.08,2988.73,32.17,1707.24,0,39
25,CN-00025,ERP-PROV-MX-025-C,Latte Bebidas,explicito,T012,fisico,54.0,2607.02,852.16,1754.86,67.31,1395.27,0,39
63,CN-00063,ERP-PROV-MX-063-C,Gourmet Cafe Molido,explicito,T026,fisico,47.0,3982.17,2535.67,1446.5,36.32,897.24,0,34
64,CN-00064,ERP-PROV-MX-064-C,Frappé Bebidas,explicito,T004,fisico,31.0,2602.93,950.75,1652.18,63.47,1293.16,0,25
60,CN-00060,ERP-PROV-MX-060-A,Espresso Cafe Grano,explicito,T008,fisico,40.0,7923.46,5045.32,2878.14,36.32,1785.25,0,25
58,CN-00058,ERP-PROV-MX-058-A,Chai Bebidas,explicito,T018,fisico,53.0,4108.18,1436.17,2672.01,65.04,2105.36,0,31
44,CN-00044,ERP-PROV-MX-044-A,Filtros Mercancia,explicito,T039,fisico,62.0,15415.63,10485.56,4930.07,31.98,2803.78,0,32
38,CN-00038,ERP-PROV-MX-038-A,Selección Cafe Grano,explicito,T035,fisico,51.0,17489.05,12060.8,5428.25,31.04,3015.97,0,29
45,CN-00045,ERP-PROV-MX-045-D,Especial Cafe Grano,explicito,T021,fisico,48.0,4776.49,3131.18,1645.31,34.45,986.48,0,31
44,CN-00044,ERP-PROV-MX-044-A,Filtros Mercancia,explicito,T020,fisico,40.0,10008.03,6821.59,3186.44,31.84,1806.02,0,30
29,CN-00029,ERP-PROV-MX-029-C,Termo Mercancia,explicito,T009,fisico,50.0,31212.72,15527.21,15685.51,50.25,11380.31,0,29
42,CN-00042,ERP-PROV-MX-042-A,Quiche Comida Caliente,explicito,T039,fisico,59.0,5152.46,2347.62,2804.84,54.44,2094.16,0,33
18,CN-00018,ERP-PROV-MX-018-A,Tradicional Cafe Molido,explicito,T007,fisico,64.0,15165.45,8626.17,6539.28,43.12,4447.49,0,37
10,CN-00010,ERP-PROV-MX-010-D,Descafeinado Cafe Grano,explicito,T017,fisico,63.0,22763.89,11104.95,11658.94,51.22,8519.09,0,38
29,CN-00029,ERP-PROV-MX-029-C,Termo Mercancia,explicito,T027,fisico,40.0,25090.58,12542.91,12547.67,50.01,9086.9,0,27
38,CN-00038,ERP-PROV-MX-038-A,Selección Cafe Grano,explicito,T032,fisico,46.0,15615.82,10843.84,4771.98,30.56,2618.07,0,30
18,CN-00018,ERP-PROV-MX-018-A,Tradicional Cafe Molido,explicito,T028,fisico,56.0,13333.61,7477.6,5856.01,43.92,4016.89,0,38
38,CN-00038,ERP-PROV-MX-038-A,Selección Cafe Grano,explicito,T007,fisico,43.0,14673.29,10094.48,4578.81,31.21,2554.91,0,30
29,CN-00029,ERP-PROV-MX-029-C,Termo Mercancia,explicito,T035,fisico,58.0,36234.24,17893.91,18340.33,50.62,13342.5,0,33
3,CN-00003,ERP-PROV-MX-003-D,Filtros Mercancia,explicito,T027,fisico,43.0,7012.0,3276.25,3735.75,53.28,2768.58,0,30
36,CN-00036,ERP-PROV-MX-036-A,Gourmet Cafe Grano,inferido,T040,fisico,50.0,15704.01,9351.39,6352.62,40.45,4186.55,0,33
26,CN-00026,ERP-PROV-MX-026-A,Premium Cafe Molido,inferido,T026,fisico,45.0,6948.14,3977.62,2970.52,42.75,2012.16,0,20
48,CN-00048,ERP-PROV-MX-048-C,Bolillo Panaderia,explicito,T031,fisico,46.0,1141.87,435.72,706.15,61.84,548.65,0,35
45,CN-00045,ERP-PROV-MX-045-D,Especial Cafe Grano,explicito,T009,fisico,26.0,2576.24,1697.49,878.75,34.11,523.41,0,21
23,CN-00023,ERP-PROV-MX-023-B,Ensalada Comida Caliente,explicito,T037,fisico,59.0,9280.3,4700.34,4579.96,49.35,3299.92,0,39
35,CN-00035,ERP-PROV-MX-035-A,Sándwich Comida Caliente,explicito,T001,fisico,54.0,7645.84,5015.88,2629.96,34.4,1575.36,0,37
58,CN-00058,ERP-PROV-MX-058-A,Chai Bebidas,explicito,T038,fisico,36.0,2769.35,959.44,1809.91,65.36,1427.93,0,28
15,CN-00015,ERP-PROV-MX-015-D,Especial Cafe Molido,explicito,T012,fisico,36.0,13077.33,17051.04,-3973.71,-30.39,-5777.48,20,20
29,CN-00029,ERP-PROV-MX-029-C,Termo Mercancia,explicito,T040,fisico,33.0,20648.66,10260.52,10388.14,50.31,7540.05,0,24
63,CN-00063,ERP-PROV-MX-063-C,Gourmet Cafe Molido,explicito,T034,fisico,34.0,2886.24,1832.24,1054.0,36.52,655.9,0,27
58,CN-00058,ERP-PROV-MX-058-A,Chai Bebidas,explicito,T020,fisico,30.0,2340.55,812.5,1528.05,65.29,1205.22,0,19
21,CN-00021,ERP-PROV-MX-021-A,Concha Panaderia,inferido,T017,fisico,44.0,1124.58,504.85,619.73,55.11,464.62,0,33
25,CN-00025,ERP-PROV-MX-025-C,Latte Bebidas,explicito,T033,fisico,42.0,2040.25,660.96,1379.29,67.6,1097.88,0,24
63,CN-00063,ERP-PROV-MX-063-C,Gourmet Cafe Molido,explicito,T024,fisico,46.0,3889.44,2510.82,1378.62,35.45,842.15,0,36
29,CN-00029,ERP-PROV-MX-029-C,Termo Mercancia,explicito,T026,fisico,29.0,18116.82,8928.85,9187.97,50.72,6689.1,0,24
18,CN-00018,ERP-PROV-MX-018-A,Tradicional Cafe Molido,explicito,T029,fisico,43.0,10129.46,5763.52,4365.94,43.1,2968.77,0,29
58,CN-00058,ERP-PROV-MX-058-A,Chai Bebidas,explicito,T029,fisico,44.0,3420.15,1203.76,2216.39,64.8,1744.65,0,32
38,CN-00038,ERP-PROV-MX-038-A,Selección Cafe Grano,explicito,T040,fisico,41.0,14044.26,9680.64,4363.62,31.07,2426.48,0,24
23,CN-00023,ERP-PROV-MX-023-B,Ensalada Comida Caliente,explicito,T017,fisico,52.0,8163.02,4096.76,4066.26,49.81,2940.33,0,43
23,CN-00023,ERP-PROV-MX-023-B,Ensalada Comida Caliente,explicito,T040,fisico,60.0,9373.82,4742.8,4631.02,49.4,3338.08,0,37
42,CN-00042,ERP-PROV-MX-042-A,Quiche Comida Caliente,explicito,T021,fisico,49.0,4268.97,1913.2,2355.77,55.18,1766.95,0,41
23,CN-00023,ERP-PROV-MX-023-B,Ensalada Comida Caliente,explicito,T021,fisico,23.0,3633.32,1847.58,1785.74,49.15,1284.59,0,27
31,CN-00031,ERP-PROV-MX-031-A,Termo Mercancia,inferido,T014,fisico,51.0,27254.63,11988.86,15265.77,56.01,11506.51,0,30
31,CN-00031,ERP-PROV-MX-031-A,Termo Mercancia,inferido,T035,fisico,63.0,34059.47,14766.14,19293.33,56.65,14595.47,0,36
35,CN-00035,ERP-PROV-MX-035-A,Sándwich Comida Caliente,explicito,T022,fisico,45.0,6238.38,4194.06,2044.32,32.77,1183.85,0,33
23,CN-00023,ERP-PROV-MX-023-B,Ensalada Comida Caliente,explicito,T008,fisico,38.0,5933.95,3009.24,2924.71,49.29,2106.23,0,29
1,CN-00001,ERP-PROV-MX-001-A,Sándwich Comida Caliente,inferido,T007,fisico,43.0,3184.41,3620.65,-436.24,-13.7,-875.47,31,31
66,CN-00066,ERP-PROV-MX-066-B,Mocha Bebidas,explicito,T039,fisico,35.0,2039.47,739.97,1299.5,63.72,1018.19,0,25
7,CN-00007,ERP-PROV-MX-007-D,Selección Cafe Grano,explicito,T017,fisico,47.0,11763.16,9789.8,1973.36,16.78,350.86,0,30
40,CN-00040,ERP-PROV-MX-040-A,Chocolate Bebidas,explicito,T019,fisico,51.0,2748.13,878.15,1869.98,68.05,1490.93,0,29
68,CN-00068,ERP-PROV-MX-068-C,Croissant Panaderia,explicito,T031,fisico,33.0,1303.67,519.75,783.92,60.13,604.1,0,22
70,CN-00070,ERP-PROV-MX-070-D,Molinillo Mercancia,explicito,T018,fisico,31.0,11622.87,7210.94,4411.93,37.96,2808.78,0,23
11,CN-00011,ERP-PROV-MX-011-C,Bolillo Panaderia,inferido,T005,fisico,41.0,1172.03,542.72,629.31,53.69,467.65,0,37
9,CN-00009,ERP-PROV-MX-009-B,Termo Mercancia,explicito,T019,fisico,25.0,15447.24,6672.08,8775.16,56.81,6644.51,0,23
56,CN-00056,ERP-PROV-MX-056-C,Empanada Panaderia,explicito,T022,fisico,59.0,964.63,474.7,489.93,50.79,356.88,0,37
11,CN-00011,ERP-PROV-MX-011-C,Bolillo Panaderia,inferido,T040,fisico,26.0,746.76,350.26,396.5,53.1,293.5,0,23
39,CN-00039,ERP-PROV-MX-039-B,Taza Mercancia,explicito,T016,fisico,66.0,52083.64,30762.54,21321.1,40.94,14137.15,0,37
8,CN-00008,ERP-PROV-MX-008-C,Empanada Panaderia,explicito,T037,fisico,55.0,2119.93,1150.62,969.31,45.72,676.91,0,33
19,CN-00019,ERP-PROV-MX-019-D,Gourmet Cafe Molido,explicito,T040,fisico,35.0,9514.58,5250.31,4264.27,44.82,2951.91,0,24
52,CN-00052,ERP-PROV-MX-052-C,Americano Cafe Molido,explicito,T039,fisico,50.0,8459.03,5665.7,2793.33,33.02,1626.57,0,28
52,CN-00052,ERP-PROV-MX-052-C,Americano Cafe Molido,explicito,T011,fisico,35.0,5865.42,3894.97,1970.45,33.59,1161.43,0,31
7,CN-00007,ERP-PROV-MX-007-D,Selección Cafe Grano,explicito,T019,fisico,45.0,11326.06,8721.84,2604.22,22.99,1042.0,0,26
47,CN-00047,ERP-PROV-MX-047-B,Filtros Mercancia,explicito,T037,fisico,47.0,23400.82,14908.21,8492.61,36.29,5264.91,0,35
65,CN-00065,ERP-PROV-MX-065-D,Estándar Cafe Molido,explicito,T005,fisico,34.0,6922.5,3492.33,3430.17,49.55,2475.34,0,24
17,CN-00017,ERP-PROV-MX-017-B,Quiche Comida Caliente,explicito,T019,fisico,31.0,5042.15,2475.22,2566.93,50.91,1871.46,0,27
66,CN-00066,ERP-PROV-MX-066-B,Mocha Bebidas,explicito,T004,fisico,42.0,2407.37,875.49,1531.88,63.63,1199.83,0,24
65,CN-00065,ERP-PROV-MX-065-D,Estándar Cafe Molido,explicito,T018,fisico,52.0,10485.13,5335.48,5149.65,49.11,3703.43,0,38
66,CN-00066,ERP-PROV-MX-066-B,Mocha Bebidas,explicito,T006,fisico,33.0,1914.53,690.18,1224.35,63.95,960.28,0,24
28,CN-00028,ERP-PROV-MX-028-D,Selección Cafe Molido,explicito,T014,fisico,27.0,10469.23,5226.96,5242.27,50.07,3798.24,0,20
47,CN-00047,ERP-PROV-MX-047-B,Filtros Mercancia,explicito,T014,fisico,25.0,12355.65,7957.82,4397.83,35.59,2693.6,0,21
19,CN-00019,ERP-PROV-MX-019-D,Gourmet Cafe Molido,explicito,T035,fisico,38.0,10280.75,5643.33,4637.42,45.11,3219.39,0,27
9,CN-00009,ERP-PROV-MX-009-B,Termo Mercancia,explicito,T031,fisico,57.0,34846.82,14922.17,19924.65,57.18,15118.19,0,33
39,CN-00039,ERP-PROV-MX-039-B,Taza Mercancia,explicito,T004,fisico,55.0,43774.91,25561.8,18213.11,41.61,12175.19,0,31
47,CN-00047,ERP-PROV-MX-047-B,Filtros Mercancia,explicito,T029,fisico,46.0,22751.44,14656.7,8094.74,35.58,4956.61,0,37
16,CN-00016,ERP-PROV-MX-016-C,Quiche Comida Caliente,inferido,T030,fisico,51.0,4392.92,2197.53,2195.39,49.98,1589.47,0,33
20,CN-00020,ERP-PROV-MX-020-C,Taza Mercancia,explicito,T036,fisico,27.0,16359.2,6846.51,9512.69,58.15,7256.25,0,26
51,CN-00051,ERP-PROV-MX-051-C,Termo Mercancia,explicito,T025,fisico,46.0,22216.44,10873.17,11343.27,51.06,8278.93,0,27
61,CN-00061,ERP-PROV-MX-061-D,Descafeinado Cafe Molido,explicito,T012,fisico,54.0,15867.3,8923.96,6943.34,43.76,4754.75,0,36
53,CN-00053,ERP-PROV-MX-053-A,Sándwich Comida Caliente,explicito,T010,fisico,52.0,7196.47,3900.27,3296.2,45.8,2303.58,0,34
53,CN-00053,ERP-PROV-MX-053-A,Sándwich Comida Caliente,explicito,T034,fisico,31.0,4303.87,2352.84,1951.03,45.33,1357.39,0,22
43,CN-00043,ERP-PROV-MX-043-A,Filtros Mercancia,explicito,T015,fisico,65.0,12050.01,5677.02,6372.99,52.89,4710.92,0,38
37,CN-00037,ERP-PROV-MX-037-C,Tradicional Cafe Molido,explicito,T029,fisico,34.0,7620.57,4178.07,3442.5,45.17,2391.39,0,27
4,CN-00004,ERP-PROV-MX-004-B,Prensa Francesa Mercancia,explicito,T015,fisico,52.0,36038.34,13965.33,22073.01,61.25,17102.2,0,27
51,CN-00051,ERP-PROV-MX-051-C,Termo Mercancia,explicito,T007,fisico,38.0,18347.91,8923.71,9424.2,51.36,6893.45,0,21
49,CN-00049,ERP-PROV-MX-049-A,Mocha Bebidas,explicito,T025,fisico,43.0,3802.92,1471.04,2331.88,61.32,1807.34,0,31
37,CN-00037,ERP-PROV-MX-037-C,Tradicional Cafe Molido,explicito,T021,fisico,43.0,9587.9,5254.6,4333.3,45.2,3010.83,0,31
4,CN-00004,ERP-PROV-MX-004-B,Prensa Francesa Mercancia,explicito,T008,fisico,55.0,37816.95,14589.44,23227.51,61.42,18011.38,0,34
43,CN-00043,ERP-PROV-MX-043-A,Filtros Mercancia,explicito,T001,fisico,50.0,9271.57,4311.82,4959.75,53.49,3680.91,0,35
46,CN-00046,ERP-PROV-MX-046-A,Termo Mercancia,inferido,T022,fisico,52.0,27679.72,12114.24,15565.48,56.23,11747.59,0,28
54,CN-00054,ERP-PROV-MX-054-B,Espresso Cafe Molido,explicito,T007,fisico,41.0,4647.69,2334.82,2312.87,49.76,1671.81,0,29
37,CN-00037,ERP-PROV-MX-037-C,Tradicional Cafe Molido,explicito,T007,fisico,69.0,15482.69,8579.4,6903.29,44.59,4767.75,0,44
51,CN-00051,ERP-PROV-MX-051-C,Termo Mercancia,explicito,T024,fisico,31.0,14960.52,7167.27,7793.25,52.09,5729.73,0,23
59,CN-00059,ERP-PROV-MX-059-B,Orgánico Cafe Grano,explicito,T012,fisico,37.0,9509.87,6769.82,2740.05,28.81,1428.34,0,25
69,CN-00069,ERP-PROV-MX-069-C,Estándar Cafe Grano,explicito,T015,fisico,51.0,18328.01,9786.98,8541.03,46.6,6013.03,0,28
46,CN-00046,ERP-PROV-MX-046-A,Termo Mercancia,inferido,T023,fisico,61.0,32366.47,14474.94,17891.53,55.28,13427.19,0,28
4,CN-00004,ERP-PROV-MX-004-B,Prensa Francesa Mercancia,explicito,T009,fisico,49.0,33586.97,12972.51,20614.46,61.38,15981.77,0,31
61,CN-00061,ERP-PROV-MX-061-D,Descafeinado Cafe Molido,explicito,T030,fisico,35.0,10400.34,5779.07,4621.27,44.43,3186.74,0,24
37,CN-00037,ERP-PROV-MX-037-C,Tradicional Cafe Molido,explicito,T012,fisico,37.0,8180.17,4480.92,3699.25,45.22,2570.95,0,32
54,CN-00054,ERP-PROV-MX-054-B,Espresso Cafe Molido,explicito,T028,fisico,64.0,7323.58,3635.44,3688.14,50.36,2677.99,0,36
51,CN-00051,ERP-PROV-MX-051-C,Termo Mercancia,explicito,T008,fisico,51.0,24853.34,11805.54,13047.8,52.5,9619.75,0,27
59,CN-00059,ERP-PROV-MX-059-B,Orgánico Cafe Grano,explicito,T038,fisico,26.0,6557.72,4618.68,1939.04,29.57,1034.53,0,26
41,CN-00041,ERP-PROV-MX-041-D,Gourmet Cafe Molido,inferido,T004,fisico,37.0,2837.44,1630.84,1206.6,42.52,815.23,0,22
53,CN-00053,ERP-PROV-MX-053-A,Sándwich Comida Caliente,explicito,T020,fisico,32.0,4429.88,2465.81,1964.07,44.34,1353.05,0,22
30,CN-00030,ERP-PROV-MX-030-C,Molinillo Mercancia,explicito,T015,fisico,58.0,12994.63,6461.61,6533.02,50.27,4740.66,0,33
51,CN-00051,ERP-PROV-MX-051-C,Termo Mercancia,explicito,T039,fisico,35.0,17117.52,8164.69,8952.83,52.3,6591.79,0,26
43,CN-00043,ERP-PROV-MX-043-A,Filtros Mercancia,explicito,T005,fisico,43.0,7945.12,3730.16,4214.96,53.05,3119.08,0,32
12,CN-00012,ERP-PROV-MX-012-B,Sándwich Comida Caliente,explicito,T027,fisico,57.0,7670.97,3277.8,4393.17,57.27,3335.11,0,31
6,CN-00006,ERP-PROV-MX-006-C,Estándar Cafe Grano,inferido,T015,fisico,38.0,7609.67,3979.79,3629.88,47.7,2580.27,0,27
53,CN-00053,ERP-PROV-MX-053-A,Sándwich Comida Caliente,explicito,T006,fisico,45.0,6232.33,3448.28,2784.05,44.67,1924.42,0,32
12,CN-00012,ERP-PROV-MX-012-B,Sándwich Comida Caliente,explicito,T013,fisico,41.0,5442.87,2336.34,3106.53,57.08,2355.79,0,40
61,CN-00061,ERP-PROV-MX-061-D,Descafeinado Cafe Molido,explicito,T008,fisico,24.0,7083.75,3989.26,3094.49,43.68,2117.42,0,16
55,CN-00055,ERP-PROV-MX-055-C,Termo Mercancia,explicito,T036,fisico,44.0,27785.84,12750.12,15035.72,54.11,11203.19,0,32
1,CN-00001,ERP-PROV-MX-001-A,Sándwich Comida Caliente,inferido,T031,fisico,69.0,5220.9,5804.65,-583.75,-11.18,-1303.87,41,41
21,CN-00021,ERP-PROV-MX-021-A,Concha Panaderia,inferido,T001,fisico,38.0,973.24,435.24,538.0,55.28,403.76,0,30
60,CN-00060,ERP-PROV-MX-060-A,Espresso Cafe Grano,explicito,T032,fisico,56.0,11022.79,7059.77,3963.02,35.95,2442.64,0,40
42,CN-00042,ERP-PROV-MX-042-A,Quiche Comida Caliente,explicito,T005,fisico,43.0,3767.89,1699.28,2068.61,54.9,1548.9,0,33
10,CN-00010,ERP-PROV-MX-010-D,Descafeinado Cafe Grano,explicito,T035,fisico,54.0,19476.72,9568.15,9908.57,50.87,7222.13,0,38
1,CN-00001,ERP-PROV-MX-001-A,Sándwich Comida Caliente,inferido,T006,fisico,39.0,2899.05,3276.0,-376.95,-13.0,-776.82,30,30
27,CN-00027,ERP-PROV-MX-027-B,Latte Bebidas,explicito,T025,fisico,58.0,5240.06,1888.16,3351.9,63.97,2629.13,0,29
10,CN-00010,ERP-PROV-MX-010-D,Descafeinado Cafe Grano,explicito,T034,fisico,49.0,17764.64,8709.59,9055.05,50.97,6604.75,0,36
44,CN-00044,ERP-PROV-MX-044-A,Filtros Mercancia,explicito,T018,fisico,41.0,10277.8,6966.92,3310.88,32.21,1893.25,0,27
38,CN-00038,ERP-PROV-MX-038-A,Selección Cafe Grano,explicito,T015,fisico,51.0,17414.82,11964.8,5450.02,31.3,3047.98,0,30
21,CN-00021,ERP-PROV-MX-021-A,Concha Panaderia,inferido,T026,fisico,39.0,1001.83,447.49,554.34,55.33,416.16,0,29
64,CN-00064,ERP-PROV-MX-064-C,Frappé Bebidas,explicito,T002,fisico,40.0,3366.26,1237.33,2128.93,63.24,1664.62,0,29
10,CN-00010,ERP-PROV-MX-010-D,Descafeinado Cafe Grano,explicito,T012,fisico,43.0,15413.17,7658.58,7754.59,50.31,5628.64,0,30
35,CN-00035,ERP-PROV-MX-035-A,Sándwich Comida Caliente,explicito,T024,fisico,35.0,4904.93,3290.95,1613.98,32.91,937.44,0,23
1,CN-00001,ERP-PROV-MX-001-A,Sándwich Comida Caliente,inferido,T018,fisico,54.0,4035.88,4536.0,-500.12,-12.39,-1056.79,33,33
22,CN-00022,ERP-PROV-MX-022-A,Ensalada Comida Caliente,explicito,T018,fisico,48.0,8203.23,4621.88,3581.35,43.66,2449.87,0,33
10,CN-00010,ERP-PROV-MX-010-D,Descafeinado Cafe Grano,explicito,T032,fisico,33.0,11834.2,5836.81,5997.39,50.68,4365.09,0,24
64,CN-00064,ERP-PROV-MX-064-C,Frappé Bebidas,explicito,T028,fisico,45.0,3838.5,1385.85,2452.65,63.9,1923.2,0,30
3,CN-00003,ERP-PROV-MX-003-D,Filtros Mercancia,explicito,T001,fisico,27.0,4365.78,2047.39,2318.39,53.1,1716.21,0,21
8,CN-00008,ERP-PROV-MX-008-C,Empanada Panaderia,explicito,T008,fisico,48.0,1829.44,1001.13,828.31,45.28,575.97,0,33
16,CN-00016,ERP-PROV-MX-016-C,Quiche Comida Caliente,inferido,T025,fisico,19.0,1621.89,817.7,804.19,49.58,580.48,0,19
68,CN-00068,ERP-PROV-MX-068-C,Croissant Panaderia,explicito,T023,fisico,54.0,2106.55,841.9,1264.65,60.03,974.09,0,33
12,CN-00012,ERP-PROV-MX-012-B,Sándwich Comida Caliente,explicito,T016,fisico,41.0,5479.71,2417.09,3062.62,55.89,2306.8,0,24
52,CN-00052,ERP-PROV-MX-052-C,Americano Cafe Molido,explicito,T027,fisico,37.0,6284.41,4152.09,2132.32,33.93,1265.5,0,28
7,CN-00007,ERP-PROV-MX-007-D,Selección Cafe Grano,explicito,T010,fisico,54.0,13564.72,10963.71,2601.01,19.17,730.01,0,30
47,CN-00047,ERP-PROV-MX-047-B,Filtros Mercancia,explicito,T001,fisico,47.0,23396.72,15040.69,8356.03,35.71,5128.9,0,35
28,CN-00028,ERP-PROV-MX-028-D,Selección Cafe Molido,explicito,T037,fisico,69.0,26693.09,13909.53,12783.56,47.89,9101.75,0,38
65,CN-00065,ERP-PROV-MX-065-D,Estándar Cafe Molido,explicito,T001,fisico,55.0,11074.44,5640.67,5433.77,49.07,3906.26,0,38
41,CN-00041,ERP-PROV-MX-041-D,Gourmet Cafe Molido,inferido,T022,fisico,40.0,3100.53,1766.63,1333.9,43.02,906.24,0,23
59,CN-00059,ERP-PROV-MX-059-B,Orgánico Cafe Grano,explicito,T023,fisico,52.0,13234.05,9344.28,3889.77,29.39,2064.38,0,44
50,CN-00050,ERP-PROV-MX-050-A,Chai Bebidas,explicito,T037,fisico,41.0,3713.1,1695.94,2017.16,54.33,1505.01,0,30
41,CN-00041,ERP-PROV-MX-041-D,Gourmet Cafe Molido,inferido,T006,fisico,34.0,2626.25,1504.7,1121.55,42.71,759.31,0,23
61,CN-00061,ERP-PROV-MX-061-D,Descafeinado Cafe Molido,explicito,T004,fisico,48.0,13995.34,7860.73,6134.61,43.83,4204.22,0,26
33,CN-00033,ERP-PROV-MX-033-D,Especial Cafe Molido,explicito,T026,fisico,39.0,10221.42,6010.86,4210.56,41.19,2800.71,0,30
30,CN-00030,ERP-PROV-MX-030-C,Molinillo Mercancia,explicito,T002,fisico,48.0,10851.51,5378.97,5472.54,50.43,3975.78,0,27
14,CN-00014,ERP-PROV-MX-014-D,Descafeinado Cafe Grano,explicito,T001,fisico,40.0,13805.43,8500.59,5304.84,38.43,3400.64,0,27
2,CN-00002,ERP-PROV-MX-002-B,Sándwich Comida Caliente,explicito,T034,fisico,61.0,8105.0,10266.44,-2161.44,-26.67,-3279.37,32,32
59,CN-00059,ERP-PROV-MX-059-B,Orgánico Cafe Grano,explicito,T019,fisico,52.0,13215.7,9280.54,3935.16,29.78,2112.3,0,34
43,CN-00043,ERP-PROV-MX-043-A,Filtros Mercancia,explicito,T024,fisico,46.0,8524.22,4039.4,4484.82,52.61,3309.07,0,26
59,CN-00059,ERP-PROV-MX-059-B,Orgánico Cafe Grano,explicito,T010,fisico,61.0,15527.43,10916.22,4611.21,29.7,2469.5,0,32
6,CN-00006,ERP-PROV-MX-006-C,Estándar Cafe Grano,inferido,T033,fisico,49.0,9823.93,5122.38,4701.55,47.86,3346.53,0,37
30,CN-00030,ERP-PROV-MX-030-C,Molinillo Mercancia,explicito,T031,fisico,36.0,8040.25,4022.16,4018.09,49.97,2909.09,0,23
37,CN-00037,ERP-PROV-MX-037-C,Tradicional Cafe Molido,explicito,T009,fisico,31.0,6926.55,3839.11,3087.44,44.57,2132.05,0,21
5,CN-00005,ERP-PROV-MX-005-C,Croissant Panaderia,explicito,T004,fisico,52.0,1064.7,679.74,384.96,36.16,238.1,0,32
60,CN-00060,ERP-PROV-MX-060-A,Espresso Cafe Grano,explicito,T024,fisico,35.0,6774.29,4396.6,2377.69,35.1,1443.31,0,23
25,CN-00025,ERP-PROV-MX-025-C,Latte Bebidas,explicito,T007,fisico,32.0,1543.64,505.98,1037.66,67.22,824.74,0,23
25,CN-00025,ERP-PROV-MX-025-C,Latte Bebidas,explicito,T018,fisico,52.0,2518.81,819.46,1699.35,67.47,1351.93,0,32
24,CN-00024,ERP-PROV-MX-024-A,Americano Cafe Molido,explicito,T016,fisico,28.0,9207.7,6015.16,3192.54,34.67,1922.51,0,17
44,CN-00044,ERP-PROV-MX-044-A,Filtros Mercancia,explicito,T028,fisico,47.0,11758.51,8034.86,3723.65,31.67,2101.79,0,32
25,CN-00025,ERP-PROV-MX-025-C,Latte Bebidas,explicito,T034,fisico,51.0,2486.81,803.97,1682.84,67.67,1339.83,0,32
31,CN-00031,ERP-PROV-MX-031-A,Termo Mercancia,inferido,T028,fisico,39.0,21130.9,9206.24,11924.66,56.43,9010.05,0,34
35,CN-00035,ERP-PROV-MX-035-A,Sándwich Comida Caliente,explicito,T006,fisico,43.0,6010.42,4040.18,1970.24,32.78,1141.22,0,29
29,CN-00029,ERP-PROV-MX-029-C,Termo Mercancia,explicito,T028,fisico,29.0,18091.93,9027.82,9064.11,50.1,6568.67,0,22
26,CN-00026,ERP-PROV-MX-026-A,Premium Cafe Molido,inferido,T022,fisico,30.0,4640.38,2633.8,2006.58,43.24,1366.53,0,21
9,CN-00009,ERP-PROV-MX-009-B,Termo Mercancia,explicito,T020,fisico,56.0,34246.02,14740.32,19505.7,56.96,14782.11,0,28
8,CN-00008,ERP-PROV-MX-008-C,Empanada Panaderia,explicito,T020,fisico,46.0,1784.6,957.16,827.44,46.37,581.29,0,31
13,CN-00013,ERP-PROV-MX-013-B,Selección Cafe Molido,explicito,T020,fisico,57.0,11568.22,7801.07,3767.15,32.56,2171.53,0,31
17,CN-00017,ERP-PROV-MX-017-B,Quiche Comida Caliente,explicito,T002,fisico,74.0,12084.04,5914.36,6169.68,51.06,4502.92,0,42
12,CN-00012,ERP-PROV-MX-012-B,Sándwich Comida Caliente,explicito,T040,fisico,38.0,5029.74,2090.82,2938.92,58.43,2245.16,0,25
6,CN-00006,ERP-PROV-MX-006-C,Estándar Cafe Grano,inferido,T005,fisico,38.0,7664.1,3778.2,3885.9,50.7,2828.78,0,26
67,CN-00067,ERP-PROV-MX-067-C,Premium Cafe Molido,explicito,T010,fisico,52.0,15298.3,8539.19,6759.11,44.18,4649.0,0,30
69,CN-00069,ERP-PROV-MX-069-C,Estándar Cafe Grano,explicito,T021,fisico,21.0,7620.89,4068.73,3552.16,46.61,2501.0,0,22
34,CN-00034,ERP-PROV-MX-034-D,Estándar Cafe Molido,explicito,T005,fisico,40.0,4360.25,2564.86,1795.39,41.18,1193.98,0,28
43,CN-00043,ERP-PROV-MX-043-A,Filtros Mercancia,explicito,T033,fisico,35.0,6436.54,3053.91,3382.63,52.55,2494.83,0,25
46,CN-00046,ERP-PROV-MX-046-A,Termo Mercancia,inferido,T021,fisico,49.0,26162.58,11687.0,14475.58,55.33,10866.95,0,36
50,CN-00050,ERP-PROV-MX-050-A,Chai Bebidas,explicito,T014,fisico,39.0,3560.46,1598.34,1962.12,55.11,1471.02,0,23
25,CN-00025,ERP-PROV-MX-025-C,Latte Bebidas,explicito,T015,fisico,45.0,2183.72,708.21,1475.51,67.57,1174.31,0,30
64,CN-00064,ERP-PROV-MX-064-C,Frappé Bebidas,explicito,T009,fisico,39.0,3295.67,1201.2,2094.47,63.55,1639.89,0,25
15,CN-00015,ERP-PROV-MX-015-D,Especial Cafe Molido,explicito,T040,fisico,57.0,20807.03,27076.88,-6269.85,-30.13,-9139.79,30,30
27,CN-00027,ERP-PROV-MX-027-B,Latte Bebidas,explicito,T019,fisico,42.0,3791.34,1369.56,2421.78,63.88,1898.84,0,33
48,CN-00048,ERP-PROV-MX-048-C,Bolillo Panaderia,explicito,T018,fisico,32.0,788.3,304.8,483.5,61.33,374.77,0,23
11,CN-00011,ERP-PROV-MX-011-C,Bolillo Panaderia,inferido,T006,fisico,37.0,1052.35,505.72,546.63,51.94,401.48,0,29
33,CN-00033,ERP-PROV-MX-033-D,Especial Cafe Molido,explicito,T032,fisico,30.0,7972.23,4588.41,3383.82,42.45,2284.2,0,24
66,CN-00066,ERP-PROV-MX-066-B,Mocha Bebidas,explicito,T030,fisico,47.0,2712.16,975.74,1736.42,64.02,1362.33,0,30
11,CN-00011,ERP-PROV-MX-011-C,Bolillo Panaderia,inferido,T009,fisico,31.0,884.79,418.38,466.41,52.71,344.37,0,22
40,CN-00040,ERP-PROV-MX-040-A,Chocolate Bebidas,explicito,T003,fisico,40.0,2136.91,685.81,1451.1,67.91,1156.35,0,31
34,CN-00034,ERP-PROV-MX-034-D,Estándar Cafe Molido,explicito,T011,fisico,40.0,4320.59,2578.04,1742.55,40.33,1146.61,0,27
34,CN-00034,ERP-PROV-MX-034-D,Estándar Cafe Molido,explicito,T021,fisico,31.0,3351.67,2012.42,1339.25,39.96,876.95,0,23
1,CN-00001,ERP-PROV-MX-001-A,Sándwich Comida Caliente,inferido,T034,fisico,27.0,2030.33,2285.3,-254.97,-12.56,-535.02,25,25
5,CN-00005,ERP-PROV-MX-005-C,Croissant Panaderia,explicito,T002,fisico,34.0,692.81,445.47,247.34,35.7,151.78,0,25
41,CN-00041,ERP-PROV-MX-041-D,Gourmet Cafe Molido,inferido,T023,fisico,28.0,2167.82,1240.99,926.83,42.75,627.82,0,20
16,CN-00016,ERP-PROV-MX-016-C,Quiche Comida Caliente,inferido,T023,fisico,22.0,1899.93,957.24,942.69,49.62,680.63,0,16
16,CN-00016,ERP-PROV-MX-016-C,Quiche Comida Caliente,inferido,T035,fisico,38.0,3306.44,1654.56,1651.88,49.96,1195.82,0,26
17,CN-00017,ERP-PROV-MX-017-B,Quiche Comida Caliente,explicito,T022,fisico,36.0,5828.12,2850.64,2977.48,51.09,2173.6,0,23
36,CN-00036,ERP-PROV-MX-036-A,Gourmet Cafe Grano,inferido,ECOMMERCE,ecommerce,357.0,117251.33,65882.31,51369.02,43.81,35196.42,0,275
54,CN-00054,ERP-PROV-MX-054-B,Espresso Cafe Molido,explicito,ECOMMERCE,ecommerce,467.0,56057.68,26261.66,29796.02,53.15,22063.93,0,342
14,CN-00014,ERP-PROV-MX-014-D,Descafeinado Cafe Grano,explicito,ECOMMERCE,ecommerce,423.0,152711.45,90284.65,62426.8,40.88,41363.15,0,301
55,CN-00055,ERP-PROV-MX-055-C,Termo Mercancia,explicito,T014,fisico,37.0,23391.86,10741.12,12650.74,54.08,9424.28,0,24
55,CN-00055,ERP-PROV-MX-055-C,Termo Mercancia,explicito,T013,fisico,36.0,22615.84,10452.7,12163.14,53.78,9043.71,0,26
23,CN-00023,ERP-PROV-MX-023-B,Ensalada Comida Caliente,explicito,T028,fisico,36.0,5631.49,2886.68,2744.81,48.74,1968.05,0,25
58,CN-00058,ERP-PROV-MX-058-A,Chai Bebidas,explicito,T007,fisico,46.0,3580.97,1255.54,2325.43,64.94,1831.5,0,34
10,CN-00010,ERP-PROV-MX-010-D,Descafeinado Cafe Grano,explicito,T029,fisico,39.0,14045.3,6874.73,7170.57,51.05,5233.29,0,26
42,CN-00042,ERP-PROV-MX-042-A,Quiche Comida Caliente,explicito,T020,fisico,43.0,3750.9,1676.06,2074.84,55.32,1557.47,0,30
55,CN-00055,ERP-PROV-MX-055-C,Termo Mercancia,explicito,T029,fisico,44.0,27690.1,12797.5,14892.6,53.78,11073.28,0,26
10,CN-00010,ERP-PROV-MX-010-D,Descafeinado Cafe Grano,explicito,T010,fisico,39.0,14030.07,6833.93,7196.14,51.29,5260.96,0,31
45,CN-00045,ERP-PROV-MX-045-D,Especial Cafe Grano,explicito,T031,fisico,59.0,5822.76,3851.01,1971.75,33.86,1168.61,0,36
26,CN-00026,ERP-PROV-MX-026-A,Premium Cafe Molido,inferido,T014,fisico,30.0,4657.06,2638.7,2018.36,43.34,1376.01,0,19
45,CN-00045,ERP-PROV-MX-045-D,Especial Cafe Grano,explicito,T030,fisico,38.0,3745.98,2479.07,1266.91,33.82,750.22,0,23
64,CN-00064,ERP-PROV-MX-064-C,Frappé Bebidas,explicito,T016,fisico,42.0,3554.07,1294.65,2259.42,63.57,1769.2,0,24
45,CN-00045,ERP-PROV-MX-045-D,Especial Cafe Grano,explicito,T038,fisico,40.0,3957.46,2610.93,1346.53,34.03,800.67,0,30
18,CN-00018,ERP-PROV-MX-018-A,Tradicional Cafe Molido,explicito,T040,fisico,48.0,11456.61,6245.39,5211.22,45.49,3631.0,0,33
25,CN-00025,ERP-PROV-MX-025-C,Latte Bebidas,explicito,T010,fisico,51.0,2476.99,813.01,1663.98,67.18,1322.33,0,28
26,CN-00026,ERP-PROV-MX-026-A,Premium Cafe Molido,inferido,T009,fisico,40.0,6203.67,3534.57,2669.1,43.02,1813.42,0,28
29,CN-00029,ERP-PROV-MX-029-C,Termo Mercancia,explicito,T016,fisico,31.0,19174.89,9564.69,9610.2,50.12,6965.39,0,23
22,CN-00022,ERP-PROV-MX-022-A,Ensalada Comida Caliente,explicito,T040,fisico,46.0,7795.88,4422.79,3373.09,43.27,2297.8,0,29
45,CN-00045,ERP-PROV-MX-045-D,Especial Cafe Grano,explicito,T036,fisico,50.0,4981.87,3265.52,1716.35,34.45,1029.2,0,32
24,CN-00024,ERP-PROV-MX-024-A,Americano Cafe Molido,explicito,T004,fisico,48.0,15637.6,10099.56,5538.04,35.41,3381.13,0,37
3,CN-00003,ERP-PROV-MX-003-D,Filtros Mercancia,explicito,T035,fisico,31.0,5045.24,2360.26,2684.98,53.22,1989.08,0,22
15,CN-00015,ERP-PROV-MX-015-D,Especial Cafe Molido,explicito,T017,fisico,36.0,13051.69,17129.9,-4078.21,-31.25,-5878.44,32,32
63,CN-00063,ERP-PROV-MX-063-C,Gourmet Cafe Molido,explicito,T008,fisico,30.0,2533.65,1632.09,901.56,35.58,552.09,0,22
3,CN-00003,ERP-PROV-MX-003-D,Filtros Mercancia,explicito,T038,fisico,51.0,8298.67,3874.27,4424.4,53.31,3279.76,0,32
18,CN-00018,ERP-PROV-MX-018-A,Tradicional Cafe Molido,explicito,T026,fisico,67.0,15960.72,8849.73,7110.99,44.55,4909.51,0,38
44,CN-00044,ERP-PROV-MX-044-A,Filtros Mercancia,explicito,T022,fisico,38.0,9445.08,6474.17,2970.91,31.45,1668.14,0,26
1,CN-00001,ERP-PROV-MX-001-A,Sándwich Comida Caliente,inferido,T012,fisico,59.0,4406.43,4973.3,-566.87,-12.86,-1174.65,27,27
25,CN-00025,ERP-PROV-MX-025-C,Latte Bebidas,explicito,T013,fisico,57.0,2774.49,900.45,1874.04,67.55,1491.35,0,38
26,CN-00026,ERP-PROV-MX-026-A,Premium Cafe Molido,inferido,T013,fisico,46.0,7117.42,4060.26,3057.16,42.95,2075.45,0,35
58,CN-00058,ERP-PROV-MX-058-A,Chai Bebidas,explicito,T027,fisico,45.0,3465.15,1220.05,2245.1,64.79,1767.15,0,29
31,CN-00031,ERP-PROV-MX-031-A,Termo Mercancia,inferido,T012,fisico,32.0,17225.97,7287.92,9938.05,57.69,7562.05,0,24
40,CN-00040,ERP-PROV-MX-040-A,Chocolate Bebidas,explicito,T033,fisico,38.0,2032.06,653.5,1378.56,67.84,1098.28,0,31
47,CN-00047,ERP-PROV-MX-047-B,Filtros Mercancia,explicito,T028,fisico,40.0,19854.3,12795.41,7058.89,35.55,4320.37,0,31
52,CN-00052,ERP-PROV-MX-052-C,Americano Cafe Molido,explicito,T037,fisico,47.0,7994.42,5277.64,2716.78,33.98,1614.1,0,35
40,CN-00040,ERP-PROV-MX-040-A,Chocolate Bebidas,explicito,T023,fisico,43.0,2283.62,735.74,1547.88,67.78,1232.9,0,26
9,CN-00009,ERP-PROV-MX-009-B,Termo Mercancia,explicito,T024,fisico,45.0,28069.78,11886.71,16183.07,57.65,12311.38,0,35
19,CN-00019,ERP-PROV-MX-019-D,Gourmet Cafe Molido,explicito,T024,fisico,58.0,15774.13,8653.1,7121.03,45.14,4945.29,0,38
19,CN-00019,ERP-PROV-MX-019-D,Gourmet Cafe Molido,explicito,T009,fisico,74.0,19988.69,10783.01,9205.68,46.05,6448.62,0,45
17,CN-00017,ERP-PROV-MX-017-B,Quiche Comida Caliente,explicito,T013,fisico,49.0,7959.34,3896.18,4063.16,51.05,2965.32,0,30
11,CN-00011,ERP-PROV-MX-011-C,Bolillo Panaderia,inferido,T019,fisico,41.0,1169.36,554.64,614.72,52.57,453.43,0,24
7,CN-00007,ERP-PROV-MX-007-D,Selección Cafe Grano,explicito,T031,fisico,52.0,13020.28,10191.15,2829.13,21.73,1033.23,0,37
32,CN-00032,ERP-PROV-MX-032-D,Americano Cafe Grano,explicito,T040,fisico,26.0,2593.66,1233.08,1360.58,52.46,1002.83,0,22
70,CN-00070,ERP-PROV-MX-070-D,Molinillo Mercancia,explicito,T017,fisico,60.0,22607.72,14138.81,8468.91,37.46,5350.6,0,37
9,CN-00009,ERP-PROV-MX-009-B,Termo Mercancia,explicito,T034,fisico,41.0,25601.75,10877.53,14724.22,57.51,11192.94,0,32
66,CN-00066,ERP-PROV-MX-066-B,Mocha Bebidas,explicito,T018,fisico,54.0,3145.17,1133.59,2011.58,63.96,1577.76,0,32
17,CN-00017,ERP-PROV-MX-017-B,Quiche Comida Caliente,explicito,T028,fisico,32.0,5174.46,2574.56,2599.9,50.24,1886.18,0,36
40,CN-00040,ERP-PROV-MX-040-A,Chocolate Bebidas,explicito,T024,fisico,33.0,1764.88,572.2,1192.68,67.58,949.25,0,25
20,CN-00020,ERP-PROV-MX-020-C,Taza Mercancia,explicito,T016,fisico,47.0,28126.51,12003.72,16122.79,57.32,12243.27,0,29
9,CN-00009,ERP-PROV-MX-009-B,Termo Mercancia,explicito,T035,fisico,43.0,26587.29,11304.92,15282.37,57.48,11615.16,0,36
16,CN-00016,ERP-PROV-MX-016-C,Quiche Comida Caliente,inferido,T005,fisico,62.0,5357.39,2690.75,2666.64,49.77,1927.69,0,34
47,CN-00047,ERP-PROV-MX-047-B,Filtros Mercancia,explicito,T006,fisico,43.0,21490.74,13726.22,7764.52,36.13,4800.28,0,32
69,CN-00069,ERP-PROV-MX-069-C,Estándar Cafe Grano,explicito,T022,fisico,53.0,19210.38,10150.23,9060.15,47.16,6410.44,0,32
30,CN-00030,ERP-PROV-MX-030-C,Molinillo Mercancia,explicito,T019,fisico,44.0,9862.85,4891.64,4971.21,50.4,3610.82,0,31
57,CN-00057,ERP-PROV-MX-057-C,Premium Cafe Grano,explicito,T024,fisico,50.0,9233.93,4576.67,4657.26,50.44,3383.61,0,26
61,CN-00061,ERP-PROV-MX-061-D,Descafeinado Cafe Molido,explicito,T002,fisico,47.0,13643.65,7776.14,5867.51,43.01,3985.63,0,32
53,CN-00053,ERP-PROV-MX-053-A,Sándwich Comida Caliente,explicito,T004,fisico,53.0,7412.98,4121.19,3291.79,44.41,2269.31,0,45
4,CN-00004,ERP-PROV-MX-004-B,Prensa Francesa Mercancia,explicito,T021,fisico,58.0,39966.32,15549.05,24417.27,61.09,18904.67,0,28
50,CN-00050,ERP-PROV-MX-050-A,Chai Bebidas,explicito,T015,fisico,56.0,5069.01,2291.93,2777.08,54.79,2077.91,0,31
16,CN-00016,ERP-PROV-MX-016-C,Quiche Comida Caliente,inferido,T027,fisico,71.0,6117.01,3069.91,3047.1,49.81,2203.37,0,39
13,CN-00013,ERP-PROV-MX-013-B,Selección Cafe Molido,explicito,T016,fisico,49.0,9810.36,6778.56,3031.8,30.9,1678.65,0,32
62,CN-00062,ERP-PROV-MX-062-B,Wrap Comida Caliente,explicito,T023,fisico,44.0,7267.66,3375.57,3892.09,53.55,2889.65,0,32
54,CN-00054,ERP-PROV-MX-054-B,Espresso Cafe Molido,explicito,T011,fisico,60.0,6861.62,3430.6,3431.02,50.0,2484.59,0,36
51,CN-00051,ERP-PROV-MX-051-C,Termo Mercancia,explicito,T001,fisico,38.0,18368.97,8894.38,9474.59,51.58,6940.94,0,28
57,CN-00057,ERP-PROV-MX-057-C,Premium Cafe Grano,explicito,T018,fisico,52.0,9659.88,4725.41,4934.47,51.08,3602.07,0,35
30,CN-00030,ERP-PROV-MX-030-C,Molinillo Mercancia,explicito,T039,fisico,64.0,14518.05,7157.4,7360.65,50.7,5358.16,0,35
2,CN-00002,ERP-PROV-MX-002-B,Sándwich Comida Caliente,explicito,T019,fisico,23.0,3039.66,3906.93,-867.27,-28.53,-1286.53,16,16
51,CN-00051,ERP-PROV-MX-051-C,Termo Mercancia,explicito,T021,fisico,22.0,10630.2,5128.81,5501.39,51.75,4035.16,0,24
43,CN-00043,ERP-PROV-MX-043-A,Filtros Mercancia,explicito,T018,fisico,39.0,7263.24,3427.68,3835.56,52.81,2833.73,0,28
50,CN-00050,ERP-PROV-MX-050-A,Chai Bebidas,explicito,T029,fisico,27.0,2447.54,1106.76,1340.78,54.78,1003.19,0,27
6,CN-00006,ERP-PROV-MX-006-C,Estándar Cafe Grano,inferido,T014,fisico,43.0,8535.71,4537.03,3998.68,46.85,2821.34,0,32
12,CN-00012,ERP-PROV-MX-012-B,Sándwich Comida Caliente,explicito,T032,fisico,42.0,5578.03,2301.82,3276.21,58.73,2506.83,0,32
46,CN-00046,ERP-PROV-MX-046-A,Termo Mercancia,inferido,T009,fisico,58.0,30757.34,13641.51,17115.83,55.65,12873.44,0,41
6,CN-00006,ERP-PROV-MX-006-C,Estándar Cafe Grano,inferido,T019,fisico,38.0,7570.3,4116.99,3453.31,45.62,2409.13,0,23
57,CN-00057,ERP-PROV-MX-057-C,Premium Cafe Grano,explicito,T038,fisico,40.0,7459.82,3633.08,3826.74,51.3,2797.8,0,26
4,CN-00004,ERP-PROV-MX-004-B,Prensa Francesa Mercancia,explicito,T024,fisico,32.0,21999.68,8381.72,13617.96,61.9,10583.52,0,20
49,CN-00049,ERP-PROV-MX-049-A,Mocha Bebidas,explicito,T010,fisico,36.0,3148.67,1219.87,1928.8,61.26,1494.5,0,27
69,CN-00069,ERP-PROV-MX-069-C,Estándar Cafe Grano,explicito,T032,fisico,70.0,25375.82,13678.44,11697.38,46.1,8197.27,0,42
50,CN-00050,ERP-PROV-MX-050-A,Chai Bebidas,explicito,T033,fisico,48.0,4363.07,1995.75,2367.32,54.26,1765.52,0,27
62,CN-00062,ERP-PROV-MX-062-B,Wrap Comida Caliente,explicito,T029,fisico,45.0,7448.39,3404.45,4043.94,54.29,3016.58,0,30
61,CN-00061,ERP-PROV-MX-061-D,Descafeinado Cafe Molido,explicito,T020,fisico,49.0,14500.08,8122.99,6377.09,43.98,4377.08,0,36
13,CN-00013,ERP-PROV-MX-013-B,Selección Cafe Molido,explicito,T007,fisico,51.0,10256.64,6970.69,3285.95,32.04,1871.24,0,32
48,CN-00048,ERP-PROV-MX-048-C,Bolillo Panaderia,explicito,T004,fisico,25.0,620.73,239.34,381.39,61.44,295.77,0,17
45,CN-00045,ERP-PROV-MX-045-D,Especial Cafe Grano,explicito,T032,fisico,30.0,2967.1,1958.75,1008.35,33.98,599.09,0,20
15,CN-00015,ERP-PROV-MX-015-D,Especial Cafe Molido,explicito,T028,fisico,34.0,12489.92,16250.46,-3760.54,-30.11,-5483.29,23,23
24,CN-00024,ERP-PROV-MX-024-A,Americano Cafe Molido,explicito,T005,fisico,51.0,16740.13,10710.51,6029.62,36.02,3720.64,0,32
31,CN-00031,ERP-PROV-MX-031-A,Termo Mercancia,inferido,T011,fisico,29.0,15711.88,6665.48,9046.4,57.58,6879.24,0,21
23,CN-00023,ERP-PROV-MX-023-B,Ensalada Comida Caliente,explicito,T034,fisico,68.0,10666.05,5490.78,5175.27,48.52,3704.09,0,37
35,CN-00035,ERP-PROV-MX-035-A,Sándwich Comida Caliente,explicito,T029,fisico,27.0,3776.54,2535.24,1241.3,32.87,720.4,0,21
38,CN-00038,ERP-PROV-MX-038-A,Selección Cafe Grano,explicito,T011,fisico,33.0,11239.12,7800.88,3438.24,30.59,1888.02,0,27
36,CN-00036,ERP-PROV-MX-036-A,Gourmet Cafe Grano,inferido,T031,fisico,47.0,14769.26,8864.61,5904.65,39.98,3867.51,0,32
18,CN-00018,ERP-PROV-MX-018-A,Tradicional Cafe Molido,explicito,T016,fisico,52.0,12281.31,6926.55,5354.76,43.6,3660.79,0,31
10,CN-00010,ERP-PROV-MX-010-D,Descafeinado Cafe Grano,explicito,T013,fisico,45.0,16270.78,7938.83,8331.95,51.21,6087.7,0,31
18,CN-00018,ERP-PROV-MX-018-A,Tradicional Cafe Molido,explicito,T036,fisico,39.0,9309.97,5090.45,4219.52,45.32,2935.39,0,29
20,CN-00020,ERP-PROV-MX-020-C,Taza Mercancia,explicito,T023,fisico,39.0,23065.17,9972.2,13092.97,56.77,9911.57,0,28
16,CN-00016,ERP-PROV-MX-016-C,Quiche Comida Caliente,inferido,T009,fisico,65.0,5615.55,2812.21,2803.34,49.92,2028.78,0,39
7,CN-00007,ERP-PROV-MX-007-D,Selección Cafe Grano,explicito,T006,fisico,34.0,8525.17,6807.72,1717.45,20.15,541.56,0,26
70,CN-00070,ERP-PROV-MX-070-D,Molinillo Mercancia,explicito,T006,fisico,51.0,19148.17,12277.22,6870.95,35.88,4229.82,0,31
65,CN-00065,ERP-PROV-MX-065-D,Estándar Cafe Molido,explicito,T039,fisico,68.0,13768.1,6974.37,6793.73,49.34,4894.68,0,38
70,CN-00070,ERP-PROV-MX-070-D,Molinillo Mercancia,explicito,T039,fisico,42.0,15916.01,9830.88,6085.13,38.23,3889.82,0,26
28,CN-00028,ERP-PROV-MX-028-D,Selección Cafe Molido,explicito,T021,fisico,36.0,13864.68,7161.99,6702.69,48.34,4790.32,0,29
20,CN-00020,ERP-PROV-MX-020-C,Taza Mercancia,explicito,T020,fisico,39.0,23460.66,9963.81,13496.85,57.53,10260.9,0,28
59,CN-00059,ERP-PROV-MX-059-B,Orgánico Cafe Grano,explicito,T018,fisico,47.0,11970.72,8419.04,3551.68,29.67,1900.55,0,30
57,CN-00057,ERP-PROV-MX-057-C,Premium Cafe Grano,explicito,T033,fisico,37.0,6880.27,3418.75,3461.52,50.31,2512.52,0,32
69,CN-00069,ERP-PROV-MX-069-C,Estándar Cafe Grano,explicito,T039,fisico,34.0,12424.47,6434.28,5990.19,48.21,4276.47,0,25
13,CN-00013,ERP-PROV-MX-013-B,Selección Cafe Molido,explicito,T013,fisico,39.0,7931.09,5385.12,2545.97,32.1,1452.03,0,26
46,CN-00046,ERP-PROV-MX-046-A,Termo Mercancia,inferido,T013,fisico,44.0,23331.23,10268.2,13063.03,55.99,9844.93,0,29
43,CN-00043,ERP-PROV-MX-043-A,Filtros Mercancia,explicito,T002,fisico,58.0,10635.76,5073.33,5562.43,52.3,4095.43,0,34
50,CN-00050,ERP-PROV-MX-050-A,Chai Bebidas,explicito,T006,fisico,50.0,4544.18,2069.49,2474.69,54.46,1847.91,0,27
4,CN-00004,ERP-PROV-MX-004-B,Prensa Francesa Mercancia,explicito,T032,fisico,50.0,34756.55,13376.17,21380.38,61.51,16586.37,0,26
61,CN-00061,ERP-PROV-MX-061-D,Descafeinado Cafe Molido,explicito,T006,fisico,40.0,11660.65,6608.76,5051.89,43.32,3443.52,0,29
4,CN-00004,ERP-PROV-MX-004-B,Prensa Francesa Mercancia,explicito,T039,fisico,67.0,45915.76,17804.73,28111.03,61.22,21777.82,0,37
67,CN-00067,ERP-PROV-MX-067-C,Premium Cafe Molido,explicito,T022,fisico,54.0,15823.6,8858.14,6965.46,44.02,4782.89,0,37
49,CN-00049,ERP-PROV-MX-049-A,Mocha Bebidas,explicito,T021,fisico,47.0,4118.51,1597.28,2521.23,61.22,1953.16,0,33
34,CN-00034,ERP-PROV-MX-034-D,Estándar Cafe Molido,explicito,T039,fisico,71.0,7755.6,4649.22,3106.38,40.05,2036.64,0,34
43,CN-00043,ERP-PROV-MX-043-A,Filtros Mercancia,explicito,T038,fisico,51.0,9322.92,4468.36,4854.56,52.07,3568.64,0,33
57,CN-00057,ERP-PROV-MX-057-C,Premium Cafe Grano,explicito,T002,fisico,40.0,7419.84,3636.6,3783.24,50.99,2759.81,0,34
50,CN-00050,ERP-PROV-MX-050-A,Chai Bebidas,explicito,T026,fisico,35.0,3182.33,1442.77,1739.56,54.66,1300.62,0,29
6,CN-00006,ERP-PROV-MX-006-C,Estándar Cafe Grano,inferido,T012,fisico,42.0,8399.68,4488.02,3911.66,46.57,2753.08,0,30
2,CN-00002,ERP-PROV-MX-002-B,Sándwich Comida Caliente,explicito,T020,fisico,52.0,6852.78,8787.69,-1934.91,-28.24,-2880.12,28,28
14,CN-00014,ERP-PROV-MX-014-D,Descafeinado Cafe Grano,explicito,T023,fisico,59.0,20573.13,12580.79,7992.34,38.85,5154.67,0,41
31,CN-00031,ERP-PROV-MX-031-A,Termo Mercancia,inferido,T030,fisico,59.0,32002.65,13753.04,18249.61,57.03,13835.45,0,29
35,CN-00035,ERP-PROV-MX-035-A,Sándwich Comida Caliente,explicito,T021,fisico,49.0,6823.29,4629.89,2193.4,32.15,1252.26,0,37
44,CN-00044,ERP-PROV-MX-044-A,Filtros Mercancia,explicito,T009,fisico,56.0,13926.23,9527.24,4398.99,31.59,2478.13,0,33
32,CN-00032,ERP-PROV-MX-032-D,Americano Cafe Grano,explicito,T030,fisico,42.0,4223.67,1980.9,2242.77,53.1,1660.19,0,24
11,CN-00011,ERP-PROV-MX-011-C,Bolillo Panaderia,inferido,T014,fisico,42.0,1215.86,585.61,630.25,51.84,462.55,0,30
32,CN-00032,ERP-PROV-MX-032-D,Americano Cafe Grano,explicito,T013,fisico,38.0,3786.68,1811.65,1975.03,52.16,1452.73,0,30
7,CN-00007,ERP-PROV-MX-007-D,Selección Cafe Grano,explicito,T013,fisico,28.0,7044.69,5581.63,1463.06,20.77,491.38,0,20
17,CN-00017,ERP-PROV-MX-017-B,Quiche Comida Caliente,explicito,T038,fisico,31.0,5027.48,2465.36,2562.12,50.96,1868.67,0,18
7,CN-00007,ERP-PROV-MX-007-D,Selección Cafe Grano,explicito,T003,fisico,43.0,10858.31,8642.24,2216.07,20.41,718.37,0,34
40,CN-00040,ERP-PROV-MX-040-A,Chocolate Bebidas,explicito,T012,fisico,27.0,1462.14,459.62,1002.52,68.57,800.85,0,18
70,CN-00070,ERP-PROV-MX-070-D,Molinillo Mercancia,explicito,T015,fisico,48.0,18009.78,11097.83,6911.95,38.38,4427.84,0,30
49,CN-00049,ERP-PROV-MX-049-A,Mocha Bebidas,explicito,T018,fisico,42.0,3666.58,1434.66,2231.92,60.87,1726.18,0,31
54,CN-00054,ERP-PROV-MX-054-B,Espresso Cafe Molido,explicito,T003,fisico,56.0,6428.97,3217.78,3211.19,49.95,2324.44,0,35
51,CN-00051,ERP-PROV-MX-051-C,Termo Mercancia,explicito,T003,fisico,50.0,24281.59,11901.11,12380.48,50.99,9031.3,0,33
4,CN-00004,ERP-PROV-MX-004-B,Prensa Francesa Mercancia,explicito,T016,fisico,47.0,32340.67,12396.88,19943.79,61.67,15483.01,0,34
60,CN-00060,ERP-PROV-MX-060-A,Espresso Cafe Grano,explicito,T019,fisico,35.0,6932.8,4396.6,2536.2,36.58,1579.95,0,28
55,CN-00055,ERP-PROV-MX-055-C,Termo Mercancia,explicito,T035,fisico,36.0,22316.11,10447.73,11868.38,53.18,8790.3,0,34
25,CN-00025,ERP-PROV-MX-025-C,Latte Bebidas,explicito,T024,fisico,34.0,1639.73,535.04,1104.69,67.37,878.52,0,27
58,CN-00058,ERP-PROV-MX-058-A,Chai Bebidas,explicito,T033,fisico,39.0,3009.57,1059.91,1949.66,64.78,1534.55,0,25
63,CN-00063,ERP-PROV-MX-063-C,Gourmet Cafe Molido,explicito,T027,fisico,40.0,3416.69,2135.33,1281.36,37.5,810.09,0,23
64,CN-00064,ERP-PROV-MX-064-C,Frappé Bebidas,explicito,T011,fisico,47.0,3974.84,1445.4,2529.44,63.64,1981.19,0,37
27,CN-00027,ERP-PROV-MX-027-B,Latte Bebidas,explicito,T001,fisico,50.0,4467.64,1645.78,2821.86,63.16,2205.63,0,34
24,CN-00024,ERP-PROV-MX-024-A,Americano Cafe Molido,explicito,T024,fisico,35.0,11335.19,7462.67,3872.52,34.16,2309.05,0,29
19,CN-00019,ERP-PROV-MX-019-D,Gourmet Cafe Molido,explicito,T023,fisico,51.0,13835.92,7603.07,6232.85,45.05,4324.45,0,32
67,CN-00067,ERP-PROV-MX-067-C,Premium Cafe Molido,explicito,T034,fisico,38.0,11130.95,6173.72,4957.23,44.54,3421.93,0,32
51,CN-00051,ERP-PROV-MX-051-C,Termo Mercancia,explicito,T034,fisico,43.0,20516.14,10136.63,10379.51,50.59,7549.7,0,31
33,CN-00033,ERP-PROV-MX-033-D,Especial Cafe Molido,explicito,T002,fisico,33.0,8792.01,5290.51,3501.5,39.83,2288.81,0,25
51,CN-00051,ERP-PROV-MX-051-C,Termo Mercancia,explicito,T036,fisico,40.0,19320.27,9391.92,9928.35,51.39,7263.49,0,31
30,CN-00030,ERP-PROV-MX-030-C,Molinillo Mercancia,explicito,T018,fisico,34.0,7658.57,3815.87,3842.7,50.18,2786.35,0,30
56,CN-00056,ERP-PROV-MX-056-C,Empanada Panaderia,explicito,T028,fisico,38.0,616.29,305.71,310.58,50.4,225.57,0,25
26,CN-00026,ERP-PROV-MX-026-A,Premium Cafe Molido,inferido,T007,fisico,57.0,8813.44,4994.91,3818.53,43.33,2602.88,0,38
62,CN-00062,ERP-PROV-MX-062-B,Wrap Comida Caliente,explicito,T020,fisico,47.0,7804.25,3522.81,4281.44,54.86,3204.99,0,27
59,CN-00059,ERP-PROV-MX-059-B,Orgánico Cafe Grano,explicito,T016,fisico,35.0,8982.61,6331.02,2651.59,29.52,1412.61,0,22
67,CN-00067,ERP-PROV-MX-067-C,Premium Cafe Molido,explicito,T013,fisico,42.0,12222.18,6843.38,5378.8,44.01,3692.98,0,27
34,CN-00034,ERP-PROV-MX-034-D,Estándar Cafe Molido,explicito,T018,fisico,32.0,3439.83,2063.12,1376.71,40.02,902.25,0,23
57,CN-00057,ERP-PROV-MX-057-C,Premium Cafe Grano,explicito,ECOMMERCE,ecommerce,408.0,79352.84,37747.95,41604.89,52.43,30659.67,0,310
26,CN-00026,ERP-PROV-MX-026-A,Premium Cafe Molido,inferido,ECOMMERCE,ecommerce,398.0,64629.46,35008.23,29621.23,45.83,20706.82,0,291
55,CN-00055,ERP-PROV-MX-055-C,Termo Mercancia,explicito,T018,fisico,43.0,26867.87,12481.58,14386.29,53.54,10680.38,0,33
55,CN-00055,ERP-PROV-MX-055-C,Termo Mercancia,explicito,T020,fisico,37.0,23239.93,10748.74,12491.19,53.75,9285.68,0,28
64,CN-00064,ERP-PROV-MX-064-C,Frappé Bebidas,explicito,T010,fisico,48.0,4045.31,1478.88,2566.43,63.44,2008.46,0,30
3,CN-00003,ERP-PROV-MX-003-D,Filtros Mercancia,explicito,T036,fisico,34.0,5494.46,2608.49,2885.97,52.53,2128.11,0,31
36,CN-00036,ERP-PROV-MX-036-A,Gourmet Cafe Grano,inferido,T013,fisico,50.0,15674.06,9292.73,6381.33,40.71,4219.39,0,32
25,CN-00025,ERP-PROV-MX-025-C,Latte Bebidas,explicito,T008,fisico,61.0,2948.7,969.23,1979.47,67.13,1572.75,0,36
45,CN-00045,ERP-PROV-MX-045-D,Especial Cafe Grano,explicito,T026,fisico,31.0,3068.5,2024.12,1044.38,34.04,621.14,0,25
64,CN-00064,ERP-PROV-MX-064-C,Frappé Bebidas,explicito,T026,fisico,34.0,2861.86,1045.61,1816.25,63.46,1421.51,0,25
55,CN-00055,ERP-PROV-MX-055-C,Termo Mercancia,explicito,T026,fisico,48.0,30309.64,13904.13,16405.51,54.13,12224.87,0,22
31,CN-00031,ERP-PROV-MX-031-A,Termo Mercancia,inferido,T025,fisico,52.0,28195.53,12172.62,16022.91,56.83,12133.87,0,39
48,CN-00048,ERP-PROV-MX-048-C,Bolillo Panaderia,explicito,T027,fisico,30.0,741.62,288.18,453.44,61.14,351.15,0,20
18,CN-00018,ERP-PROV-MX-018-A,Tradicional Cafe Molido,explicito,T039,fisico,44.0,10404.85,5766.1,4638.75,44.58,3203.6,0,31
24,CN-00024,ERP-PROV-MX-024-A,Americano Cafe Molido,explicito,T008,fisico,38.0,12390.14,8188.02,4202.12,33.92,2493.14,0,20
58,CN-00058,ERP-PROV-MX-058-A,Chai Bebidas,explicito,T021,fisico,57.0,4382.35,1541.53,2840.82,64.82,2236.36,0,39
29,CN-00029,ERP-PROV-MX-029-C,Termo Mercancia,explicito,T023,fisico,39.0,24543.8,12195.13,12348.67,50.31,8963.32,0,31
48,CN-00048,ERP-PROV-MX-048-C,Bolillo Panaderia,explicito,T022,fisico,32.0,793.19,299.13,494.06,62.29,384.65,0,23
63,CN-00063,ERP-PROV-MX-063-C,Gourmet Cafe Molido,explicito,T011,fisico,44.0,3711.46,2408.88,1302.58,35.1,790.65,0,26
58,CN-00058,ERP-PROV-MX-058-A,Chai Bebidas,explicito,T030,fisico,41.0,3130.47,1112.09,2018.38,64.48,1586.59,0,30
26,CN-00026,ERP-PROV-MX-026-A,Premium Cafe Molido,inferido,T035,fisico,29.0,4520.21,2570.67,1949.54,43.13,1326.06,0,23
31,CN-00031,ERP-PROV-MX-031-A,Termo Mercancia,inferido,T009,fisico,46.0,24848.8,10799.1,14049.7,56.54,10622.28,0,30
25,CN-00025,ERP-PROV-MX-025-C,Latte Bebidas,explicito,T027,fisico,35.0,1704.19,553.09,1151.1,67.55,916.04,0,27
35,CN-00035,ERP-PROV-MX-035-A,Sándwich Comida Caliente,explicito,T019,fisico,39.0,5417.79,3676.53,1741.26,32.14,993.98,0,30
63,CN-00063,ERP-PROV-MX-063-C,Gourmet Cafe Molido,explicito,T025,fisico,41.0,3456.08,2215.23,1240.85,35.9,764.15,0,27
3,CN-00003,ERP-PROV-MX-003-D,Filtros Mercancia,explicito,T010,fisico,53.0,8651.22,4032.06,4619.16,53.39,3425.89,0,32
18,CN-00018,ERP-PROV-MX-018-A,Tradicional Cafe Molido,explicito,T034,fisico,46.0,10959.23,6023.9,4935.33,45.03,3423.71,0,30
42,CN-00042,ERP-PROV-MX-042-A,Quiche Comida Caliente,explicito,T007,fisico,71.0,6188.8,2797.64,3391.16,54.8,2537.53,0,41
23,CN-00023,ERP-PROV-MX-023-B,Ensalada Comida Caliente,explicito,T024,fisico,44.0,6878.78,3485.94,3392.84,49.32,2444.04,0,30
23,CN-00023,ERP-PROV-MX-023-B,Ensalada Comida Caliente,explicito,T026,fisico,59.0,9251.81,4701.46,4550.35,49.18,3274.24,0,38
42,CN-00042,ERP-PROV-MX-042-A,Quiche Comida Caliente,explicito,T026,fisico,41.0,3578.98,1629.64,1949.34,54.47,1455.69,0,29
27,CN-00027,ERP-PROV-MX-027-B,Latte Bebidas,explicito,T040,fisico,55.0,4981.08,1824.32,3156.76,63.38,2469.71,0,31
63,CN-00063,ERP-PROV-MX-063-C,Gourmet Cafe Molido,explicito,T036,fisico,39.0,3330.28,2143.18,1187.1,35.65,727.75,0,30
60,CN-00060,ERP-PROV-MX-060-A,Espresso Cafe Grano,explicito,T030,fisico,36.0,7032.87,4547.03,2485.84,35.35,1515.79,0,26
63,CN-00063,ERP-PROV-MX-063-C,Gourmet Cafe Molido,explicito,T030,fisico,44.0,3702.66,2398.8,1303.86,35.21,793.15,0,36
63,CN-00063,ERP-PROV-MX-063-C,Gourmet Cafe Molido,explicito,T033,fisico,57.0,4835.77,3105.5,1730.27,35.78,1063.27,0,36
48,CN-00048,ERP-PROV-MX-048-C,Bolillo Panaderia,explicito,T016,fisico,50.0,1234.46,482.89,751.57,60.88,581.3,0,31
60,CN-00060,ERP-PROV-MX-060-A,Espresso Cafe Grano,explicito,T036,fisico,46.0,8990.58,5792.15,3198.43,35.58,1958.35,0,36
21,CN-00021,ERP-PROV-MX-021-A,Concha Panaderia,inferido,T029,fisico,45.0,1146.91,513.75,633.16,55.21,474.97,0,33
27,CN-00027,ERP-PROV-MX-027-B,Latte Bebidas,explicito,T016,fisico,53.0,4773.37,1703.68,3069.69,64.31,2411.29,0,34
38,CN-00038,ERP-PROV-MX-038-A,Selección Cafe Grano,explicito,T003,fisico,31.0,10577.69,7364.4,3213.29,30.38,1754.3,0,27
21,CN-00021,ERP-PROV-MX-021-A,Concha Panaderia,inferido,T012,fisico,38.0,972.6,435.04,537.56,55.27,403.41,0,25
60,CN-00060,ERP-PROV-MX-060-A,Espresso Cafe Grano,explicito,T035,fisico,45.0,8817.47,5685.33,3132.14,35.52,1915.94,0,23
17,CN-00017,ERP-PROV-MX-017-B,Quiche Comida Caliente,explicito,T036,fisico,31.0,5089.13,2488.29,2600.84,51.11,1898.89,0,23
40,CN-00040,ERP-PROV-MX-040-A,Chocolate Bebidas,explicito,T011,fisico,39.0,2095.89,670.07,1425.82,68.03,1136.73,0,36
19,CN-00019,ERP-PROV-MX-019-D,Gourmet Cafe Molido,explicito,T018,fisico,43.0,11629.89,6326.15,5303.74,45.6,3699.62,0,28
56,CN-00056,ERP-PROV-MX-056-C,Empanada Panaderia,explicito,T003,fisico,63.0,1021.71,504.01,517.7,50.67,376.77,0,37
66,CN-00066,ERP-PROV-MX-066-B,Mocha Bebidas,explicito,T026,fisico,32.0,1854.56,667.88,1186.68,63.99,930.88,0,25
7,CN-00007,ERP-PROV-MX-007-D,Selección Cafe Grano,explicito,T027,fisico,40.0,10100.99,8160.69,1940.3,19.21,547.06,0,29
32,CN-00032,ERP-PROV-MX-032-D,Americano Cafe Grano,explicito,T031,fisico,55.0,5501.79,2617.06,2884.73,52.43,2125.86,0,25
40,CN-00040,ERP-PROV-MX-040-A,Chocolate Bebidas,explicito,T016,fisico,63.0,3378.98,1082.38,2296.6,67.97,1830.53,0,32
70,CN-00070,ERP-PROV-MX-070-D,Molinillo Mercancia,explicito,T030,fisico,46.0,17296.29,10911.32,6384.97,36.92,3999.27,0,31
70,CN-00070,ERP-PROV-MX-070-D,Molinillo Mercancia,explicito,T029,fisico,32.0,11779.34,7636.45,4142.89,35.17,2518.15,0,20
66,CN-00066,ERP-PROV-MX-066-B,Mocha Bebidas,explicito,T007,fisico,65.0,3796.02,1354.42,2441.6,64.32,1918.01,0,37
20,CN-00020,ERP-PROV-MX-020-C,Taza Mercancia,explicito,T025,fisico,50.0,30222.24,12694.04,17528.2,58.0,13359.62,0,29
7,CN-00007,ERP-PROV-MX-007-D,Selección Cafe Grano,explicito,T018,fisico,51.0,12713.92,10072.63,2641.29,20.77,887.65,0,32
19,CN-00019,ERP-PROV-MX-019-D,Gourmet Cafe Molido,explicito,T017,fisico,60.0,16197.64,8848.62,7349.02,45.37,5114.86,0,42
52,CN-00052,ERP-PROV-MX-052-C,Americano Cafe Molido,explicito,T040,fisico,59.0,10005.55,6638.47,3367.08,33.65,1987.0,0,36
40,CN-00040,ERP-PROV-MX-040-A,Chocolate Bebidas,explicito,T025,fisico,37.0,1979.26,634.45,1344.81,67.95,1071.81,0,29
20,CN-00020,ERP-PROV-MX-020-C,Taza Mercancia,explicito,T002,fisico,35.0,20940.58,8881.31,12059.27,57.59,9170.91,0,25
70,CN-00070,ERP-PROV-MX-070-D,Molinillo Mercancia,explicito,T027,fisico,42.0,15764.99,10025.81,5739.18,36.4,3564.7,0,31
39,CN-00039,ERP-PROV-MX-039-B,Taza Mercancia,explicito,T013,fisico,48.0,38477.03,22269.9,16207.13,42.12,10899.95,0,37
40,CN-00040,ERP-PROV-MX-040-A,Chocolate Bebidas,explicito,T004,fisico,65.0,3525.4,1123.7,2401.7,68.13,1915.44,0,42
68,CN-00068,ERP-PROV-MX-068-C,Croissant Panaderia,explicito,T034,fisico,47.0,1832.18,730.76,1101.42,60.12,848.71,0,32
68,CN-00068,ERP-PROV-MX-068-C,Croissant Panaderia,explicito,T027,fisico,50.0,1946.59,771.23,1175.36,60.38,906.86,0,29
8,CN-00008,ERP-PROV-MX-008-C,Empanada Panaderia,explicito,T026,fisico,56.0,2170.41,1170.67,999.74,46.06,700.37,0,33
28,CN-00028,ERP-PROV-MX-028-D,Selección Cafe Molido,explicito,T038,fisico,31.0,11894.88,6249.4,5645.48,47.46,4004.81,0,23
53,CN-00053,ERP-PROV-MX-053-A,Sándwich Comida Caliente,explicito,T022,fisico,50.0,6976.41,3884.92,3091.49,44.31,2129.23,0,33
13,CN-00013,ERP-PROV-MX-013-B,Selección Cafe Molido,explicito,T009,fisico,39.0,7897.82,5376.46,2521.36,31.92,1432.01,0,26
59,CN-00059,ERP-PROV-MX-059-B,Orgánico Cafe Grano,explicito,T008,fisico,47.0,12001.35,8351.64,3649.71,30.41,1994.35,0,32
5,CN-00005,ERP-PROV-MX-005-C,Croissant Panaderia,explicito,T008,fisico,45.0,918.74,584.92,333.82,36.33,207.1,0,26
54,CN-00054,ERP-PROV-MX-054-B,Espresso Cafe Molido,explicito,T019,fisico,77.0,8863.81,4374.6,4489.21,50.65,3266.62,0,37
53,CN-00053,ERP-PROV-MX-053-A,Sándwich Comida Caliente,explicito,T032,fisico,55.0,7687.24,4248.73,3438.51,44.73,2378.2,0,34
59,CN-00059,ERP-PROV-MX-059-B,Orgánico Cafe Grano,explicito,T024,fisico,40.0,10112.91,7189.6,2923.31,28.91,1528.43,0,25
2,CN-00002,ERP-PROV-MX-002-B,Sándwich Comida Caliente,explicito,T008,fisico,43.0,5656.79,7256.25,-1599.46,-28.28,-2379.71,33,33
41,CN-00041,ERP-PROV-MX-041-D,Gourmet Cafe Molido,inferido,T039,fisico,38.0,2951.33,1671.32,1280.01,43.37,872.93,0,26
4,CN-00004,ERP-PROV-MX-004-B,Prensa Francesa Mercancia,explicito,T037,fisico,63.0,43643.62,16667.15,26976.47,61.81,20956.66,0,37
62,CN-00062,ERP-PROV-MX-062-B,Wrap Comida Caliente,explicito,T038,fisico,35.0,5777.97,2692.25,3085.72,53.4,2288.76,0,26
41,CN-00041,ERP-PROV-MX-041-D,Gourmet Cafe Molido,inferido,T020,fisico,34.0,2634.83,1494.77,1140.06,43.27,776.64,0,29
69,CN-00069,ERP-PROV-MX-069-C,Estándar Cafe Grano,explicito,T027,fisico,42.0,15260.07,8281.0,6979.07,45.73,4874.23,0,28
14,CN-00014,ERP-PROV-MX-014-D,Descafeinado Cafe Grano,explicito,T034,fisico,48.0,16608.03,10165.6,6442.43,38.79,4151.67,0,36
13,CN-00013,ERP-PROV-MX-013-B,Selección Cafe Molido,explicito,T023,fisico,46.0,9136.49,6309.56,2826.93,30.94,1566.72,0,37
30,CN-00030,ERP-PROV-MX-030-C,Molinillo Mercancia,explicito,T009,fisico,48.0,10863.57,5358.1,5505.47,50.68,4007.05,0,36
69,CN-00069,ERP-PROV-MX-069-C,Estándar Cafe Grano,explicito,T034,fisico,38.0,13673.21,7136.94,6536.27,47.8,4650.31,0,31
67,CN-00067,ERP-PROV-MX-067-C,Premium Cafe Molido,explicito,T036,fisico,54.0,15882.82,8958.55,6924.27,43.6,4733.54,0,34
12,CN-00012,ERP-PROV-MX-012-B,Sándwich Comida Caliente,explicito,T009,fisico,41.0,5509.25,2314.28,3194.97,57.99,2435.07,0,29
54,CN-00054,ERP-PROV-MX-054-B,Espresso Cafe Molido,explicito,T015,fisico,76.0,8725.68,4310.55,4415.13,50.6,3211.59,0,34
46,CN-00046,ERP-PROV-MX-046-A,Termo Mercancia,inferido,T001,fisico,43.0,22937.08,10023.84,12913.24,56.3,9749.5,0,29
4,CN-00004,ERP-PROV-MX-004-B,Prensa Francesa Mercancia,explicito,T011,fisico,60.0,41009.44,16056.54,24952.9,60.85,19296.43,0,34
46,CN-00046,ERP-PROV-MX-046-A,Termo Mercancia,inferido,T029,fisico,51.0,27028.33,12045.66,14982.67,55.43,11254.62,0,25
43,CN-00043,ERP-PROV-MX-043-A,Filtros Mercancia,explicito,T021,fisico,38.0,6975.5,3304.42,3671.08,52.63,2708.94,0,25
37,CN-00037,ERP-PROV-MX-037-C,Tradicional Cafe Molido,explicito,T018,fisico,55.0,12190.68,6777.5,5413.18,44.4,3731.71,0,25
30,CN-00030,ERP-PROV-MX-030-C,Molinillo Mercancia,explicito,T029,fisico,47.0,10627.05,5271.25,5355.8,50.4,3890.0,0,35
57,CN-00057,ERP-PROV-MX-057-C,Premium Cafe Grano,explicito,T019,fisico,39.0,7347.58,3558.81,3788.77,51.56,2775.31,0,20
51,CN-00051,ERP-PROV-MX-051-C,Termo Mercancia,explicito,T027,fisico,67.0,32150.24,15731.54,16418.7,51.07,11984.18,0,32
2,CN-00002,ERP-PROV-MX-002-B,Sándwich Comida Caliente,explicito,T003,fisico,27.0,3539.78,4573.49,-1033.71,-29.2,-1521.96,22,22
51,CN-00051,ERP-PROV-MX-051-C,Termo Mercancia,explicito,T002,fisico,54.0,26128.37,12697.91,13430.46,51.4,9826.55,0,36
12,CN-00012,ERP-PROV-MX-012-B,Sándwich Comida Caliente,explicito,T021,fisico,47.0,6327.08,2673.58,3653.5,57.74,2780.8,0,27
6,CN-00006,ERP-PROV-MX-006-C,Estándar Cafe Grano,inferido,T034,fisico,54.0,10891.31,5634.77,5256.54,48.26,3754.29,0,33
53,CN-00053,ERP-PROV-MX-053-A,Sándwich Comida Caliente,explicito,T025,fisico,31.0,4336.53,2407.03,1929.5,44.49,1331.36,0,25
46,CN-00046,ERP-PROV-MX-046-A,Termo Mercancia,inferido,T010,fisico,49.0,26017.16,11570.25,14446.91,55.53,10858.34,0,34
5,CN-00005,ERP-PROV-MX-005-C,Croissant Panaderia,explicito,T014,fisico,30.0,607.55,388.98,218.57,35.98,134.77,0,24
21,CN-00021,ERP-PROV-MX-021-A,Concha Panaderia,inferido,T007,fisico,37.0,934.53,425.39,509.14,54.48,380.24,0,24
3,CN-00003,ERP-PROV-MX-003-D,Filtros Mercancia,explicito,T026,fisico,44.0,7153.27,3327.98,3825.29,53.48,2838.63,0,24
3,CN-00003,ERP-PROV-MX-003-D,Filtros Mercancia,explicito,T016,fisico,62.0,10136.38,4729.12,5407.26,53.35,4009.14,0,36
3,CN-00003,ERP-PROV-MX-003-D,Filtros Mercancia,explicito,T024,fisico,42.0,6836.47,3200.94,3635.53,53.18,2692.57,0,29
38,CN-00038,ERP-PROV-MX-038-A,Selección Cafe Grano,explicito,T005,fisico,38.0,13045.26,8814.32,4230.94,32.43,2431.59,0,32
15,CN-00015,ERP-PROV-MX-015-D,Especial Cafe Molido,explicito,T014,fisico,37.0,13481.58,17569.58,-4088.0,-30.32,-5947.53,24,24
21,CN-00021,ERP-PROV-MX-021-A,Concha Panaderia,inferido,T023,fisico,25.0,644.63,285.86,358.77,55.66,269.86,0,20
26,CN-00026,ERP-PROV-MX-026-A,Premium Cafe Molido,inferido,T036,fisico,34.0,5334.24,2999.02,2335.22,43.78,1599.46,0,31
38,CN-00038,ERP-PROV-MX-038-A,Selección Cafe Grano,explicito,T023,fisico,53.0,18064.8,12522.96,5541.84,30.68,3050.14,0,34
15,CN-00015,ERP-PROV-MX-015-D,Especial Cafe Molido,explicito,T023,fisico,72.0,26174.4,34006.38,-7831.98,-29.92,-11442.24,31,31
26,CN-00026,ERP-PROV-MX-026-A,Premium Cafe Molido,inferido,T033,fisico,50.0,7743.56,4450.01,3293.55,42.53,2225.47,0,29
21,CN-00021,ERP-PROV-MX-021-A,Concha Panaderia,inferido,T038,fisico,44.0,1138.29,507.8,630.49,55.39,473.48,0,27
58,CN-00058,ERP-PROV-MX-058-A,Chai Bebidas,explicito,T031,fisico,56.0,4302.19,1544.84,2757.35,64.09,2163.94,0,33
65,CN-00065,ERP-PROV-MX-065-D,Estándar Cafe Molido,explicito,T022,fisico,56.0,11250.76,5741.66,5509.1,48.97,3957.27,0,32
7,CN-00007,ERP-PROV-MX-007-D,Selección Cafe Grano,explicito,T002,fisico,30.0,7447.78,5907.69,1540.09,20.68,512.81,0,22
20,CN-00020,ERP-PROV-MX-020-C,Taza Mercancia,explicito,T031,fisico,32.0,19319.25,8137.91,11181.34,57.88,8516.62,0,22
9,CN-00009,ERP-PROV-MX-009-B,Termo Mercancia,explicito,T027,fisico,44.0,27272.05,11648.64,15623.41,57.29,11861.75,0,31
70,CN-00070,ERP-PROV-MX-070-D,Molinillo Mercancia,explicito,T031,fisico,58.0,21796.4,13795.46,8000.94,36.71,4994.54,0,39
7,CN-00007,ERP-PROV-MX-007-D,Selección Cafe Grano,explicito,T020,fisico,71.0,17775.49,14027.28,3748.21,21.09,1296.42,0,37
54,CN-00054,ERP-PROV-MX-054-B,Espresso Cafe Molido,explicito,T024,fisico,43.0,4911.36,2472.8,2438.56,49.65,1761.13,0,32
57,CN-00057,ERP-PROV-MX-057-C,Premium Cafe Grano,explicito,T034,fisico,59.0,11078.96,5332.04,5746.92,51.87,4218.79,0,40
50,CN-00050,ERP-PROV-MX-050-A,Chai Bebidas,explicito,T040,fisico,44.0,3999.57,1801.73,2197.84,54.95,1646.18,0,29
33,CN-00033,ERP-PROV-MX-033-D,Especial Cafe Molido,explicito,T005,fisico,47.0,12386.4,7319.13,5067.27,40.91,3358.8,0,29
59,CN-00059,ERP-PROV-MX-059-B,Orgánico Cafe Grano,explicito,T035,fisico,49.0,12443.16,8851.06,3592.1,28.87,1875.8,0,30
6,CN-00006,ERP-PROV-MX-006-C,Estándar Cafe Grano,inferido,T024,fisico,40.0,8072.98,4275.72,3797.26,47.04,2683.75,0,27
4,CN-00004,ERP-PROV-MX-004-B,Prensa Francesa Mercancia,explicito,T029,fisico,26.0,17968.56,6827.76,11140.8,62.0,8662.38,0,20
54,CN-00054,ERP-PROV-MX-054-B,Espresso Cafe Molido,explicito,T026,fisico,40.0,4557.82,2245.34,2312.48,50.74,1683.82,0,31
59,CN-00059,ERP-PROV-MX-059-B,Orgánico Cafe Grano,explicito,T037,fisico,44.0,11251.37,7924.3,3327.07,29.57,1775.16,0,30
51,CN-00051,ERP-PROV-MX-051-C,Termo Mercancia,explicito,T016,fisico,26.0,12557.79,6115.47,6442.32,51.3,4710.21,0,21
50,CN-00050,ERP-PROV-MX-050-A,Chai Bebidas,explicito,T022,fisico,44.0,4040.41,1820.96,2219.45,54.93,1662.15,0,28
30,CN-00030,ERP-PROV-MX-030-C,Molinillo Mercancia,explicito,T038,fisico,43.0,9633.34,4823.54,4809.8,49.93,3481.06,0,28
67,CN-00067,ERP-PROV-MX-067-C,Premium Cafe Molido,explicito,T020,fisico,38.0,11135.72,6382.28,4753.44,42.69,3217.48,0,30
51,CN-00051,ERP-PROV-MX-051-C,Termo Mercancia,explicito,T030,fisico,46.0,22400.77,10820.9,11579.87,51.69,8490.11,0,28
4,CN-00004,ERP-PROV-MX-004-B,Prensa Francesa Mercancia,explicito,T035,fisico,39.0,26751.33,10298.44,16452.89,61.5,12763.05,0,23
45,CN-00045,ERP-PROV-MX-045-D,Especial Cafe Grano,explicito,T013,fisico,59.0,5874.73,3854.69,2020.04,34.39,1209.73,0,33
26,CN-00026,ERP-PROV-MX-026-A,Premium Cafe Molido,inferido,T001,fisico,33.0,5164.36,2916.17,2248.19,43.53,1535.86,0,21
1,CN-00001,ERP-PROV-MX-001-A,Sándwich Comida Caliente,inferido,T019,fisico,34.0,2532.22,2856.0,-323.78,-12.79,-673.05,25,25
22,CN-00022,ERP-PROV-MX-022-A,Ensalada Comida Caliente,explicito,T004,fisico,32.0,5342.23,3075.24,2266.99,42.44,1530.13,0,18
42,CN-00042,ERP-PROV-MX-042-A,Quiche Comida Caliente,explicito,T027,fisico,32.0,2815.63,1253.16,1562.47,55.49,1174.11,0,22
32,CN-00032,ERP-PROV-MX-032-D,Americano Cafe Grano,explicito,T023,fisico,46.0,4591.9,2193.67,2398.23,52.23,1764.86,0,32
66,CN-00066,ERP-PROV-MX-066-B,Mocha Bebidas,explicito,T011,fisico,33.0,1922.1,683.37,1238.73,64.45,973.61,0,23
21,CN-00021,ERP-PROV-MX-021-A,Concha Panaderia,inferido,T033,fisico,48.0,1230.58,547.66,682.92,55.5,513.18,0,25
36,CN-00036,ERP-PROV-MX-036-A,Gourmet Cafe Grano,inferido,T005,fisico,37.0,11633.16,6955.81,4677.35,40.21,3072.78,0,29
9,CN-00009,ERP-PROV-MX-009-B,Termo Mercancia,explicito,T032,fisico,43.0,26596.2,11324.27,15271.93,57.42,11603.49,0,24
56,CN-00056,ERP-PROV-MX-056-C,Empanada Panaderia,explicito,T031,fisico,47.0,769.62,371.54,398.08,51.72,291.93,0,27
52,CN-00052,ERP-PROV-MX-052-C,Americano Cafe Molido,explicito,T025,fisico,42.0,7166.89,4725.96,2440.93,34.06,1452.39,0,28
13,CN-00013,ERP-PROV-MX-013-B,Selección Cafe Molido,explicito,T029,fisico,32.0,6522.5,4413.18,2109.32,32.34,1209.66,0,27
62,CN-00062,ERP-PROV-MX-062-B,Wrap Comida Caliente,explicito,T010,fisico,55.0,9119.91,4121.84,4998.07,54.8,3740.15,0,34
51,CN-00051,ERP-PROV-MX-051-C,Termo Mercancia,explicito,T040,fisico,41.0,19816.87,9682.83,10134.04,51.14,7400.68,0,26
49,CN-00049,ERP-PROV-MX-049-A,Mocha Bebidas,explicito,T036,fisico,59.0,5192.71,2014.86,3177.85,61.2,2461.61,0,30
33,CN-00033,ERP-PROV-MX-033-D,Especial Cafe Molido,explicito,T015,fisico,25.0,6679.18,3889.73,2789.45,41.76,1868.18,0,22
30,CN-00030,ERP-PROV-MX-030-C,Molinillo Mercancia,explicito,T028,fisico,50.0,11189.93,5569.67,5620.26,50.23,4076.82,0,36
62,CN-00062,ERP-PROV-MX-062-B,Wrap Comida Caliente,explicito,T033,fisico,53.0,8789.05,4007.18,4781.87,54.41,3569.59,0,31
33,CN-00033,ERP-PROV-MX-033-D,Especial Cafe Molido,explicito,T031,fisico,39.0,10368.27,6099.34,4268.93,41.17,2838.82,0,22
46,CN-00046,ERP-PROV-MX-046-A,Termo Mercancia,inferido,T018,fisico,23.0,12258.0,5367.16,6890.84,56.22,5200.08,0,22
29,CN-00029,ERP-PROV-MX-029-C,Termo Mercancia,explicito,T038,fisico,33.0,20628.92,9987.66,10641.26,51.58,7795.89,0,25
63,CN-00063,ERP-PROV-MX-063-C,Gourmet Cafe Molido,explicito,T009,fisico,55.0,4703.72,2966.13,1737.59,36.94,1088.8,0,34
15,CN-00015,ERP-PROV-MX-015-D,Especial Cafe Molido,explicito,T018,fisico,37.0,13386.77,17666.9,-4280.13,-31.97,-6126.58,23,23
58,CN-00058,ERP-PROV-MX-058-A,Chai Bebidas,explicito,T036,fisico,43.0,3325.67,1169.47,2156.2,64.84,1697.49,0,31
10,CN-00010,ERP-PROV-MX-010-D,Descafeinado Cafe Grano,explicito,T024,fisico,40.0,14351.71,7024.21,7327.5,51.06,5347.95,0,23
63,CN-00063,ERP-PROV-MX-063-C,Gourmet Cafe Molido,explicito,T022,fisico,52.0,4394.75,2776.48,1618.27,36.82,1012.1,0,29
56,CN-00056,ERP-PROV-MX-056-C,Empanada Panaderia,explicito,T029,fisico,68.0,1122.97,538.09,584.88,52.08,429.99,0,43
47,CN-00047,ERP-PROV-MX-047-B,Filtros Mercancia,explicito,T007,fisico,45.0,22371.43,14355.36,8016.07,35.83,4930.36,0,33
40,CN-00040,ERP-PROV-MX-040-A,Chocolate Bebidas,explicito,T010,fisico,30.0,1595.44,514.37,1081.07,67.76,861.01,0,22
13,CN-00013,ERP-PROV-MX-013-B,Selección Cafe Molido,explicito,T019,fisico,33.0,6641.35,4534.11,2107.24,31.73,1191.19,0,23
19,CN-00019,ERP-PROV-MX-019-D,Gourmet Cafe Molido,explicito,T029,fisico,57.0,15417.23,8604.42,6812.81,44.19,4686.3,0,34
70,CN-00070,ERP-PROV-MX-070-D,Molinillo Mercancia,explicito,T001,fisico,35.0,13170.52,8228.7,4941.82,37.52,3125.2,0,27
14,CN-00014,ERP-PROV-MX-014-D,Descafeinado Cafe Grano,explicito,T007,fisico,35.0,11955.63,7548.21,4407.42,36.86,2758.37,0,29
57,CN-00057,ERP-PROV-MX-057-C,Premium Cafe Grano,explicito,T036,fisico,48.0,8866.34,4329.03,4537.31,51.17,3314.37,0,28
42,CN-00042,ERP-PROV-MX-042-A,Quiche Comida Caliente,explicito,T014,fisico,37.0,3244.45,1436.08,1808.37,55.74,1360.86,0,22
23,CN-00023,ERP-PROV-MX-023-B,Ensalada Comida Caliente,explicito,T033,fisico,45.0,7033.68,3528.4,3505.28,49.84,2535.12,0,27
15,CN-00015,ERP-PROV-MX-015-D,Especial Cafe Molido,explicito,T026,fisico,56.0,20130.23,26497.86,-6367.63,-31.63,-9144.21,31,31
45,CN-00045,ERP-PROV-MX-045-D,Especial Cafe Grano,explicito,T034,fisico,35.0,3486.67,2286.67,1200.0,34.42,719.08,0,22
34,CN-00034,ERP-PROV-MX-034-D,Estándar Cafe Molido,explicito,T036,fisico,23.0,2502.42,1509.69,992.73,39.67,647.57,0,19
55,CN-00055,ERP-PROV-MX-055-C,Termo Mercancia,explicito,T019,fisico,34.0,21477.42,9890.77,11586.65,53.95,8624.25,0,26
60,CN-00060,ERP-PROV-MX-060-A,Espresso Cafe Grano,explicito,T016,fisico,35.0,6835.19,4402.83,2432.36,35.59,1489.58,0,21
15,CN-00015,ERP-PROV-MX-015-D,Especial Cafe Molido,explicito,T015,fisico,35.0,12590.54,16616.38,-4025.84,-31.98,-5762.47,31,31
24,CN-00024,ERP-PROV-MX-024-A,Americano Cafe Molido,explicito,T002,fisico,43.0,14079.04,9260.19,4818.85,34.23,2876.91,0,28
1,CN-00001,ERP-PROV-MX-001-A,Sándwich Comida Caliente,inferido,T023,fisico,41.0,3032.06,3469.95,-437.89,-14.44,-856.11,24,24
26,CN-00026,ERP-PROV-MX-026-A,Premium Cafe Molido,inferido,T032,fisico,65.0,10072.65,5784.09,4288.56,42.58,2899.23,0,34
45,CN-00045,ERP-PROV-MX-045-D,Especial Cafe Grano,explicito,T006,fisico,47.0,4676.91,3064.73,1612.18,34.47,967.09,0,25
48,CN-00048,ERP-PROV-MX-048-C,Bolillo Panaderia,explicito,T039,fisico,23.0,569.06,216.24,352.82,62.0,274.33,0,18
1,CN-00001,ERP-PROV-MX-001-A,Sándwich Comida Caliente,inferido,T004,fisico,63.0,4671.67,5300.65,-628.98,-13.46,-1273.35,36,36
48,CN-00048,ERP-PROV-MX-048-C,Bolillo Panaderia,explicito,T006,fisico,38.0,943.61,362.11,581.5,61.63,451.35,0,36
35,CN-00035,ERP-PROV-MX-035-A,Sándwich Comida Caliente,explicito,T037,fisico,38.0,5296.87,3521.86,1775.01,33.51,1044.41,0,20
63,CN-00063,ERP-PROV-MX-063-C,Gourmet Cafe Molido,explicito,T031,fisico,46.0,3934.33,2457.04,1477.29,37.55,934.62,0,27
24,CN-00024,ERP-PROV-MX-024-A,Americano Cafe Molido,explicito,T025,fisico,37.0,12129.55,7846.43,4283.12,35.31,2610.08,0,24
48,CN-00048,ERP-PROV-MX-048-C,Bolillo Panaderia,explicito,T034,fisico,39.0,952.06,363.13,588.93,61.86,457.61,0,31
25,CN-00025,ERP-PROV-MX-025-C,Latte Bebidas,explicito,T003,fisico,50.0,2413.99,789.24,1624.75,67.31,1291.79,0,32
27,CN-00027,ERP-PROV-MX-027-B,Latte Bebidas,explicito,T010,fisico,55.0,4980.21,1814.48,3165.73,63.57,2478.8,0,37
60,CN-00060,ERP-PROV-MX-060-A,Espresso Cafe Grano,explicito,T017,fisico,51.0,9964.38,6425.99,3538.39,35.51,2163.99,0,31
44,CN-00044,ERP-PROV-MX-044-A,Filtros Mercancia,explicito,T030,fisico,36.0,8953.11,6162.9,2790.21,31.16,1555.3,0,32
45,CN-00045,ERP-PROV-MX-045-D,Especial Cafe Grano,explicito,T020,fisico,45.0,4469.76,2937.57,1532.19,34.28,915.67,0,35
10,CN-00010,ERP-PROV-MX-010-D,Descafeinado Cafe Grano,explicito,T016,fisico,45.0,16214.6,7926.38,8288.22,51.12,6051.72,0,25
36,CN-00036,ERP-PROV-MX-036-A,Gourmet Cafe Grano,inferido,T033,fisico,39.0,12207.08,7408.3,4798.78,39.31,3115.04,0,24
63,CN-00063,ERP-PROV-MX-063-C,Gourmet Cafe Molido,explicito,T037,fisico,43.0,3645.29,2290.01,1355.28,37.18,852.48,0,29
58,CN-00058,ERP-PROV-MX-058-A,Chai Bebidas,explicito,T035,fisico,58.0,4446.19,1585.42,2860.77,64.34,2247.5,0,28
3,CN-00003,ERP-PROV-MX-003-D,Filtros Mercancia,explicito,T006,fisico,40.0,6557.99,3031.52,3526.47,53.77,2621.92,0,23
29,CN-00029,ERP-PROV-MX-029-C,Termo Mercancia,explicito,T025,fisico,42.0,26394.59,12798.07,13596.52,51.51,9955.89,0,30
44,CN-00044,ERP-PROV-MX-044-A,Filtros Mercancia,explicito,T021,fisico,50.0,12492.1,8541.74,3950.36,31.62,2227.31,0,35
64,CN-00064,ERP-PROV-MX-064-C,Frappé Bebidas,explicito,T014,fisico,43.0,3653.91,1319.46,2334.45,63.89,1830.46,0,29
64,CN-00064,ERP-PROV-MX-064-C,Frappé Bebidas,explicito,T039,fisico,48.0,4065.34,1470.63,2594.71,63.83,2033.97,0,29
1,CN-00001,ERP-PROV-MX-001-A,Sándwich Comida Caliente,inferido,T029,fisico,41.0,3074.9,3444.0,-369.1,-12.0,-793.22,33,33
24,CN-00024,ERP-PROV-MX-024-A,Americano Cafe Molido,explicito,T033,fisico,38.0,12397.96,8021.84,4376.12,35.3,2666.06,0,31
22,CN-00022,ERP-PROV-MX-022-A,Ensalada Comida Caliente,explicito,T020,fisico,42.0,7149.85,4037.13,3112.72,43.54,2126.53,0,32
26,CN-00026,ERP-PROV-MX-026-A,Premium Cafe Molido,inferido,T008,fisico,39.0,6061.24,3446.94,2614.3,43.13,1778.27,0,28
36,CN-00036,ERP-PROV-MX-036-A,Gourmet Cafe Grano,inferido,T020,fisico,38.0,12037.13,7155.62,4881.51,40.55,3221.22,0,31
10,CN-00010,ERP-PROV-MX-010-D,Descafeinado Cafe Grano,explicito,T004,fisico,25.0,9004.3,4338.58,4665.72,51.82,3423.75,0,27
56,CN-00056,ERP-PROV-MX-056-C,Empanada Panaderia,explicito,T014,fisico,52.0,856.42,409.75,446.67,52.16,328.54,0,33
9,CN-00009,ERP-PROV-MX-009-B,Termo Mercancia,explicito,T015,fisico,38.0,23332.58,9949.78,13382.8,57.36,10164.51,0,29
39,CN-00039,ERP-PROV-MX-039-B,Taza Mercancia,explicito,T019,fisico,42.0,33449.69,19444.36,14005.33,41.87,9391.58,0,29
8,CN-00008,ERP-PROV-MX-008-C,Empanada Panaderia,explicito,T021,fisico,44.0,1691.71,917.07,774.64,45.79,541.3,0,28
19,CN-00019,ERP-PROV-MX-019-D,Gourmet Cafe Molido,explicito,T005,fisico,18.0,4970.97,2689.59,2281.38,45.89,1595.73,0,15
28,CN-00028,ERP-PROV-MX-028-D,Selección Cafe Molido,explicito,T034,fisico,47.0,18100.9,9485.04,8615.86,47.6,6119.18,0,27
65,CN-00065,ERP-PROV-MX-065-D,Estándar Cafe Molido,explicito,T007,fisico,51.0,10265.93,5227.81,5038.12,49.08,3622.13,0,32
70,CN-00070,ERP-PROV-MX-070-D,Molinillo Mercancia,explicito,T009,fisico,34.0,12842.27,7916.53,4925.74,38.36,3154.39,0,27
32,CN-00032,ERP-PROV-MX-032-D,Americano Cafe Grano,explicito,T032,fisico,49.0,4896.6,2355.43,2541.17,51.9,1865.78,0,25
11,CN-00011,ERP-PROV-MX-011-C,Bolillo Panaderia,inferido,T018,fisico,49.0,1409.37,642.69,766.68,54.4,572.28,0,39
70,CN-00070,ERP-PROV-MX-070-D,Molinillo Mercancia,explicito,T016,fisico,67.0,25256.5,15962.0,9294.5,36.8,5810.84,0,41
70,CN-00070,ERP-PROV-MX-070-D,Molinillo Mercancia,explicito,T023,fisico,35.0,13179.52,8318.05,4861.47,36.89,3043.61,0,25
11,CN-00011,ERP-PROV-MX-011-C,Bolillo Panaderia,inferido,T012,fisico,34.0,975.1,440.81,534.29,54.79,399.79,0,23
56,CN-00056,ERP-PROV-MX-056-C,Empanada Panaderia,explicito,T004,fisico,44.0,716.9,350.46,366.44,51.11,267.56,0,36
28,CN-00028,ERP-PROV-MX-028-D,Selección Cafe Molido,explicito,T027,fisico,45.0,17211.09,9318.02,7893.07,45.86,5519.13,0,36
20,CN-00020,ERP-PROV-MX-020-C,Taza Mercancia,explicito,T014,fisico,29.0,17430.15,7389.9,10040.25,57.6,7636.09,0,20
11,CN-00011,ERP-PROV-MX-011-C,Bolillo Panaderia,inferido,T020,fisico,49.0,1393.12,671.62,721.5,51.79,529.35,0,29
39,CN-00039,ERP-PROV-MX-039-B,Taza Mercancia,explicito,T028,fisico,41.0,32597.51,18936.78,13660.73,41.91,9164.52,0,28
16,CN-00016,ERP-PROV-MX-016-C,Quiche Comida Caliente,inferido,T039,fisico,30.0,2580.57,1303.29,1277.28,49.5,921.34,0,20
11,CN-00011,ERP-PROV-MX-011-C,Bolillo Panaderia,inferido,T004,fisico,40.0,1152.31,534.99,617.32,53.57,458.38,0,33
69,CN-00069,ERP-PROV-MX-069-C,Estándar Cafe Grano,explicito,T040,fisico,56.0,20267.22,10815.0,9452.22,46.64,6656.74,0,36
57,CN-00057,ERP-PROV-MX-057-C,Premium Cafe Grano,explicito,T031,fisico,34.0,6337.91,3086.16,3251.75,51.31,2377.56,0,21
59,CN-00059,ERP-PROV-MX-059-B,Orgánico Cafe Grano,explicito,T006,fisico,40.0,10240.42,7163.52,3076.9,30.05,1664.43,0,29
62,CN-00062,ERP-PROV-MX-062-B,Wrap Comida Caliente,explicito,T019,fisico,37.0,6134.29,2821.73,3312.56,54.0,2466.45,0,31
6,CN-00006,ERP-PROV-MX-006-C,Estándar Cafe Grano,inferido,T007,fisico,48.0,9592.72,4991.11,4601.61,47.97,3278.48,0,27
16,CN-00016,ERP-PROV-MX-016-C,Quiche Comida Caliente,inferido,T001,fisico,45.0,3865.43,1942.89,1922.54,49.74,1389.38,0,31
12,CN-00012,ERP-PROV-MX-012-B,Sándwich Comida Caliente,explicito,T023,fisico,55.0,7369.69,3161.81,4207.88,57.1,3191.37,0,34
2,CN-00002,ERP-PROV-MX-002-B,Sándwich Comida Caliente,explicito,T021,fisico,35.0,4568.78,5878.21,-1309.43,-28.66,-1939.61,22,22
67,CN-00067,ERP-PROV-MX-067-C,Premium Cafe Molido,explicito,T029,fisico,47.0,13893.93,7806.31,6087.62,43.81,4171.22,0,33
59,CN-00059,ERP-PROV-MX-059-B,Orgánico Cafe Grano,explicito,T031,fisico,50.0,12826.74,8987.82,3838.92,29.93,2069.71,0,28
33,CN-00033,ERP-PROV-MX-033-D,Especial Cafe Molido,explicito,T037,fisico,37.0,9802.85,5661.59,4141.26,42.25,2789.14,0,22
51,CN-00051,ERP-PROV-MX-051-C,Termo Mercancia,explicito,T019,fisico,33.0,15971.45,7696.16,8275.29,51.81,6072.33,0,27
61,CN-00061,ERP-PROV-MX-061-D,Descafeinado Cafe Molido,explicito,T013,fisico,31.0,9237.2,5120.11,4117.09,44.57,2842.99,0,22
69,CN-00069,ERP-PROV-MX-069-C,Estándar Cafe Grano,explicito,T013,fisico,62.0,22601.19,11816.71,10784.48,47.72,7667.07,0,35
5,CN-00005,ERP-PROV-MX-005-C,Croissant Panaderia,explicito,T027,fisico,40.0,821.71,519.22,302.49,36.81,189.15,0,32
30,CN-00030,ERP-PROV-MX-030-C,Molinillo Mercancia,explicito,T035,fisico,49.0,10963.89,5489.62,5474.27,49.93,3962.01,0,31
37,CN-00037,ERP-PROV-MX-037-C,Tradicional Cafe Molido,explicito,T001,fisico,42.0,9433.6,5144.23,4289.37,45.47,2988.18,0,35
46,CN-00046,ERP-PROV-MX-046-A,Termo Mercancia,inferido,T034,fisico,36.0,19270.53,8364.26,10906.27,56.6,8248.27,0,24
5,CN-00005,ERP-PROV-MX-005-C,Croissant Panaderia,explicito,T026,fisico,56.0,1133.48,728.65,404.83,35.72,248.49,0,37
51,CN-00051,ERP-PROV-MX-051-C,Termo Mercancia,explicito,T020,fisico,60.0,28838.16,14122.2,14715.96,51.03,10738.28,0,33
58,CN-00058,ERP-PROV-MX-058-A,Chai Bebidas,explicito,T034,fisico,33.0,2540.44,893.77,1646.67,64.82,1296.26,0,20
48,CN-00048,ERP-PROV-MX-048-C,Bolillo Panaderia,explicito,T019,fisico,43.0,1064.8,407.55,657.25,61.73,510.38,0,38
29,CN-00029,ERP-PROV-MX-029-C,Termo Mercancia,explicito,T010,fisico,57.0,35738.27,17311.98,18426.29,51.56,13496.87,0,35
64,CN-00064,ERP-PROV-MX-064-C,Frappé Bebidas,explicito,T017,fisico,47.0,3958.14,1441.36,2516.78,63.58,1970.83,0,34
15,CN-00015,ERP-PROV-MX-015-D,Especial Cafe Molido,explicito,T008,fisico,44.0,15937.76,20897.6,-4959.84,-31.12,-7158.15,27,27
29,CN-00029,ERP-PROV-MX-029-C,Termo Mercancia,explicito,T007,fisico,45.0,27829.38,13961.66,13867.72,49.83,10029.18,0,29
48,CN-00048,ERP-PROV-MX-048-C,Bolillo Panaderia,explicito,T030,fisico,44.0,1090.25,416.67,673.58,61.78,523.2,0,31
1,CN-00001,ERP-PROV-MX-001-A,Sándwich Comida Caliente,inferido,T003,fisico,37.0,2732.4,3108.0,-375.6,-13.75,-752.48,30,30
38,CN-00038,ERP-PROV-MX-038-A,Selección Cafe Grano,explicito,T025,fisico,43.0,14620.7,10018.08,4602.62,31.48,2585.97,0,28
45,CN-00045,ERP-PROV-MX-045-D,Especial Cafe Grano,explicito,T012,fisico,45.0,4486.71,2935.11,1551.6,34.58,932.74,0,30
24,CN-00024,ERP-PROV-MX-024-A,Americano Cafe Molido,explicito,T010,fisico,37.0,11987.96,7958.41,4029.55,33.61,2376.04,0,28
26,CN-00026,ERP-PROV-MX-026-A,Premium Cafe Molido,inferido,T012,fisico,36.0,5627.73,3164.48,2463.25,43.77,1687.01,0,28
60,CN-00060,ERP-PROV-MX-060-A,Espresso Cafe Grano,explicito,T033,fisico,42.0,8305.44,5277.65,3027.79,36.46,1882.21,0,36
39,CN-00039,ERP-PROV-MX-039-B,Taza Mercancia,explicito,T021,fisico,37.0,29573.08,17010.52,12562.56,42.48,8483.51,0,26
65,CN-00065,ERP-PROV-MX-065-D,Estándar Cafe Molido,explicito,T021,fisico,37.0,7414.47,3792.82,3621.65,48.85,2598.96,0,27
17,CN-00017,ERP-PROV-MX-017-B,Quiche Comida Caliente,explicito,T021,fisico,32.0,5197.29,2545.77,2651.52,51.02,1934.65,0,28
65,CN-00065,ERP-PROV-MX-065-D,Estándar Cafe Molido,explicito,T012,fisico,48.0,9708.61,4927.6,4781.01,49.25,3441.89,0,34
8,CN-00008,ERP-PROV-MX-008-C,Empanada Panaderia,explicito,T019,fisico,38.0,1469.46,801.31,668.15,45.47,465.47,0,28
20,CN-00020,ERP-PROV-MX-020-C,Taza Mercancia,explicito,T013,fisico,47.0,28285.35,11941.82,16343.53,57.78,12442.1,0,34
68,CN-00068,ERP-PROV-MX-068-C,Croissant Panaderia,explicito,T030,fisico,60.0,2324.18,936.12,1388.06,59.72,1067.48,0,31
9,CN-00009,ERP-PROV-MX-009-B,Termo Mercancia,explicito,T025,fisico,48.0,29580.99,12494.77,17086.22,57.76,13006.08,0,29
65,CN-00065,ERP-PROV-MX-065-D,Estándar Cafe Molido,explicito,T033,fisico,39.0,7948.14,3996.89,3951.25,49.71,2854.95,0,24
56,CN-00056,ERP-PROV-MX-056-C,Empanada Panaderia,explicito,T018,fisico,41.0,670.64,326.8,343.84,51.27,251.34,0,29
61,CN-00061,ERP-PROV-MX-061-D,Descafeinado Cafe Molido,explicito,T024,fisico,53.0,15756.05,8767.75,6988.3,44.35,4815.05,0,36
41,CN-00041,ERP-PROV-MX-041-D,Gourmet Cafe Molido,inferido,T030,fisico,40.0,3098.07,1784.59,1313.48,42.4,886.16,0,34
57,CN-00057,ERP-PROV-MX-057-C,Premium Cafe Grano,explicito,T008,fisico,44.0,8203.61,4013.38,4190.23,51.08,3058.7,0,32
2,CN-00002,ERP-PROV-MX-002-B,Sándwich Comida Caliente,explicito,T016,fisico,54.0,7065.79,9105.64,-2039.85,-28.87,-3014.44,29,29
14,CN-00014,ERP-PROV-MX-014-D,Descafeinado Cafe Grano,explicito,T035,fisico,63.0,21739.75,13426.99,8312.76,38.24,5314.17,0,42
13,CN-00013,ERP-PROV-MX-013-B,Selección Cafe Molido,explicito,T021,fisico,31.0,6107.49,4277.83,1829.66,29.96,987.25,0,25
37,CN-00037,ERP-PROV-MX-037-C,Tradicional Cafe Molido,explicito,T005,fisico,16.0,3590.66,1919.39,1671.27,46.54,1176.01,0,17
4,CN-00004,ERP-PROV-MX-004-B,Prensa Francesa Mercancia,explicito,T034,fisico,38.0,26543.34,10245.7,16297.64,61.4,12636.49,0,27
14,CN-00014,ERP-PROV-MX-014-D,Descafeinado Cafe Grano,explicito,T027,fisico,59.0,20280.6,12533.5,7747.1,38.2,4949.78,0,39
59,CN-00059,ERP-PROV-MX-059-B,Orgánico Cafe Grano,explicito,T040,fisico,39.0,9887.23,7043.62,2843.61,28.76,1479.85,0,26
13,CN-00013,ERP-PROV-MX-013-B,Selección Cafe Molido,explicito,T014,fisico,31.0,6188.73,4312.98,1875.75,30.31,1022.13,0,25
62,CN-00062,ERP-PROV-MX-062-B,Wrap Comida Caliente,explicito,T022,fisico,40.0,6654.9,3037.54,3617.36,54.36,2699.44,0,28
2,CN-00002,ERP-PROV-MX-002-B,Sándwich Comida Caliente,explicito,T023,fisico,45.0,5940.84,7635.09,-1694.25,-28.52,-2513.68,26,26
51,CN-00051,ERP-PROV-MX-051-C,Termo Mercancia,explicito,T017,fisico,73.0,35096.86,17215.83,17881.03,50.95,13040.08,0,41
54,CN-00054,ERP-PROV-MX-054-B,Espresso Cafe Molido,explicito,T036,fisico,54.0,6189.2,3079.12,3110.08,50.25,2256.4,0,35
50,CN-00050,ERP-PROV-MX-050-A,Chai Bebidas,explicito,T035,fisico,33.0,2994.54,1360.94,1633.6,54.55,1220.56,0,26
4,CN-00004,ERP-PROV-MX-004-B,Prensa Francesa Mercancia,explicito,T014,fisico,41.0,28215.02,10897.95,17317.07,61.38,13425.34,0,25
5,CN-00005,ERP-PROV-MX-005-C,Croissant Panaderia,explicito,T018,fisico,42.0,858.33,548.56,309.77,36.09,191.38,0,27
55,CN-00055,ERP-PROV-MX-055-C,Termo Mercancia,explicito,T005,fisico,38.0,23770.82,11024.57,12746.25,53.62,9467.52,0,30
60,CN-00060,ERP-PROV-MX-060-A,Espresso Cafe Grano,explicito,T018,fisico,53.0,10402.74,6655.78,3746.96,36.02,2312.1,0,36
22,CN-00022,ERP-PROV-MX-022-A,Ensalada Comida Caliente,explicito,T026,fisico,44.0,7466.91,4233.09,3233.82,43.31,2203.9,0,25
26,CN-00026,ERP-PROV-MX-026-A,Premium Cafe Molido,inferido,T027,fisico,26.0,4042.28,2297.92,1744.36,43.15,1186.8,0,25
27,CN-00027,ERP-PROV-MX-027-B,Latte Bebidas,explicito,T023,fisico,37.0,3333.99,1239.98,2094.01,62.81,1634.15,0,34
18,CN-00018,ERP-PROV-MX-018-A,Tradicional Cafe Molido,explicito,T002,fisico,40.0,9511.57,5219.35,4292.22,45.13,2980.28,0,23
42,CN-00042,ERP-PROV-MX-042-A,Quiche Comida Caliente,explicito,T031,fisico,28.0,2461.84,1093.5,1368.34,55.58,1028.78,0,22
32,CN-00032,ERP-PROV-MX-032-D,Americano Cafe Grano,explicito,T002,fisico,33.0,3277.86,1562.97,1714.89,52.32,1262.77,0,27
27,CN-00027,ERP-PROV-MX-027-B,Latte Bebidas,explicito,T021,fisico,46.0,4131.37,1515.68,2615.69,63.31,2045.85,0,28
19,CN-00019,ERP-PROV-MX-019-D,Gourmet Cafe Molido,explicito,T028,fisico,28.0,7617.31,4069.29,3548.02,46.58,2497.36,0,25
40,CN-00040,ERP-PROV-MX-040-A,Chocolate Bebidas,explicito,T028,fisico,56.0,2984.59,960.16,2024.43,67.83,1612.76,0,37
11,CN-00011,ERP-PROV-MX-011-C,Bolillo Panaderia,inferido,T036,fisico,33.0,940.34,447.55,492.79,52.41,363.09,0,28
40,CN-00040,ERP-PROV-MX-040-A,Chocolate Bebidas,explicito,T032,fisico,67.0,3581.23,1147.94,2433.29,67.95,1939.33,0,36
2,CN-00002,ERP-PROV-MX-002-B,Sándwich Comida Caliente,explicito,T031,fisico,62.0,8144.78,10484.15,-2339.37,-28.72,-3462.79,36,36
7,CN-00007,ERP-PROV-MX-007-D,Selección Cafe Grano,explicito,T011,fisico,28.0,7056.46,5555.56,1500.9,21.27,527.6,0,23
12,CN-00012,ERP-PROV-MX-012-B,Sándwich Comida Caliente,explicito,T005,fisico,50.0,6741.32,2869.51,3871.81,57.43,2941.97,0,33
37,CN-00037,ERP-PROV-MX-037-C,Tradicional Cafe Molido,explicito,T036,fisico,35.0,7793.74,4260.31,3533.43,45.34,2458.43,0,24
62,CN-00062,ERP-PROV-MX-062-B,Wrap Comida Caliente,explicito,T007,fisico,40.0,6651.09,3032.37,3618.72,54.41,2701.33,0,22
67,CN-00067,ERP-PROV-MX-067-C,Premium Cafe Molido,explicito,T027,fisico,40.0,11762.52,6551.6,5210.92,44.3,3588.5,0,28
57,CN-00057,ERP-PROV-MX-057-C,Premium Cafe Grano,explicito,T025,fisico,34.0,6380.63,3061.6,3319.03,52.02,2438.94,0,23
54,CN-00054,ERP-PROV-MX-054-B,Espresso Cafe Molido,explicito,T017,fisico,48.0,5488.84,2729.37,2759.47,50.27,2002.39,0,30
67,CN-00067,ERP-PROV-MX-067-C,Premium Cafe Molido,explicito,T019,fisico,50.0,14646.18,8182.98,6463.2,44.13,4443.04,0,22
14,CN-00014,ERP-PROV-MX-014-D,Descafeinado Cafe Grano,explicito,T014,fisico,42.0,14572.04,8976.75,5595.29,38.4,3585.35,0,31
40,CN-00040,ERP-PROV-MX-040-A,Chocolate Bebidas,explicito,T020,fisico,33.0,1751.54,574.2,1177.34,67.22,935.75,0,26
17,CN-00017,ERP-PROV-MX-017-B,Quiche Comida Caliente,explicito,T012,fisico,41.0,6633.01,3300.05,3332.96,50.25,2418.06,0,25
47,CN-00047,ERP-PROV-MX-047-B,Filtros Mercancia,explicito,T020,fisico,42.0,20723.54,13376.16,7347.38,35.45,4488.96,0,34
53,CN-00053,ERP-PROV-MX-053-A,Sándwich Comida Caliente,explicito,T007,fisico,52.0,7166.81,4035.36,3131.45,43.69,2142.92,0,26
51,CN-00051,ERP-PROV-MX-051-C,Termo Mercancia,explicito,T005,fisico,43.0,21057.11,10039.98,11017.13,52.32,8112.7,0,20
26,CN-00026,ERP-PROV-MX-026-A,Premium Cafe Molido,inferido,T020,fisico,35.0,5424.64,3071.95,2352.69,43.37,1604.46,0,23
69,CN-00069,ERP-PROV-MX-069-C,Estándar Cafe Grano,explicito,T004,fisico,32.0,11677.01,6098.37,5578.64,47.77,3968.02,0,24
4,CN-00004,ERP-PROV-MX-004-B,Prensa Francesa Mercancia,explicito,T006,fisico,32.0,21910.31,8479.22,13431.09,61.3,10408.98,0,25
12,CN-00012,ERP-PROV-MX-012-B,Sándwich Comida Caliente,explicito,T035,fisico,45.0,5944.44,2540.62,3403.82,57.26,2583.9,0,29
4,CN-00004,ERP-PROV-MX-004-B,Prensa Francesa Mercancia,explicito,T031,fisico,50.0,34534.09,13277.06,21257.03,61.55,16493.71,0,23
5,CN-00005,ERP-PROV-MX-005-C,Croissant Panaderia,explicito,T007,fisico,57.0,1160.83,749.8,411.03,35.41,250.92,0,35
10,CN-00010,ERP-PROV-MX-010-D,Descafeinado Cafe Grano,explicito,ECOMMERCE,ecommerce,422.0,158511.36,72736.47,85774.89,54.11,63911.26,0,309
19,CN-00019,ERP-PROV-MX-019-D,Gourmet Cafe Molido,explicito,ECOMMERCE,ecommerce,399.0,113357.27,58360.41,54996.86,48.52,39361.37,0,304
6,CN-00006,ERP-PROV-MX-006-C,Estándar Cafe Grano,inferido,ECOMMERCE,ecommerce,397.0,83328.37,39521.79,43806.58,52.57,32313.02,0,303
43,CN-00043,ERP-PROV-MX-043-A,Filtros Mercancia,explicito,ECOMMERCE,ecommerce,396.0,76645.04,34018.18,42626.86,55.62,32055.13,0,295
